Customer_ID,Customer_Name,Segment,Region,City,Signup_Date
C0001,Mikayla Murphy,Corporate,East,Lake Edwardhaven,16-12-2023
C0002,Jon Townsend,Home Office,South,East Thomas,20-06-2024
C0003,Robert Miller,Consumer,West,Wintersport,27-03-2023
C0004,Thomas Cruz,Home Office,West,Peterston,28-10-2024
C0005,Gina Sawyer,Home Office,South,New Patrickville,19-03-2022
C0006,Jordan Berger,Home Office,East,East Brian,13-08-2024
C0007,Allen Watson,Corporate,North,West Thomasborough,02-09-2023
C0008,Steven Howell,Corporate,East,New Davidfurt,01-08-2023
C0009,Joel Brown,Consumer,West,Katieborough,05-04-2025
C0010,Taylor Bennett,Home Office,East,Chapmanton,25-11-2025
C0011,Steven Matthews,Corporate,West,Cohenfort,14-03-2023
C0012,Melanie Grant,Corporate,South,Port Melanie,02-11-2025
C0013,Gary White,Home Office,West,Marybury,03-03-2025
C0014,Robin Johns,Home Office,South,Taylorshire,30-08-2023
C0015,Eric Vargas,Home Office,North,Cynthiashire,13-06-2021
C0016,Alex Murray,Corporate,East,South Joseph,20-02-2025
C0017,Jacob Osborne,Consumer,South,Port Arthurland,02-03-2022
C0018,Jason Allen,Home Office,East,New Cynthiafurt,02-02-2023
C0019,Nancy Gill,Consumer,South,Russellburgh,27-09-2024
C0020,John Lee,Consumer,North,Port David,03-03-2024
C0021,David Coleman,Consumer,South,Philipmouth,11-06-2025
C0022,Christie Jones,Corporate,North,West Sarahview,23-10-2025
C0023,Leslie Perry,Corporate,West,Brandonside,24-09-2024
C0024,Daniel White,Home Office,South,Johnathanshire,10-07-2023
C0025,Sergio Brown,Home Office,West,Tinashire,01-10-2024
C0026,James Farrell,Corporate,West,Thomasside,10-12-2021
C0027,Howard Martin,Consumer,South,Lisaberg,23-02-2024
C0028,Melissa Wilson,Home Office,North,Gonzalezshire,20-12-2022
C0029,Jeffrey Brown,Consumer,West,Curtisfort,14-07-2025
C0030,Emily Sherman,Consumer,South,Timothyfort,02-07-2023
C0031,Heather Murray,Home Office,West,North Jennifer,22-08-2021
C0032,Maria Johnson,Consumer,South,Morganville,10-10-2022
C0033,Aaron Burgess,Consumer,West,South Seanside,12-02-2024
C0034,Elizabeth Castro,Consumer,West,Townsendton,19-01-2024
C0035,Victoria Smith,Home Office,East,Port Justinside,14-10-2023
C0036,Tonya Schultz,Corporate,West,Aaronmouth,06-05-2026
C0037,Kenneth Leblanc,Home Office,West,Mathisside,28-04-2024
C0038,Jack Padilla,Consumer,West,North Erik,01-08-2024
C0039,Jessica Skinner,Corporate,East,Lake Jeffrey,02-10-2024
C0040,Hannah Gonzalez,Consumer,East,South Phillip,09-04-2024
C0041,Mark Cross,Home Office,West,Longchester,13-07-2024
C0042,Vicki Barnes,Home Office,South,North Brittanyfort,12-07-2025
C0043,Sarah Wood,Corporate,West,Lake Joseph,19-12-2023
C0044,Patrick Camacho,Consumer,East,Tammymouth,04-12-2021
C0045,Stephanie Russell,Consumer,East,Lopezborough,27-12-2025
C0046,Jason Gonzalez,Corporate,East,Marquezstad,25-11-2024
C0047,Steven Barber,Home Office,North,South Christianville,03-12-2025
C0048,Jasmine Moore,Consumer,South,East Jacob,01-04-2024
C0049,Miranda Kramer,Consumer,West,West Elizabeth,31-05-2024
C0050,Robert Blankenship,Home Office,South,Dakotashire,25-12-2021
C0051,Jessica Jackson,Home Office,South,South Bethany,29-07-2024
C0052,Bryan Gutierrez,Consumer,West,Blankenshipberg,24-10-2025
C0053,Matthew Martin,Corporate,East,Mooremouth,19-11-2021
C0054,Vincent Tucker,Home Office,West,West Kaylee,01-08-2022
C0055,James Horn,Corporate,North,South Samuel,25-04-2026
C0056,Lucas Blackwell,Consumer,West,Port Tyler,05-02-2024
C0057,Melissa Kelly,Corporate,North,Aliciamouth,25-04-2023
C0058,Jeffrey Porter,Home Office,West,North Lucas,21-01-2022
C0059,Bruce Mcguire,Corporate,North,East Carlos,09-12-2021
C0060,Jennifer Nunez,Corporate,East,Johnborough,10-01-2024
C0061,April Haynes,Corporate,West,Samanthafort,07-06-2024
C0062,Travis Howard,Home Office,South,New Lisa,16-03-2023
C0063,Brandon Mitchell,Corporate,South,New Steven,18-12-2022
C0064,Steven Burton,Corporate,West,New Colleenbury,23-01-2022
C0065,Jeremy Garrett,Corporate,North,Williamsmouth,19-09-2024
C0066,Katie Garcia,Corporate,East,West Alicia,19-08-2023
C0067,Cory Koch,Home Office,West,Williamsbury,13-12-2025
C0068,David Ruiz,Home Office,South,New Kevin,27-11-2021
C0069,Cindy Odonnell,Corporate,South,Millershire,09-04-2022
C0070,Paula Hurley,Home Office,North,Lake Glenda,26-07-2025
C0071,Michael Olson,Corporate,North,Hoffmanbury,28-10-2023
C0072,Krista Lewis,Consumer,West,Port Joe,09-09-2025
C0073,Daniel Oliver,Consumer,West,Barreraside,14-07-2024
C0074,Jeffrey Gomez,Consumer,North,Perezfort,13-11-2024
C0075,Sarah Harding,Corporate,West,Taylorside,08-06-2022
C0076,Christine Smith,Corporate,South,Charlesview,30-08-2025
C0077,Adrian Burke,Corporate,East,North Saraview,21-05-2021
C0078,Arthur Taylor,Corporate,West,Scotttown,18-05-2024
C0079,Thomas Gonzalez,Corporate,West,South Calvinmouth,12-10-2022
C0080,David Williams,Corporate,North,Silvaville,27-05-2023
C0081,Sean Johnson,Corporate,North,Lake Bradleytown,04-10-2024
C0082,Cynthia Browning,Home Office,North,Port Michaelburgh,20-12-2024
C0083,Charles Morgan,Corporate,South,West Ronniebury,15-04-2025
C0084,Carol Thompson,Home Office,North,Lake Richardbury,21-09-2024
C0085,Michael Reynolds,Home Office,North,Kylemouth,20-06-2022
C0086,Johnny Henry,Consumer,South,North Kathy,24-06-2024
C0087,Nathan Ortega,Consumer,North,Juliehaven,16-01-2026
C0088,Natasha Gray,Home Office,South,New Valerieberg,18-12-2021
C0089,Brendan Collins,Consumer,South,Lawsonside,11-08-2025
C0090,Eric Brown,Corporate,North,New Jane,10-09-2022
C0091,Brian Morrison,Home Office,South,Amystad,10-06-2022
C0092,Natalie Miller,Corporate,East,West Ashley,27-02-2025
C0093,Anne Griffin,Corporate,South,Merrittstad,18-02-2025
C0094,Dr. Ryan Perez,Home Office,North,North Kaylee,03-11-2022
C0095,Jerome Gilbert,Consumer,East,East Josephton,08-01-2026
C0096,Tammy Gray,Consumer,North,Tylerside,02-09-2022
C0097,Mia Griffith,Corporate,West,Irwinfurt,12-11-2022
C0098,Amy Leonard,Corporate,South,Patrickhaven,25-02-2025
C0099,Grant Booth,Consumer,South,Tiffanychester,28-10-2024
C0100,Henry Murphy,Consumer,East,New Tonyaside,10-08-2025
C0101,Lisa Smith,Home Office,North,Powellshire,01-10-2021
C0102,Jerome Moss,Home Office,North,Josephfort,30-05-2022
C0103,Marcus Mendoza,Corporate,West,Vanessastad,05-02-2026
C0104,Jessica Lopez,Home Office,East,Lake Sheilaside,07-10-2023
C0105,Michael Goodwin,Consumer,East,New Patrick,19-12-2025
C0106,John Ortiz,Consumer,West,Lake Garyfort,30-04-2026
C0107,Lisa Castro,Corporate,North,Reginafurt,11-11-2021
C0108,Laura Galloway,Corporate,East,Port Cassieburgh,30-04-2025
C0109,Jill Wolfe,Home Office,West,South Stefanieport,03-10-2023
C0110,Victoria Ortiz,Home Office,South,Hunterbury,23-07-2024
C0111,Victoria Nguyen DDS,Corporate,South,New Madisonfurt,01-10-2022
C0112,Robert Davis,Home Office,East,Port Christinashire,01-01-2022
C0113,Tara Holloway,Home Office,West,South Jasminport,16-09-2025
C0114,Matthew Keller,Corporate,West,Port Susanmouth,28-09-2021
C0115,Ian Ayala,Home Office,East,Lake Lynnchester,12-10-2022
C0116,Sylvia Price,Corporate,South,Debbieberg,09-09-2024
C0117,Michael Mosley,Consumer,East,Danielhaven,26-01-2026
C0118,Caroline Williams,Corporate,South,West Karen,18-10-2022
C0119,Christina Bean,Corporate,West,New Mariaborough,13-12-2024
C0120,Kim Hanson,Corporate,North,Port Miketown,15-02-2026
C0121,Alex Shepard,Corporate,East,Robertberg,20-06-2022
C0122,Sharon Robinson,Consumer,West,Port Ashleymouth,20-06-2024
C0123,Richard Clark,Consumer,East,Helenstad,28-03-2022
C0124,Nancy Elliott,Corporate,East,Elizabethview,20-11-2021
C0125,Patricia Delacruz,Corporate,East,New Christopher,12-06-2024
C0126,Carl Franklin,Home Office,North,Cobbburgh,03-03-2026
C0127,Joseph Smith,Home Office,South,Fieldsside,08-11-2025
C0128,Pamela Foley,Consumer,South,North Jesuschester,04-06-2022
C0129,Jessica Reed,Home Office,West,Blackland,15-12-2023
C0130,Adam Anderson,Corporate,South,Melanieberg,21-01-2023
C0131,Melissa Webster,Home Office,West,South Jessicaton,25-11-2022
C0132,Molly Buckley,Home Office,West,Port Rebecca,20-06-2025
C0133,Laurie Hernandez,Corporate,North,East Kellyhaven,08-10-2024
C0134,Alyssa Wright,Consumer,East,Beckymouth,11-02-2024
C0135,James Hartman,Consumer,West,Barrettstad,10-07-2023
C0136,Ms. Beverly Gonzalez,Home Office,South,East Lauren,28-07-2025
C0137,Trevor Buchanan,Corporate,East,Lake Isaac,27-01-2024
C0138,Tracy Collins,Corporate,East,Marquezfurt,06-10-2022
C0139,Suzanne Floyd,Corporate,East,Wileyville,23-08-2023
C0140,Jennifer Horn,Corporate,West,Johnshire,28-06-2025
C0141,Stanley Collins,Corporate,East,New Melanie,10-05-2026
C0142,Mary Jones,Corporate,South,Patriciaside,24-06-2025
C0143,Sheena Rodriguez,Consumer,South,East Christopher,29-01-2024
C0144,David Hayes,Corporate,North,South Josephshire,02-03-2025
C0145,Lisa Miller,Home Office,South,South David,30-09-2022
C0146,Christopher Johnson,Consumer,South,Mezaborough,28-01-2026
C0147,Kathryn Lowe,Home Office,West,Fergusonchester,06-07-2024
C0148,Richard Harris,Corporate,East,Derekburgh,12-03-2023
C0149,Sara Underwood,Consumer,South,Trevormouth,26-01-2024
C0150,Ronald Sanchez,Corporate,South,Johnview,11-10-2022
C0151,Cheryl Woods,Corporate,South,Lake Ruth,18-02-2025
C0152,Laura Shannon,Corporate,North,North Kathrynport,12-10-2022
C0153,Daisy Kennedy,Home Office,South,West Keithmouth,06-02-2026
C0154,Anthony Vasquez,Corporate,North,South Christian,22-02-2024
C0155,Tanya Morris,Consumer,East,South Janet,30-05-2024
C0156,Corey Mckay,Home Office,South,Marshmouth,14-04-2022
C0157,Deanna Moore,Home Office,West,North Eric,22-04-2022
C0158,Lisa Morales,Consumer,North,South Laura,25-09-2021
C0159,Matthew Cowan,Home Office,East,Brownton,09-10-2024
C0160,Phillip Serrano,Corporate,West,South Margaretside,29-12-2024
C0161,Carol Crawford,Corporate,East,South Sara,01-08-2021
C0162,Laurie Frey,Consumer,North,Brendaview,16-03-2026
C0163,Kaitlyn Gregory,Corporate,West,New Michael,17-05-2025
C0164,Brian Richardson,Consumer,North,Scottton,20-07-2021
C0165,Justin Dixon,Corporate,West,North Elizabethmouth,23-06-2025
C0166,Ashley Montgomery,Consumer,North,Smithville,17-07-2023
C0167,Nicholas Day,Consumer,South,Riceburgh,26-11-2021
C0168,Derrick Atkins,Home Office,East,East Kristinchester,29-07-2025
C0169,Brittney Rowe,Consumer,South,New Phillip,11-01-2024
C0170,Christine Pratt,Consumer,West,Stacyton,29-04-2026
C0171,Nathan Conway,Home Office,South,Lake Thomas,04-12-2021
C0172,James Marquez DDS,Home Office,West,Jeffreyberg,13-02-2025
C0173,Kimberly Wagner,Corporate,West,West Williambury,28-10-2021
C0174,Dr. Michael Smith MD,Corporate,West,Martinberg,29-04-2025
C0175,Sarah Dunn,Corporate,North,Sarahberg,21-01-2026
C0176,Amy Golden,Home Office,North,West Nicole,16-09-2023
C0177,Kimberly Bradley DVM,Consumer,South,Vazquezburgh,28-01-2024
C0178,Sharon Craig,Corporate,North,Joneschester,18-11-2022
C0179,Jacob Stevenson,Consumer,South,Samuelside,09-10-2023
C0180,Wendy Morris,Consumer,North,Owensport,02-03-2024
C0181,John Morris,Consumer,North,West Luisberg,29-03-2024
C0182,Rebecca Rodriguez,Corporate,West,North Veronicaside,18-02-2023
C0183,Dr. Sean Ellis MD,Home Office,West,Greenhaven,24-05-2022
C0184,Jeremy Diaz,Corporate,North,Angelachester,05-10-2021
C0185,Charles Williams,Consumer,East,Davidmouth,15-10-2022
C0186,Daniel Williams,Home Office,East,Whiteburgh,29-12-2025
C0187,Kathleen Moore,Home Office,West,Harrishaven,04-11-2025
C0188,Mitchell Bell,Consumer,South,Lake Barry,04-09-2021
C0189,Tonya Beasley,Corporate,South,Costaville,19-09-2021
C0190,Kristen Mills,Corporate,North,Scottmouth,16-01-2026
C0191,Micheal Gonzalez Jr.,Home Office,South,West Rickton,06-07-2023
C0192,Brett Rasmussen,Home Office,South,Lake Caroline,06-08-2021
C0193,Gregg Butler,Corporate,South,Juantown,13-04-2025
C0194,Curtis Webb,Consumer,North,North Kathleenmouth,31-12-2025
C0195,Jack Jordan,Consumer,East,Hammondberg,29-06-2023
C0196,Brenda Higgins,Home Office,East,Robinsonfort,07-11-2023
C0197,Katrina Thornton,Corporate,North,Gregorymouth,02-01-2023
C0198,Morgan Davis,Corporate,East,Kellyfurt,30-11-2023
C0199,Kevin Petty,Home Office,West,Port Stacey,19-03-2022
C0200,Brandon Sanchez,Corporate,West,Lisachester,12-05-2022
C0201,Vanessa Scott,Corporate,North,Kennethtown,30-12-2022
C0202,James West,Home Office,North,West Robertbury,26-04-2023
C0203,Erin Perry,Corporate,East,South Marcborough,03-04-2026
C0204,Michael Carter,Home Office,East,Michaelfort,19-11-2024
C0205,Mark Henderson,Consumer,North,New Amandashire,20-05-2025
C0206,Carrie Andrews,Consumer,North,Brycechester,01-08-2025
C0207,Nicholas Baldwin,Home Office,East,Austinshire,23-09-2024
C0208,Daniel Anderson,Home Office,North,East Chadview,27-11-2021
C0209,Anthony Cobb,Consumer,West,New Jenniferside,16-04-2026
C0210,Tony Hinton,Home Office,West,Kristyland,07-07-2024
C0211,Brittany Morris,Corporate,South,Martinezstad,26-01-2025
C0212,Mrs. Leslie Shaw,Home Office,West,Jessicastad,14-11-2023
C0213,Tyler Young,Home Office,West,Tammyville,26-04-2023
C0214,Tyler Baker,Consumer,West,Patelburgh,02-01-2025
C0215,Sheila Stuart,Corporate,West,Port Evanton,21-07-2024
C0216,Miranda Woods,Corporate,East,West Josephbury,11-02-2024
C0217,Erica Powell,Home Office,North,Beckerbury,06-03-2025
C0218,Patrick Burton,Consumer,East,Meghanburgh,23-05-2022
C0219,Joseph Williams,Corporate,West,Hernandezmouth,07-10-2025
C0220,Edward Bolton,Corporate,West,Ingramport,16-08-2021
C0221,April Smith,Home Office,North,Port Ginastad,14-03-2024
C0222,Nicole Davis,Corporate,North,Randallshire,19-05-2022
C0223,William Fleming,Corporate,East,Baileyland,20-06-2023
C0224,Kathleen Dougherty,Corporate,North,West Samantha,16-01-2023
C0225,Amanda Mitchell,Corporate,North,East Whitneychester,22-12-2021
C0226,Michael Taylor,Home Office,West,Sosaborough,18-10-2024
C0227,Angela Brown,Corporate,North,Sharonburgh,29-08-2021
C0228,Jason Allen,Consumer,East,Jacksonhaven,08-03-2026
C0229,Jennifer Patterson,Home Office,West,East Jackie,21-09-2022
C0230,Erica Ware,Home Office,West,North Johnathanfort,11-02-2025
C0231,Mr. Bryan Tran,Consumer,South,Port Anthonyfort,06-04-2026
C0232,Jason Rivera,Corporate,South,East Kevinstad,10-01-2023
C0233,Yolanda Lawson,Corporate,West,Port Lisa,24-01-2022
C0234,Mark Horn,Home Office,West,Jeremyville,09-08-2022
C0235,Karen Santana,Consumer,North,Johnsonshire,13-09-2025
C0236,Bianca Salinas,Home Office,South,Smithberg,13-05-2026
C0237,Kiara Smith,Home Office,South,Warnermouth,21-01-2025
C0238,Benjamin Rose,Corporate,North,Diazland,11-11-2022
C0239,Wendy Martinez,Home Office,West,Patrickmouth,09-04-2025
C0240,Mrs. April Moore,Consumer,South,Amyfurt,09-05-2024
C0241,Courtney Gardner,Consumer,West,Hollymouth,10-11-2021
C0242,Ian Campos,Consumer,South,South John,02-09-2023
C0243,Glenn Collins,Corporate,East,Port Victoria,07-01-2025
C0244,Courtney Sherman,Home Office,East,Deniseshire,30-07-2025
C0245,Jesse Zamora,Corporate,West,Dianeview,15-12-2021
C0246,Gloria Guzman,Corporate,South,North Melissa,19-07-2025
C0247,Timothy Sandoval,Corporate,South,New Michaelberg,25-04-2023
C0248,Stephanie Collins,Corporate,South,Jacksonberg,05-10-2021
C0249,Timothy Fisher,Home Office,South,South Sandra,26-07-2023
C0250,Justin Nelson,Consumer,East,East Pamela,26-09-2024
C0251,Matthew Wang,Corporate,East,West Kellyhaven,24-01-2024
C0252,Nicole Perez,Home Office,East,Leeborough,16-02-2025
C0253,Marvin Brown,Consumer,East,Danielleland,21-12-2025
C0254,David Johnson,Home Office,East,Jeffreymouth,08-11-2025
C0255,Tammy Mccoy,Home Office,West,Bobbyland,30-07-2024
C0256,Dawn Bell,Consumer,West,Lake Stevenside,18-09-2021
C0257,Aaron Willis,Home Office,West,Port Glenn,11-08-2022
C0258,Frances Haynes,Corporate,East,Delacruzburgh,22-11-2024
C0259,Vanessa Harmon,Home Office,West,South Cassandra,03-07-2023
C0260,Gina Williams,Corporate,East,North Hannah,21-02-2022
C0261,Brian Fritz,Consumer,South,West Ronald,26-05-2025
C0262,Bradley Kennedy,Home Office,West,East Bryan,12-06-2024
C0263,Jeffery Lozano,Consumer,West,Rodriguezfurt,08-02-2025
C0264,Brian Wilson,Consumer,East,Welchberg,10-09-2024
C0265,Jeffrey Lopez,Home Office,West,Adamston,03-10-2021
C0266,Charles Green,Home Office,West,Port Alyssaberg,27-11-2024
C0267,Margaret Riddle,Corporate,South,Mckenzieburgh,25-10-2021
C0268,Jason Rogers,Corporate,North,Gabriellemouth,19-12-2022
C0269,Molly Jordan,Consumer,East,West Maryland,18-08-2022
C0270,Jennifer Garcia,Consumer,West,North Teresaburgh,15-03-2024
C0271,Jodi Anderson,Consumer,West,West Zacharybury,15-03-2024
C0272,Virginia Hill,Consumer,South,Webbshire,08-02-2023
C0273,Billy Marshall,Corporate,South,Lake Susanchester,17-08-2022
C0274,Bryan Jenkins,Consumer,West,North Francis,26-10-2024
C0275,David Pratt,Corporate,East,East Dustin,31-03-2024
C0276,Gregory Hawkins,Home Office,West,East Zachary,08-02-2022
C0277,Mr. Ryan Edwards,Home Office,North,Port Dawnfort,17-09-2023
C0278,Jill Torres,Corporate,West,Robertmouth,08-08-2023
C0279,Lindsay Taylor,Corporate,West,Tannerland,16-09-2024
C0280,Brandy Morse,Home Office,North,Loritown,31-12-2024
C0281,Troy Arnold,Home Office,North,Port Autumnview,02-05-2026
C0282,Jennifer Hanson,Consumer,East,Kimshire,06-09-2023
C0283,Andrew Martinez,Consumer,North,West Sean,28-02-2023
C0284,Jeffrey Taylor,Corporate,North,East Bryan,03-10-2024
C0285,Carla Smith,Home Office,North,West Michael,17-09-2022
C0286,Lawrence Williams,Corporate,South,West Yolanda,01-10-2025
C0287,Alexa Villarreal,Home Office,East,Peterview,20-06-2023
C0288,Cameron Roberts,Consumer,North,Rushfort,18-06-2022
C0289,Timothy Lee,Corporate,North,South Kathryn,26-06-2021
C0290,Amber Williams,Corporate,East,Howefurt,11-04-2025
C0291,Sarah Hendricks,Corporate,West,Walkerbury,09-11-2024
C0292,Dr. Troy Martinez,Consumer,South,Millerport,27-01-2023
C0293,Adam James,Home Office,West,Bryanfort,25-08-2025
C0294,Shane Perry Jr.,Home Office,South,North Joseph,07-02-2024
C0295,Jamie Cunningham,Consumer,South,South Danielfort,15-01-2024
C0296,Melanie Bautista,Consumer,West,Lake Lance,15-08-2025
C0297,Christina Coleman,Home Office,South,Reginamouth,12-05-2023
C0298,Crystal Jimenez,Corporate,South,Richardside,02-07-2021
C0299,Meghan Robinson,Consumer,West,New Arthur,21-08-2021
C0300,Olivia Jackson,Home Office,East,New William,23-09-2024
C0301,Joy Webb,Corporate,East,Justinfort,21-05-2025
C0302,James Morris,Home Office,North,Gloriabury,06-01-2023
C0303,Sarah Serrano,Corporate,East,Morenoburgh,03-04-2025
C0304,Amanda Little,Home Office,South,Port Norman,07-04-2024
C0305,Laurie Hernandez,Consumer,West,Stephenborough,24-03-2024
C0306,Paul Jacobson,Corporate,East,West Daniel,13-08-2023
C0307,Shannon Poole,Home Office,West,East Johntown,30-10-2023
C0308,Matthew Williamson,Home Office,East,Christopherberg,02-02-2025
C0309,Phillip Lara,Corporate,East,West Taylor,08-05-2025
C0310,Mr. Dillon Atkinson,Consumer,West,Hannahview,07-11-2023
C0311,Paul Turner,Corporate,North,Lake Mistystad,10-10-2024
C0312,Aaron Fletcher,Consumer,West,North Carlaport,30-12-2023
C0313,Catherine Leach,Home Office,East,North Kenneth,02-10-2023
C0314,Sean Cook PhD,Home Office,East,South Kevinmouth,09-12-2023
C0315,Patrick Lozano,Home Office,East,Port Katherinetown,30-10-2023
C0316,Kyle Bishop,Consumer,West,New Thomas,16-07-2022
C0317,Jeremy Escobar,Corporate,North,Lake Ashley,22-12-2024
C0318,Christopher Alexander,Home Office,North,West Candice,20-05-2021
C0319,Matthew Jackson,Home Office,West,New Jomouth,13-01-2022
C0320,James Gordon,Corporate,South,Johnsonberg,05-03-2025
C0321,William Farley,Home Office,East,Longshire,15-11-2021
C0322,Rachel Daniels,Consumer,South,North Brittanyborough,19-06-2024
C0323,Hannah Morrison,Home Office,East,Samanthaberg,15-10-2025
C0324,Kristen Garcia,Home Office,South,East Linda,29-05-2024
C0325,Benjamin Collins,Home Office,North,Port Mikeside,24-11-2024
C0326,Billy Thomas,Home Office,North,Jenniferside,05-10-2024
C0327,Joel Simpson,Corporate,West,East Henrybury,12-03-2026
C0328,Michael Brown,Consumer,East,New Patricia,02-04-2024
C0329,Destiny Flores,Home Office,South,South Cynthia,12-11-2022
C0330,Deborah Young,Consumer,East,Robinsonbury,10-05-2025
C0331,Dr. John Patterson,Corporate,West,East Karen,11-08-2022
C0332,Chad Russell,Consumer,South,West Christopher,05-06-2022
C0333,Edgar Young,Consumer,East,Lake Johnburgh,27-06-2022
C0334,Tammy Sims,Home Office,East,South Jacob,02-02-2024
C0335,Marissa Perez,Consumer,East,Wrightchester,12-02-2026
C0336,Charles Adams,Corporate,East,Philipborough,30-06-2022
C0337,John Anderson,Home Office,East,New Yvonneberg,06-02-2024
C0338,Juan Ware,Consumer,West,Port Jessica,04-05-2023
C0339,Thomas Brown,Consumer,South,Sabrinastad,23-04-2023
C0340,Deborah Meyer,Consumer,West,Haydenmouth,26-04-2026
C0341,Cassandra Hill,Home Office,East,Rivasstad,10-04-2023
C0342,Amanda Smith,Consumer,West,Millerland,12-08-2025
C0343,William Reid,Consumer,East,North Breannabury,02-08-2022
C0344,Gary Kent,Home Office,North,Torresburgh,19-02-2026
C0345,Brooke Gonzalez,Corporate,East,Gutierrezhaven,12-02-2023
C0346,Linda Lin,Home Office,East,Lake Michael,29-04-2022
C0347,Gary Herrera MD,Home Office,West,North Laurieview,31-01-2024
C0348,Jeffrey Richardson,Home Office,East,Port Eileenview,24-07-2024
C0349,Noah James,Consumer,South,West Hectorstad,13-02-2024
C0350,Lisa Brown,Corporate,North,North Elizabeth,11-06-2021
C0351,Kimberly Gonzalez,Home Office,East,Jenniferfurt,04-01-2024
C0352,Jennifer Novak,Home Office,South,Sheppardshire,21-04-2025
C0353,Joel Parker,Home Office,North,Laurenside,01-10-2021
C0354,Kathryn Wheeler,Home Office,West,Gardnerland,27-05-2021
C0355,Sue Higgins,Home Office,East,Amberland,12-10-2021
C0356,Ronald Lambert,Home Office,West,Garyfort,13-01-2023
C0357,Juan Frazier,Consumer,South,Krystalhaven,15-12-2024
C0358,Michelle Barber,Consumer,North,West Shelby,02-12-2023
C0359,Jorge Sullivan DDS,Corporate,West,Davisland,27-01-2026
C0360,Kathryn Jones,Consumer,North,East Keithmouth,27-01-2024
C0361,Anthony Simmons,Consumer,South,Obrienburgh,07-07-2021
C0362,David Farmer,Corporate,West,North Kelsey,24-08-2023
C0363,Leslie Schneider,Corporate,West,South Anthony,15-09-2025
C0364,Kathleen Hall,Home Office,South,Morafurt,03-10-2022
C0365,Kimberly Price,Corporate,North,North Kimberly,23-01-2022
C0366,Brianna Young,Corporate,West,Lake Justin,14-01-2023
C0367,Eric Vasquez,Corporate,North,Emilytown,24-08-2023
C0368,Margaret Johnson,Home Office,East,North Mackenzie,06-12-2024
C0369,Luis Davis,Consumer,West,Grosstown,19-12-2022
C0370,Justin Keller,Corporate,South,South Elizabethburgh,05-08-2023
C0371,Laura Preston,Corporate,North,West Timothy,07-05-2022
C0372,Wendy Butler,Home Office,East,Walkerborough,11-10-2022
C0373,Virginia Underwood,Home Office,East,Port Christina,29-04-2025
C0374,Juan Wheeler,Consumer,West,Sotoside,04-12-2023
C0375,Jessica Freeman,Corporate,South,West Vincent,10-02-2026
C0376,Sandra Sutton,Consumer,West,East Nicolehaven,13-09-2022
C0377,Denise Hall,Consumer,South,West Johnfort,29-08-2022
C0378,John Bates,Home Office,North,Lake Lauraside,21-01-2025
C0379,Michelle Gallegos,Consumer,East,East Christine,24-01-2022
C0380,Shawn Smith,Consumer,South,Buckleyfurt,12-01-2026
C0381,Michael Schwartz,Home Office,South,Port Nicholasstad,29-11-2024
C0382,Omar Williams,Consumer,South,Tylerland,02-01-2023
C0383,Virginia Cole,Home Office,South,Kennethbury,02-04-2022
C0384,Karen Mcclure,Consumer,East,Jonesside,13-07-2025
C0385,Dana Rich,Consumer,North,Christophermouth,18-07-2025
C0386,Pamela Weber,Corporate,South,Smithberg,13-09-2024
C0387,Scott Sandoval,Consumer,East,North Victorside,16-01-2023
C0388,Cory Johnson,Consumer,North,Alvarezstad,16-09-2023
C0389,Andrew Wilson,Home Office,North,Toddburgh,25-05-2023
C0390,Taylor Thomas,Consumer,North,Cameronview,24-05-2022
C0391,Tricia Roman,Corporate,South,Jenniferchester,07-10-2023
C0392,Dale Franklin,Home Office,East,Humphreyville,09-07-2023
C0393,Carla Golden,Consumer,South,East Robinland,20-09-2025
C0394,Melissa Tucker,Corporate,North,Jacksonville,17-08-2021
C0395,William Silva,Consumer,West,Lake Shannon,06-07-2021
C0396,Matthew Patrick,Home Office,North,Bryceshire,25-01-2025
C0397,Thomas Vasquez,Home Office,North,Pachecoborough,30-07-2021
C0398,Jack Gomez,Corporate,West,Knoxport,19-09-2022
C0399,Edward Wilson,Corporate,North,Lauraview,20-10-2023
C0400,Rebecca Ortega,Corporate,South,Lake Sharon,20-02-2023
C0401,Omar Yates,Home Office,North,Joneston,26-06-2024
C0402,Krista Martin,Home Office,East,Blakefort,13-06-2023
C0403,Anthony Graham,Corporate,North,Charlestown,06-05-2025
C0404,Nicholas Thompson,Consumer,West,Angelabury,04-01-2022
C0405,Sarah Smith,Corporate,West,West Kathyton,31-03-2025
C0406,Robert Rivas,Home Office,North,North Mackenzie,10-11-2021
C0407,Juan Lewis,Corporate,West,South Jerry,02-02-2023
C0408,Richard Castaneda,Consumer,North,West Michaelport,10-11-2022
C0409,Erika Davis,Corporate,South,Chadshire,25-08-2021
C0410,Annette Frey,Consumer,South,Port Tara,07-01-2023
C0411,Robert Skinner,Corporate,East,Garciashire,14-02-2023
C0412,David Jackson,Corporate,East,South Paulview,18-06-2023
C0413,Melissa Mejia,Corporate,West,Smithhaven,02-08-2022
C0414,Grant Middleton,Consumer,North,Smithfurt,01-02-2025
C0415,William Lucas,Home Office,South,Williamsbury,11-03-2022
C0416,Thomas Anderson,Corporate,West,New Carol,09-04-2026
C0417,Jonathan Patrick,Consumer,West,Ryanberg,30-11-2021
C0418,Kelly Merritt,Corporate,West,South Gregoryfurt,16-12-2025
C0419,Richard Brown,Corporate,West,South Howardberg,01-07-2025
C0420,Ashley King,Home Office,North,Longberg,06-05-2022
C0421,Linda Lopez,Corporate,West,New Megan,19-09-2024
C0422,Jacob West,Corporate,East,Mannville,15-07-2021
C0423,Timothy Saunders,Corporate,South,Lake Juliestad,04-04-2023
C0424,Deborah Cannon,Home Office,West,New Virginia,19-07-2024
C0425,Bryan Kaufman,Consumer,North,East Dawnville,17-07-2021
C0426,Shelby York,Consumer,North,East David,01-12-2021
C0427,Steven Woods,Corporate,North,Port Brianberg,05-04-2025
C0428,Juan Vance,Home Office,East,Lake Luisshire,12-11-2024
C0429,Paul Cole,Consumer,North,Port Davidville,28-09-2024
C0430,Robert Ball,Home Office,East,South Larry,18-09-2022
C0431,Kelly Henderson,Home Office,North,North Louisfurt,29-04-2022
C0432,Kristie Wood,Corporate,East,East Shaneberg,01-12-2021
C0433,Chelsea Roy,Home Office,West,Kelleyview,07-07-2023
C0434,Logan Wheeler,Home Office,North,Laurenstad,24-03-2022
C0435,Mark Jimenez,Corporate,East,Sierraborough,07-12-2021
C0436,Shelby Sutton,Corporate,North,Beckychester,15-09-2023
C0437,Dr. William Price MD,Home Office,South,New Judymouth,01-11-2025
C0438,Clayton Kennedy,Consumer,West,South Dylan,28-11-2024
C0439,Amanda Phillips,Consumer,North,West Joannaburgh,12-12-2023
C0440,Adrian Thomas,Corporate,East,Kristenbury,10-12-2023
C0441,Jason Johnson,Consumer,East,Cohenport,20-06-2021
C0442,Cody Ramirez,Home Office,South,Lake Adamhaven,01-11-2025
C0443,April Lopez,Corporate,North,North Kristineville,16-09-2023
C0444,James Williams,Home Office,East,Janiceland,21-06-2025
C0445,Pamela Rice,Consumer,South,West Joshuaview,21-11-2023
C0446,Kayla Chan,Corporate,East,East Jacquelinechester,18-04-2026
C0447,David Graham,Corporate,East,Cunninghamtown,17-12-2022
C0448,Debra Osborn,Consumer,South,West Tristanmouth,07-08-2023
C0449,Hunter Murphy,Consumer,West,Santanastad,22-02-2023
C0450,Lisa Mclean,Consumer,South,Joelmouth,02-06-2023
C0451,Kim Ortiz,Home Office,North,East Mitchellton,11-06-2024
C0452,Martha Cunningham,Consumer,South,Greenfort,26-07-2023
C0453,Timothy Wilkerson,Corporate,West,North Vanessa,06-05-2023
C0454,Aaron Bond,Corporate,East,West Matthew,29-07-2021
C0455,Eric Barber,Consumer,East,Washingtonport,17-03-2022
C0456,Michelle Park,Corporate,East,Seanborough,25-11-2021
C0457,Joseph Reed,Home Office,North,Terryburgh,06-06-2024
C0458,Dr. Olivia Sanchez MD,Consumer,South,East Jefferyside,26-09-2025
C0459,Daniel Fields,Consumer,North,Kimberlyburgh,16-07-2025
C0460,Amanda Villa,Home Office,North,East Stacey,12-11-2021
C0461,Kendra Faulkner,Corporate,West,Lopezmouth,20-01-2024
C0462,Nicole Miranda,Home Office,West,Joshuaburgh,17-07-2024
C0463,Lisa Bradshaw,Corporate,West,Khanmouth,04-04-2022
C0464,Jennifer Ramsey,Corporate,East,Robertbury,06-07-2023
C0465,Debra Davidson,Consumer,North,Rebekahside,09-11-2023
C0466,Pamela Davis,Corporate,West,East Jasmine,31-12-2024
C0467,Robert Salazar,Consumer,East,Robertport,24-12-2024
C0468,Erin Singh,Home Office,West,Veronicastad,25-11-2022
C0469,Chelsea Roberts,Home Office,East,New Sheila,01-01-2024
C0470,Daniel Koch,Consumer,South,Davidsonburgh,12-10-2022
C0471,Michael Turner,Corporate,North,Lake Christopher,04-06-2022
C0472,Allison Taylor,Consumer,South,Mayerland,25-04-2026
C0473,Teresa Hernandez,Corporate,South,Toddview,23-06-2025
C0474,Gina Norman,Consumer,East,New Abigailton,20-01-2023
C0475,Lauren Reyes,Corporate,East,North Carlastad,01-06-2024
C0476,Alexis Robinson,Consumer,North,Port Sarahton,10-06-2021
C0477,Alex Bird,Corporate,West,Wilkinsstad,22-10-2021
C0478,Jessica Smith DDS,Consumer,South,Sandersfurt,15-07-2025
C0479,Michael Marshall,Corporate,South,West Timville,10-11-2022
C0480,Jennifer Stanton,Home Office,East,Hallberg,09-01-2025
C0481,Scott Johnson,Consumer,West,Tammyborough,20-04-2025
C0482,Kevin Douglas,Home Office,North,New Josephmouth,26-06-2021
C0483,Dr. Gerald Harris,Corporate,North,South Cheyenne,19-01-2025
C0484,Anita Davenport,Corporate,North,North Ashleybury,19-01-2022
C0485,Harold Garrett,Corporate,West,Maryview,03-02-2022
C0486,Derek Sharp,Home Office,West,Tylerton,15-02-2022
C0487,Brandon Fletcher,Home Office,West,Macdonaldburgh,20-03-2025
C0488,Renee Moody,Corporate,North,Woodardburgh,24-10-2023
C0489,David Hanna,Corporate,North,South Jasmine,03-12-2024
C0490,Bernard Duncan,Corporate,South,Kellyburgh,04-10-2023
C0491,Michael Bauer,Home Office,West,Timside,05-08-2021
C0492,Jeffrey Jackson,Home Office,East,North Jamie,05-01-2024
C0493,Daniel Wilson,Consumer,West,Mcknightside,11-12-2022
C0494,Bradley Campos,Consumer,South,North Lisa,20-09-2024
C0495,Elizabeth Mcgee,Corporate,West,East Brentton,14-09-2021
C0496,Andrea Hayes,Home Office,North,Russellfurt,20-01-2026
C0497,Abigail Walker,Corporate,East,New Jamie,04-01-2026
C0498,Brent Norton,Home Office,East,Adrianmouth,15-08-2025
C0499,Matthew Smith,Consumer,East,New Alexandramouth,13-02-2023
C0500,Sean Newman,Consumer,North,New Jacqueline,16-02-2023
C0501,Tyler Crawford,Home Office,North,West Andrew,05-08-2024
C0502,Jacqueline Dodson,Home Office,South,Nortonborough,03-07-2023
C0503,Matthew Miller,Corporate,East,Robertoland,22-02-2022
C0504,Anita Neal,Home Office,South,East Alexanderport,25-12-2021
C0505,Brian Ryan,Consumer,North,Brianbury,01-12-2021
C0506,Vanessa Bishop,Consumer,East,New Roberthaven,20-06-2022
C0507,Linda Simmons,Consumer,South,New Kathryn,12-07-2021
C0508,Jennifer Wright,Home Office,South,Maxwellview,18-05-2021
C0509,Jessica Smith,Home Office,North,East Christine,12-01-2025
C0510,Lindsay Sanders,Consumer,West,Lake Richard,20-12-2022
C0511,Sue Adkins,Corporate,West,Lake Katieberg,13-09-2021
C0512,Dennis Cooper,Home Office,East,Stevenport,12-04-2026
C0513,Donald Conner,Home Office,East,Woodtown,03-02-2023
C0514,Jerry Ellis,Consumer,West,North Eugenefort,15-07-2025
C0515,Keith King,Consumer,West,Danielmouth,07-07-2024
C0516,Gregory Johnson,Corporate,East,Skinnerview,09-06-2022
C0517,Amanda Lewis,Corporate,North,West Paul,28-06-2022
C0518,Luis Brown,Corporate,North,Port Kevin,29-08-2023
C0519,Donald Nelson,Corporate,West,West Eric,29-08-2023
C0520,Alfred Phelps,Corporate,North,Pattersonton,25-10-2025
C0521,Cynthia Wong,Consumer,East,South Maria,20-02-2024
C0522,Ashley Novak,Corporate,North,Port April,19-09-2023
C0523,Danielle Gamble,Home Office,North,Kramertown,20-05-2025
C0524,Cathy Vargas,Home Office,West,New Jacob,10-05-2026
C0525,Kelsey Perez,Corporate,North,Josephville,16-09-2024
C0526,Michael Valencia,Corporate,South,Collinsborough,23-08-2021
C0527,Brandon King,Corporate,West,Leslietown,18-11-2023
C0528,David Savage,Home Office,South,New Andrew,13-05-2023
C0529,John Perry,Consumer,West,Port Barbara,25-02-2022
C0530,Kimberly Harris,Consumer,East,Lake Peter,06-08-2023
C0531,Rachel Alvarado,Home Office,North,East Suzannetown,22-03-2025
C0532,Ronald Foster,Home Office,South,Smithstad,06-11-2021
C0533,Cynthia Johnston,Consumer,South,Port Matthew,05-07-2021
C0534,James Porter,Home Office,West,Walkerstad,06-09-2021
C0535,Greg Johnson,Corporate,South,Valentineside,12-12-2023
C0536,Julie Hale,Corporate,East,Hallfort,06-10-2021
C0537,Mr. Brian Hall,Corporate,West,New Melissa,02-12-2023
C0538,Christina Barber,Corporate,East,Brendachester,09-06-2025
C0539,Cindy Freeman,Home Office,North,North Darrenfort,13-08-2022
C0540,Victor Powers,Home Office,East,West Andrea,21-02-2023
C0541,Miss Rebecca Cooper,Consumer,East,Hamiltonmouth,17-01-2026
C0542,Robert Holloway,Consumer,West,East Normafort,13-07-2021
C0543,Jon Jackson,Corporate,East,Lake Justinshire,27-09-2023
C0544,Charles Black,Home Office,South,West Kyle,27-10-2024
C0545,Kimberly Wong,Corporate,North,Lake Carmenside,09-05-2023
C0546,Thomas Castillo,Home Office,South,Ruthfort,15-01-2026
C0547,Jose Campbell,Corporate,East,East Antonio,30-11-2023
C0548,Elijah Taylor,Home Office,West,West Steven,17-08-2024
C0549,Chelsea Powell,Consumer,North,East Chase,06-06-2024
C0550,Michael Foster,Corporate,West,Sanchezfurt,27-06-2024
C0551,Sharon Duncan,Home Office,East,North Frederickfurt,17-06-2021
C0552,Kevin Bowman,Consumer,North,North Jeremyton,23-01-2025
C0553,Blake Flowers,Home Office,West,Scottport,24-05-2023
C0554,Christine Brock,Home Office,East,Lake Jared,15-11-2021
C0555,Johnathan Johnson,Consumer,East,Fordtown,15-06-2025
C0556,Denise Wallace,Corporate,South,South Danielshire,29-09-2023
C0557,Lauren Anderson,Consumer,East,West Samuelshire,17-07-2022
C0558,Arthur Brown,Corporate,South,Lake Richard,04-12-2024
C0559,Alejandro Hicks,Consumer,South,Brownstad,02-08-2021
C0560,Stacey Garcia,Consumer,North,West Theresaburgh,11-07-2023
C0561,Daniel Lopez,Corporate,North,Port Alisonmouth,28-04-2023
C0562,Mark Hughes,Home Office,North,East Kirkmouth,24-05-2023
C0563,Laura Shea,Home Office,East,New Karen,16-06-2024
C0564,Pamela Garza,Home Office,South,Richardsmouth,15-07-2022
C0565,Jesse Fowler,Home Office,West,Port Cathy,06-11-2025
C0566,Jennifer Bailey,Consumer,South,Dyerhaven,13-05-2022
C0567,Levi Chandler,Consumer,South,Sabrinaland,10-12-2022
C0568,Brandon Dixon,Home Office,West,West Meganborough,23-09-2025
C0569,Manuel Tate,Consumer,West,Aaronhaven,11-10-2025
C0570,Jessica Jarvis,Corporate,South,Schwartzport,16-12-2022
C0571,Miss Catherine Bradley,Corporate,East,Vangton,23-02-2025
C0572,Catherine Palmer,Home Office,West,North Ryan,06-04-2025
C0573,Gloria Bartlett,Consumer,South,East Allisonmouth,04-12-2022
C0574,Amy Garcia,Corporate,West,West Gary,27-07-2024
C0575,Nicole Hill,Consumer,East,Greenburgh,20-01-2025
C0576,Jeremiah Boone,Home Office,West,South Rayfort,25-07-2021
C0577,Marisa Wilson,Corporate,East,Nathanton,10-11-2025
C0578,Pamela Wu,Corporate,West,Jonathanton,18-01-2026
C0579,Jasmin Sanchez,Consumer,South,Anthonyland,17-12-2025
C0580,Bradley Rhodes,Home Office,South,East Megan,06-12-2022
C0581,Darlene Lopez,Corporate,North,Jonesfort,19-05-2023
C0582,Brandon Mccarthy,Home Office,West,West Alexischester,05-11-2022
C0583,Caitlyn Perkins,Corporate,North,Lake Julie,22-06-2022
C0584,Jacqueline Frazier,Home Office,North,Lisatown,18-01-2024
C0585,Carl Campos,Corporate,North,Jennifertown,08-01-2025
C0586,Laura Joyce,Consumer,East,Reillymouth,03-02-2022
C0587,Veronica Joseph,Corporate,South,Jenniferview,29-07-2023
C0588,Ethan Baxter,Corporate,North,North Leeborough,13-03-2023
C0589,Anna Stevenson,Consumer,West,Brownton,02-02-2026
C0590,Jennifer Duarte,Corporate,North,Zoeport,15-05-2024
C0591,Karen Herman,Corporate,North,West Crystalbury,20-07-2024
C0592,Nicholas Adams,Corporate,East,North Matthew,29-05-2022
C0593,Mrs. Catherine Orozco,Consumer,West,East Veronicamouth,09-06-2023
C0594,Sarah Caldwell,Consumer,East,Jenniferchester,06-10-2022
C0595,Tristan Patton,Consumer,North,Santanabury,27-04-2024
C0596,Sheri Carrillo,Corporate,North,Samanthaside,29-07-2025
C0597,Alison Morris,Home Office,East,Rebeccastad,23-03-2026
C0598,Jenna Bird,Consumer,South,Lake Jeffbury,14-10-2021
C0599,Thomas English,Consumer,East,Benitezshire,24-03-2022
C0600,Jamie Hamilton,Corporate,South,Kathleenberg,20-11-2021
C0601,Matthew Daniels,Home Office,West,Brownport,14-01-2023
C0602,Joshua Pruitt,Corporate,North,Lake Adam,08-04-2022
C0603,Sharon Cook,Consumer,North,Robinmouth,31-07-2021
C0604,Margaret Harris,Corporate,South,Rebeccafort,24-11-2021
C0605,Benjamin Wilson,Consumer,West,East Anne,16-11-2025
C0606,Melanie Davis,Consumer,East,Adamhaven,30-01-2023
C0607,Martin Richardson,Consumer,East,Atkinsside,13-06-2025
C0608,Kimberly King,Consumer,North,Hahnchester,01-10-2024
C0609,Alex Murphy,Consumer,West,Port Michealtown,17-03-2022
C0610,Michelle Todd,Home Office,West,Margarethaven,23-09-2022
C0611,Erika Daniel,Consumer,North,Zacharychester,09-08-2021
C0612,Miranda Rice,Corporate,North,Shaneside,21-02-2022
C0613,Jacqueline Ramos,Home Office,South,Tylerbury,28-10-2024
C0614,Jacob Morton,Home Office,South,Larrymouth,12-06-2025
C0615,Antonio Jones,Corporate,West,West Kariport,06-06-2021
C0616,Shawn Jackson,Consumer,East,Baileychester,13-08-2024
C0617,Joanne Sawyer,Consumer,West,Kelleymouth,16-09-2025
C0618,Danny Smith,Consumer,North,East Bryanbury,03-02-2026
C0619,Mr. David Jones,Home Office,East,Port Erinton,27-11-2021
C0620,Holly Richardson,Consumer,North,Ambermouth,23-04-2025
C0621,Austin Cruz,Corporate,West,Franklinville,13-10-2022
C0622,Mark Cardenas,Consumer,West,North Jacobborough,02-07-2023
C0623,Dawn Wagner,Corporate,East,Suarezfort,10-06-2025
C0624,Joshua Olson,Home Office,North,South Makayla,01-12-2023
C0625,Mr. Dakota Bryan,Corporate,North,West Kathleenfurt,02-08-2025
C0626,Christy Brown,Corporate,South,Stephenmouth,08-01-2026
C0627,Crystal Lopez,Home Office,North,Danielton,14-04-2024
C0628,Patricia Greer,Home Office,East,Adammouth,23-04-2023
C0629,Sergio Davis,Consumer,North,Lake Carolmouth,19-05-2023
C0630,David Martinez,Corporate,East,Lake Sean,24-07-2023
C0631,Ashley Soto,Home Office,South,West Abigail,23-05-2024
C0632,Nathan Henderson,Home Office,West,West Katherineborough,17-11-2021
C0633,Natalie Lewis,Home Office,West,Martinbury,10-03-2024
C0634,Olivia Collier,Home Office,South,Vanessafort,07-04-2023
C0635,Andrea Vega,Consumer,North,West Stephanie,17-06-2025
C0636,Erika Turner,Home Office,West,Lake Denise,09-06-2025
C0637,Brenda Hardin,Consumer,East,Morristown,04-03-2026
C0638,Stacey Harris,Consumer,North,Lake Leslie,13-05-2025
C0639,Kelly Montgomery,Consumer,North,New Nicole,19-12-2025
C0640,Austin Olson,Corporate,East,Cynthiaview,08-07-2024
C0641,Christopher Wilson,Home Office,West,Hernandezhaven,27-01-2023
C0642,Timothy Parks,Home Office,West,South Garyland,08-03-2024
C0643,Cassie Jackson,Corporate,North,East Nicholasmouth,01-07-2021
C0644,Victor Alexander,Home Office,South,North Evanland,22-07-2024
C0645,Bradley Travis,Corporate,East,Port Joseberg,24-07-2024
C0646,Randall Roberts,Consumer,East,Port Melaniefort,14-10-2021
C0647,Susan Jackson,Corporate,North,South Dustin,23-08-2025
C0648,Mr. Todd Lloyd,Corporate,West,Harrismouth,05-01-2023
C0649,Brian Austin,Corporate,West,Lake Mollyfurt,31-08-2023
C0650,James Mitchell,Corporate,East,Wilsonville,19-04-2025
C0651,David Taylor,Consumer,West,Reedmouth,24-12-2024
C0652,Richard Gibson,Home Office,West,Martinchester,04-12-2025
C0653,Rebecca Davis,Corporate,East,West Christophertown,11-03-2023
C0654,Heather Wu,Consumer,West,South Jenniferborough,16-02-2026
C0655,Kimberly Bush,Consumer,West,East Nancy,09-05-2025
C0656,Laura Miranda,Home Office,South,Heidiburgh,31-08-2021
C0657,James West,Home Office,East,North Emily,19-03-2024
C0658,Timothy Brown,Corporate,North,East Derrickstad,17-01-2023
C0659,Elizabeth Morales,Consumer,East,Port Patrick,24-08-2021
C0660,Christopher Wilson,Home Office,East,Stevenburgh,30-03-2024
C0661,David Goodwin,Corporate,West,Aaronstad,21-02-2025
C0662,Jessica Strickland,Home Office,West,Amyport,24-08-2024
C0663,Barbara Smith,Consumer,West,North Daniel,22-01-2026
C0664,Dana Figueroa,Corporate,West,East Dawnview,22-06-2022
C0665,Bruce Rich,Consumer,East,Samuelborough,12-11-2024
C0666,Mathew Deleon,Home Office,West,Shannonchester,12-06-2024
C0667,Paul Graham,Corporate,North,Johnsonbury,07-06-2023
C0668,Christian Williams,Consumer,West,South Ashleyville,28-08-2025
C0669,Nicole Morgan,Corporate,South,Sarabury,23-07-2021
C0670,Evelyn Martin,Consumer,South,Derekview,23-12-2024
C0671,Jeffrey Friedman,Home Office,West,Amberview,20-09-2022
C0672,Jamie Morse,Consumer,South,Port Brianfurt,13-02-2023
C0673,Charles Long,Consumer,South,East Deborahshire,03-05-2024
C0674,Lori Ford,Home Office,East,Erichaven,10-03-2023
C0675,Dr. Lori Carter,Corporate,West,Lake Kirsten,15-10-2025
C0676,Brittany Collins,Home Office,North,West Jessicaton,06-08-2022
C0677,Jennifer Heath,Home Office,South,Jenniferberg,21-06-2025
C0678,Darrell Boyd,Home Office,West,Zacharyberg,10-05-2025
C0679,Peter Jimenez,Corporate,East,Franciscochester,07-01-2022
C0680,Wendy Davis,Corporate,North,Johnsonborough,01-05-2026
C0681,Francisco Prince,Home Office,South,Perkinsville,02-08-2023
C0682,David Contreras,Home Office,East,Kingside,18-09-2025
C0683,Diane Villarreal,Corporate,East,Emilyport,01-06-2024
C0684,Robert West,Home Office,East,Laurenshire,09-06-2021
C0685,Joseph Fuentes,Consumer,North,Port Joseph,13-09-2022
C0686,Emily Gordon,Consumer,South,West Brenda,26-09-2022
C0687,Cheryl Chen,Corporate,West,Carlsonmouth,07-04-2022
C0688,Audrey Robinson,Home Office,North,West Johntown,10-02-2024
C0689,Amanda Fox,Corporate,East,Port Jonathan,16-03-2022
C0690,Frederick Jenkins,Home Office,West,Charlesshire,03-08-2024
C0691,Gina Mccarthy,Consumer,East,Port Erin,08-07-2025
C0692,Karen Brewer,Home Office,West,Butlerport,08-05-2025
C0693,Kerry Soto,Consumer,North,West Danielberg,01-11-2024
C0694,Jennifer Carrillo,Consumer,North,Lake Codyshire,21-10-2022
C0695,Vanessa Arias,Corporate,South,South Brittanyport,06-04-2026
C0696,Catherine Hicks,Home Office,West,West Sarahfort,07-12-2025
C0697,Dawn Vega,Consumer,East,Port Jim,01-05-2024
C0698,Kimberly Kent,Home Office,East,Phamport,23-02-2023
C0699,David Chambers,Home Office,North,Lake Matthew,17-07-2025
C0700,Bryan Murphy,Home Office,East,Lake Suzanne,30-09-2024
C0701,Alexis Diaz,Corporate,South,Port Jamie,04-08-2024
C0702,Kimberly Owens,Home Office,South,Wintersfort,08-03-2024
C0703,Mr. Johnathan Adams,Corporate,South,Andersonland,15-02-2024
C0704,Brent Sims,Consumer,South,Lindaborough,16-12-2022
C0705,Jennifer Green,Consumer,South,Lake James,27-10-2021
C0706,Savannah Brown,Corporate,North,Wardshire,16-09-2025
C0707,Alexander Golden,Corporate,East,Port David,18-11-2024
C0708,David Gibson,Corporate,South,Holmesfort,18-10-2023
C0709,Nicholas Edwards,Home Office,North,Davidfurt,23-03-2023
C0710,Jessica Blair,Consumer,East,North Lori,22-11-2021
C0711,Rachel Williams,Corporate,West,Elaineborough,03-01-2024
C0712,Adam Carter,Home Office,West,Jeffreyland,21-12-2023
C0713,Luke Hernandez,Corporate,North,Port Shannon,27-07-2025
C0714,Victor Snyder,Consumer,East,Port Erica,15-04-2025
C0715,Michael Cummings,Home Office,North,Jacobberg,17-10-2024
C0716,Regina Porter,Corporate,West,Lake Suzannefurt,15-07-2021
C0717,William Pacheco,Home Office,East,South Williamfurt,04-12-2025
C0718,Miss Jessica Cook,Consumer,South,East Aaronstad,18-03-2025
C0719,Richard Flowers,Consumer,West,North Ryan,22-08-2024
C0720,Isaac Lambert,Home Office,North,New Amanda,05-01-2023
C0721,Richard Fox,Consumer,South,Port Jefffort,28-12-2025
C0722,Nancy Cook,Corporate,South,East Jasmineburgh,05-09-2021
C0723,Jennifer Ross,Consumer,East,Michaelville,31-12-2024
C0724,Veronica Clark,Home Office,South,North John,15-01-2025
C0725,Christopher Allen,Corporate,East,Cartermouth,12-09-2025
C0726,Derek Fuentes,Consumer,East,Johnton,20-06-2024
C0727,Jessica Michael,Consumer,East,Raventon,13-12-2021
C0728,Joshua Hansen,Consumer,East,North Ashleymouth,10-06-2024
C0729,Shane Golden,Home Office,North,Natashastad,04-05-2025
C0730,Beth Miller,Home Office,South,Chungfurt,10-02-2026
C0731,Patricia Chapman,Home Office,South,Sotoshire,22-06-2024
C0732,Chad Maddox,Consumer,East,Brandonmouth,14-11-2025
C0733,Emily Harris,Home Office,North,North Cynthia,06-04-2026
C0734,Jason Miller,Consumer,North,East Melinda,17-01-2025
C0735,Cory Bond,Consumer,East,Robertsshire,27-05-2021
C0736,Thomas Walker,Home Office,South,East Andres,25-03-2026
C0737,Chelsea Smith,Home Office,West,West Brandonmouth,26-04-2025
C0738,Caroline Mccoy,Home Office,North,Greenetown,18-06-2023
C0739,Jorge May,Corporate,East,Lake Diana,15-07-2022
C0740,Alexis Herring,Home Office,East,East Conniechester,18-03-2026
C0741,Brandy Stephens,Corporate,South,Laneton,27-04-2022
C0742,Julian Hicks,Home Office,West,South Christina,22-07-2024
C0743,Alexander Terry,Corporate,West,Kennedyside,09-04-2024
C0744,Robert Tran,Consumer,North,West Rogermouth,18-08-2024
C0745,Ruth Lucas,Consumer,West,North Amy,24-09-2021
C0746,David Valenzuela,Corporate,West,Lake Brandonfurt,14-10-2022
C0747,Melissa Allen,Corporate,South,North Tracy,03-12-2024
C0748,Anthony Ruiz,Corporate,South,South Jessicashire,11-12-2024
C0749,Taylor Esparza,Corporate,East,Watsonborough,03-05-2023
C0750,Cassandra Whitaker,Home Office,East,New Tonyberg,08-11-2025
C0751,Ruth Ramsey,Corporate,South,Port Melissaton,06-09-2021
C0752,Kyle Kent,Corporate,North,Port Richardchester,01-12-2025
C0753,Megan Lambert,Corporate,South,Anthonyfort,02-10-2023
C0754,Jocelyn Elliott,Corporate,North,Matthewchester,23-12-2022
C0755,Jason Sanford,Corporate,West,New David,05-05-2022
C0756,Jodi Rowe,Consumer,South,East Thomasland,23-05-2022
C0757,Jacob Turner,Consumer,North,New Joseph,25-09-2021
C0758,Dana Richards,Corporate,West,East Sandra,11-12-2023
C0759,Michele Walker,Home Office,West,Amandaberg,19-05-2021
C0760,Joshua Reynolds,Consumer,South,Klineville,14-03-2025
C0761,Monica Smith,Corporate,East,Arnoldberg,17-06-2023
C0762,Alicia Gilbert,Consumer,South,Darrylton,14-03-2024
C0763,Ashley Blackburn,Corporate,West,Port Jonathanport,30-08-2023
C0764,Daryl Holland,Corporate,East,Jenniferland,01-07-2022
C0765,Sarah Velez,Corporate,North,South Brandymouth,20-03-2026
C0766,Brenda Wilson,Consumer,West,Stewartfurt,31-07-2021
C0767,Bradley Stewart,Home Office,West,North Christopher,30-07-2025
C0768,Kyle Short,Consumer,South,South Jonathanfurt,03-05-2026
C0769,Michelle Williams,Home Office,East,East Kathryn,03-06-2022
C0770,Brandon Rogers,Consumer,North,New Brooke,09-07-2022
C0771,Gail Wilson DDS,Corporate,West,Rodneymouth,02-01-2022
C0772,Aaron Moore,Home Office,West,East Mariaburgh,22-05-2025
C0773,Michelle Peters,Corporate,North,New Ralphport,10-09-2023
C0774,Elizabeth Brown,Consumer,West,South Vincent,28-06-2023
C0775,Max Reyes,Consumer,East,West Shannon,22-04-2025
C0776,Meghan Barrera,Home Office,East,Lake John,06-04-2026
C0777,Susan Mooney,Corporate,East,New Vicki,16-09-2025
C0778,Amanda Arnold,Consumer,West,Williamsville,03-08-2023
C0779,Jeremy James,Consumer,South,Brandonbury,10-07-2022
C0780,Angie Gregory,Corporate,East,North Jimmyfort,31-03-2024
C0781,Timothy Gay,Consumer,West,Nicholasville,12-06-2021
C0782,Raymond Campbell,Home Office,West,Carolberg,25-05-2021
C0783,Elizabeth Vega,Home Office,East,North Audreyshire,30-04-2026
C0784,Leonard Reeves,Home Office,North,Christinamouth,09-08-2022
C0785,Jill Scott,Consumer,North,Patriciaton,13-01-2024
C0786,John Gamble,Corporate,East,Kristopherborough,06-07-2024
C0787,Lynn Wheeler,Corporate,East,Carltown,02-07-2023
C0788,James Marquez,Consumer,South,New Benjamin,19-07-2022
C0789,Keith Donaldson,Home Office,West,New Ann,06-12-2024
C0790,Brittney Stewart,Home Office,North,Lake Patriciaton,08-06-2024
C0791,Barbara Khan,Consumer,North,Mcknightbury,12-10-2022
C0792,Thomas Johnson,Consumer,East,Port Amyville,21-10-2021
C0793,Frank Marsh,Corporate,West,Christianfurt,01-06-2025
C0794,Charles Armstrong,Consumer,South,West Tracy,12-07-2025
C0795,Ronald Snyder,Corporate,East,Williamsborough,29-06-2024
C0796,Mary Johnson,Consumer,West,South Brendan,11-02-2022
C0797,Jill Gilbert,Home Office,East,Natalieborough,09-08-2025
C0798,Katherine Smith,Home Office,East,Woodsville,12-06-2023
C0799,Andrea Benson,Home Office,West,Butlermouth,07-03-2025
C0800,Jeffrey Flynn,Home Office,East,Loriburgh,03-09-2025
C0801,Meghan Hopkins,Corporate,North,Port Paula,05-08-2021
C0802,Brianna Hernandez,Corporate,East,West Elizabethfort,26-06-2024
C0803,Jessica Payne,Home Office,North,West Sarah,16-10-2023
C0804,James Mendoza,Corporate,East,Guerreroshire,15-12-2021
C0805,Timothy Alexander,Home Office,North,West Steve,29-10-2023
C0806,Michael Hamilton,Home Office,West,East Jamiestad,18-03-2024
C0807,Charles Scott,Corporate,South,Justinland,12-11-2025
C0808,Jamie Perez,Home Office,North,East Karenburgh,21-12-2025
C0809,Alex Garcia,Home Office,West,Reeseport,07-06-2022
C0810,Matthew Li,Consumer,West,Wuview,15-03-2022
C0811,Julia Ferguson,Consumer,South,Lake Albertborough,09-03-2023
C0812,Anthony Kelly,Consumer,North,Wardbury,19-06-2025
C0813,Rachel Mitchell,Consumer,North,Jamesburgh,13-12-2022
C0814,Devin Robertson,Corporate,East,Johnsonmouth,20-06-2024
C0815,Michael Cruz,Corporate,South,Brendabury,01-11-2022
C0816,Mark Wilkerson,Corporate,South,Christopherfort,31-01-2025
C0817,Amy Thomas,Corporate,West,Gabrielaport,25-03-2025
C0818,Kathleen Baker,Home Office,North,Lake Kevin,23-09-2024
C0819,Steve Stephenson,Home Office,South,Granttown,06-05-2022
C0820,Jared Cook,Home Office,South,Ruthshire,28-01-2026
C0821,Brandon Hodges,Home Office,East,South Jared,28-12-2025
C0822,Cody Morse,Home Office,West,Riverafort,01-11-2024
C0823,Megan Foster,Home Office,West,Dudleyville,04-04-2025
C0824,Steven Rodriguez,Corporate,South,Dylanmouth,09-03-2023
C0825,Devon Davila,Corporate,East,North Mark,20-09-2024
C0826,Renee Barton,Home Office,East,Alexandershire,22-04-2026
C0827,Lori Rodriguez,Home Office,East,East Alishachester,16-10-2025
C0828,Dawn Miller,Home Office,West,South Andreamouth,24-07-2024
C0829,Jason Miles,Consumer,South,New Robert,16-04-2023
C0830,Danielle Vargas,Corporate,East,West Cody,04-06-2024
C0831,Mr. Bruce Reed DDS,Consumer,East,Melissashire,18-07-2025
C0832,Derrick Coleman,Corporate,South,New Erin,27-05-2024
C0833,Amy Knight,Home Office,West,Lake Tracy,04-04-2026
C0834,Curtis Buckley,Corporate,West,New Robertfurt,30-04-2026
C0835,Phillip Orr,Corporate,East,New Robinton,12-10-2024
C0836,Justin Hudson,Corporate,North,West Sheila,14-06-2023
C0837,Eric Hayes,Home Office,West,South Rebeccamouth,02-04-2025
C0838,Brian Koch,Corporate,East,North Joshuaton,11-01-2022
C0839,Michelle Berry,Consumer,East,Suzannefurt,24-06-2023
C0840,Daniel Bullock,Consumer,East,Franklinborough,21-02-2025
C0841,Linda Rowland,Home Office,North,Brownview,11-06-2023
C0842,James Hernandez,Corporate,West,New Colleenborough,20-07-2021
C0843,David Diaz,Home Office,East,North Tammyfort,15-03-2025
C0844,Amy Smith,Home Office,West,East Matthewhaven,01-10-2021
C0845,Timothy Walker,Consumer,South,Montgomeryhaven,28-09-2024
C0846,Erica Bullock,Home Office,East,Andersonhaven,27-01-2026
C0847,Jamie Hicks,Home Office,East,Joseville,29-06-2023
C0848,Damon Hardy,Consumer,North,Johnfort,19-11-2021
C0849,Sarah Ramirez,Home Office,South,Davidmouth,08-06-2025
C0850,David Wallace,Consumer,North,South Heather,07-11-2025
C0851,Ashley Richardson,Home Office,South,Barkerbury,28-08-2022
C0852,Richard Shaffer,Home Office,South,Sweeneyhaven,27-02-2025
C0853,Kimberly Curry,Consumer,North,Penaton,22-11-2023
C0854,Kenneth Rich,Corporate,East,West Kimberly,18-08-2021
C0855,Michelle Harris,Home Office,West,Lopeztown,30-06-2023
C0856,Terry Pitts,Consumer,South,East Jeremy,22-03-2022
C0857,Jessica Wilson,Consumer,South,Leeburgh,13-05-2025
C0858,Nathan Cobb,Corporate,West,West Joseph,06-05-2022
C0859,Amy Lee,Corporate,South,Schultzburgh,02-12-2022
C0860,David Graham,Corporate,East,North Meganmouth,23-02-2024
C0861,Eric Glover,Corporate,North,New Christopherport,22-11-2025
C0862,Lindsay Pearson,Consumer,South,Michaelburgh,25-01-2025
C0863,Sarah Shaw,Home Office,North,Laceyshire,09-05-2024
C0864,William Wallace,Consumer,West,West Brian,26-04-2022
C0865,Derrick Carter,Consumer,North,Blakemouth,23-11-2023
C0866,Omar White,Corporate,West,Christopherport,12-12-2023
C0867,John Williams,Consumer,East,South Daniel,15-02-2024
C0868,Michael Herrera,Consumer,North,New Joshuaborough,24-09-2021
C0869,Cynthia Flowers,Corporate,North,Melissatown,07-10-2022
C0870,Lauren Booth,Corporate,East,Johnland,23-11-2023
C0871,Jeffrey Vega,Corporate,West,Hubertown,29-12-2022
C0872,Dr. Joshua Rogers,Consumer,West,Stevenmouth,03-07-2021
C0873,Debbie White,Corporate,South,North Danielville,28-07-2022
C0874,Sandra Henry,Consumer,East,West David,11-10-2021
C0875,Levi Terrell,Consumer,West,Coletown,11-03-2022
C0876,Victoria Rogers,Home Office,East,Charlestown,07-05-2022
C0877,Scott Wood,Home Office,South,Christopherville,09-10-2022
C0878,Clinton Vaughn,Consumer,East,Klinefort,19-02-2025
C0879,Deborah Greene,Corporate,South,Ewingfurt,25-08-2025
C0880,Samantha Hill,Consumer,West,Marcfurt,01-04-2026
C0881,Renee Padilla,Corporate,East,Lake Devin,12-02-2024
C0882,Laura Walsh,Consumer,West,West Cody,28-02-2026
C0883,Amanda Brown,Home Office,North,Knightland,12-04-2022
C0884,Angela Lee,Consumer,South,West Julia,14-08-2021
C0885,William Moreno,Corporate,East,Wellsfurt,01-06-2025
C0886,Laura Goodman,Consumer,North,West Kellyport,16-08-2021
C0887,Julie Costa,Corporate,West,Kristenshire,24-06-2025
C0888,Katherine Orr,Consumer,West,East Raymondbury,27-04-2026
C0889,Laura Tucker DVM,Corporate,East,East Ashley,09-09-2023
C0890,William Elliott,Corporate,North,Katherineburgh,16-06-2024
C0891,Andrew Smith,Corporate,East,West Jesseborough,07-07-2023
C0892,Jamie Collins,Home Office,South,Hammondfort,16-11-2025
C0893,Christopher Young,Consumer,North,West Gregorytown,25-10-2024
C0894,Becky Mcconnell,Corporate,East,New Sabrinaberg,26-03-2022
C0895,Alexis Villarreal,Consumer,West,North Shelly,04-11-2021
C0896,Monica Johnson,Home Office,East,Lisamouth,03-06-2021
C0897,Tammy Webster,Home Office,North,Loriport,19-08-2025
C0898,Sherry Caldwell,Home Office,East,Port Ellenhaven,09-02-2024
C0899,Melissa Chavez,Corporate,South,West Shannon,27-10-2023
C0900,Wendy Ruiz,Consumer,South,Morrisontown,05-02-2024
C0901,Renee Cox,Corporate,South,New Jillian,06-11-2023
C0902,Michael Castillo,Corporate,East,Francesborough,21-12-2025
C0903,Emma Merritt,Corporate,West,Amandamouth,12-01-2025
C0904,Joshua White,Home Office,South,South Erikaton,18-07-2023
C0905,Rodney Swanson,Consumer,North,Audreyhaven,13-12-2024
C0906,Teresa Rivera MD,Home Office,West,Connieshire,19-03-2022
C0907,Thomas Jimenez,Home Office,East,Lake Chelseaport,30-09-2024
C0908,Wendy Montgomery,Consumer,North,Fernandezville,14-12-2021
C0909,Barbara Hopkins,Consumer,South,Jamesbury,25-05-2025
C0910,Chris Sanchez,Home Office,South,North Michael,19-05-2024
C0911,Sheryl Daniels,Consumer,East,Garciaside,09-11-2022
C0912,Brittany Herrera,Home Office,West,Port Lisa,11-08-2025
C0913,Angela Nelson,Consumer,South,East Douglas,24-10-2021
C0914,Megan Hall,Home Office,West,Cainberg,23-01-2026
C0915,Randy Davis,Consumer,West,Lake Robertstad,13-07-2021
C0916,Elizabeth Henderson,Consumer,West,North Jennifermouth,19-03-2022
C0917,Tara Choi,Consumer,West,East Megan,06-01-2022
C0918,Nicholas Greene,Corporate,North,Barnesborough,24-05-2025
C0919,Kyle Bryan,Home Office,West,Breannashire,27-12-2021
C0920,David Cox,Home Office,East,Lake Adrian,24-04-2024
C0921,Jeff Cummings,Home Office,North,Marissastad,02-05-2025
C0922,James Franklin,Corporate,East,Port Dianamouth,25-09-2022
C0923,Alexa Wells,Consumer,South,South Dennis,25-03-2026
C0924,Sean Hines,Home Office,North,Garciaview,02-10-2024
C0925,Lee Burke,Consumer,West,Michelleview,27-09-2022
C0926,Jennifer Reeves,Corporate,North,Jameston,08-09-2025
C0927,Natalie Marshall,Home Office,North,Barkerport,15-02-2023
C0928,Tyrone Cunningham,Consumer,West,Waremouth,30-10-2024
C0929,Robin Beltran,Consumer,East,East Richard,03-10-2021
C0930,Sharon Perkins,Corporate,South,South Marcusborough,24-10-2022
C0931,Deanna Frazier,Consumer,West,Smithside,14-06-2022
C0932,Joseph Wu,Corporate,West,Lake Jamie,08-02-2023
C0933,David Flowers,Corporate,West,Josephfurt,01-01-2022
C0934,Evan Gomez,Corporate,North,Mariaville,13-11-2023
C0935,Robert Allen,Home Office,South,Jeremyview,26-04-2022
C0936,Patricia Zamora,Home Office,East,Raymondfort,16-12-2022
C0937,Sara Forbes,Consumer,South,South Paul,19-01-2026
C0938,Barry Gonzalez,Home Office,West,South Nataliehaven,05-04-2026
C0939,David Smith,Home Office,South,Lindamouth,26-08-2023
C0940,Jo Hoffman,Home Office,South,East Bradley,26-08-2023
C0941,Nicole Bush,Consumer,North,West Cassiefort,03-02-2024
C0942,Stephanie Gross,Corporate,West,Lake Brandon,27-02-2024
C0943,Jessica Tran,Home Office,West,East Patrick,07-01-2024
C0944,James Wilson,Home Office,West,North Albert,09-11-2021
C0945,Andrew Hall,Consumer,South,Nicholeville,07-04-2023
C0946,David Powers,Corporate,East,East Williamberg,10-06-2022
C0947,Jennifer Wells,Consumer,East,Troybury,05-08-2024
C0948,Crystal Davis,Consumer,North,Christinechester,27-06-2022
C0949,William Galvan,Consumer,West,South Stephenton,20-05-2021
C0950,Jeffrey Hardy,Home Office,North,Cherylton,24-10-2023
C0951,John Moore,Consumer,South,Port Jessica,25-01-2024
C0952,Terry Carney,Consumer,North,Port Carlos,09-01-2026
C0953,Margaret Mcpherson,Home Office,North,Brownhaven,30-08-2025
C0954,Russell Wong,Corporate,North,Vickiberg,28-02-2022
C0955,Erika Carlson,Consumer,North,North Jessica,25-02-2022
C0956,Dr. Brandy Perez,Corporate,West,Rossland,07-10-2021
C0957,Karen Miller,Consumer,South,East Robertview,23-09-2025
C0958,Cheyenne Garcia,Consumer,South,Knightchester,11-01-2026
C0959,Michelle Myers,Home Office,East,Jenniferchester,09-01-2025
C0960,Bryce Fuller,Consumer,East,Lake Samuelland,24-12-2024
C0961,Jessica Butler,Home Office,East,Bakerburgh,23-07-2025
C0962,Susan Bartlett,Consumer,East,Mitchelltown,06-04-2026
C0963,Matthew Faulkner,Consumer,South,West Scott,03-02-2022
C0964,Frances Perez,Corporate,East,South Anthonyton,07-08-2025
C0965,Felicia Bowman,Corporate,North,North Sarahport,25-10-2024
C0966,Jonathan Williams,Home Office,South,Heidichester,25-07-2023
C0967,Nicole Jones,Home Office,West,Leestad,13-11-2022
C0968,Jay Jones,Home Office,West,North Brian,06-05-2026
C0969,Paul Williamson,Consumer,East,Jordanfort,17-04-2026
C0970,Paul Kemp,Home Office,West,Port Staceychester,27-05-2023
C0971,Robert Holt,Home Office,East,North Aaronland,19-01-2022
C0972,Stephen Oconnor,Home Office,West,North Michael,01-12-2024
C0973,Frank Kim,Corporate,South,South Ericaborough,22-12-2024
C0974,Jennifer Pierce,Corporate,West,Lake Jennifer,29-10-2021
C0975,Angela Alvarez,Consumer,West,Charlesville,15-10-2025
C0976,Jesse May,Consumer,South,South Christophershire,07-07-2024
C0977,Elizabeth Hart,Corporate,South,Briantown,14-01-2022
C0978,Christina Castro,Corporate,North,Rubioton,18-04-2025
C0979,Kimberly May,Home Office,West,New Kevin,07-04-2025
C0980,William Boyd,Corporate,South,East Josephtown,30-06-2023
C0981,Joanna Mcclain,Corporate,South,North Joseph,22-09-2025
C0982,Nathan Jacobson,Corporate,South,Priceland,03-02-2022
C0983,Cole Lewis,Corporate,North,Robertburgh,09-06-2021
C0984,Cassandra Gibson,Corporate,East,Charleston,09-07-2025
C0985,Lisa Huff,Consumer,South,Lake Susan,07-07-2022
C0986,Richard West,Consumer,East,Jasonborough,12-01-2023
C0987,Margaret Guzman,Corporate,North,Hallville,20-02-2024
C0988,Anne Grant,Consumer,South,Port David,20-10-2021
C0989,Elizabeth Jones,Home Office,South,New Robertbury,02-02-2026
C0990,Mr. Mitchell Johnson,Corporate,South,New Williamfurt,04-01-2022
C0991,Lee Vang,Corporate,East,West Paulchester,16-11-2021
C0992,Peggy Davidson,Consumer,South,Olsonborough,16-05-2026
C0993,Christopher Fox,Consumer,North,West Kelly,08-02-2026
C0994,Gabriela Riley,Home Office,West,Lake Alejandroside,07-07-2024
C0995,Felicia Henderson,Consumer,South,Lake Jacobberg,01-04-2025
C0996,Cassie Conrad,Corporate,South,New Timothystad,10-02-2024
C0997,Kayla Moran,Home Office,East,Hornstad,19-05-2025
C0998,Joshua Mercado,Corporate,West,Lopezside,15-04-2023
C0999,Kenneth Burgess,Corporate,East,Thomasport,24-01-2024
C1000,Brandy York,Corporate,East,Shawmouth,22-04-2026
C1001,James Watkins,Corporate,West,Stephenfort,16-04-2025
C1002,David Johnson,Corporate,North,West Dawn,12-09-2025
C1003,Alexis Sullivan,Home Office,West,West Amanda,13-12-2023
C1004,Sylvia Turner,Corporate,South,Lake Lindaton,10-11-2021
C1005,Martha Parsons,Corporate,East,Lake Juliechester,17-07-2022
C1006,Mariah Michael,Corporate,North,West Jonathan,17-07-2024
C1007,Jeffery Collins,Home Office,South,Devinberg,14-04-2023
C1008,Taylor Castillo,Home Office,South,New Christopherport,14-12-2025
C1009,Caroline Meyer,Consumer,East,Abbottside,01-08-2022
C1010,Holly Clark,Home Office,West,Port Jennashire,01-05-2022
C1011,Chase Powell,Corporate,South,Loganside,25-11-2023
C1012,Melissa Cunningham,Consumer,East,Kellymouth,19-07-2023
C1013,Nicholas Hamilton,Consumer,West,North Sandraville,21-06-2024
C1014,James Miller,Home Office,South,Lisaland,12-06-2021
C1015,Elizabeth Ward,Corporate,East,New Phyllis,28-05-2023
C1016,Melissa Mann,Corporate,West,Jonathanport,04-10-2021
C1017,Seth Odonnell,Home Office,West,North Susan,26-07-2021
C1018,Jose Sheppard,Corporate,South,East Markburgh,15-05-2026
C1019,Jeffery Tapia,Home Office,East,South Jonathan,27-05-2024
C1020,Michael Larsen,Consumer,South,Juarezburgh,07-03-2025
C1021,Kelsey Smith,Home Office,West,North Suzanne,11-03-2022
C1022,Rebecca Johnson,Consumer,North,Laurabury,15-12-2023
C1023,Kelly Thompson,Home Office,North,Danielport,21-01-2023
C1024,Omar Lindsey,Consumer,North,Lake Leemouth,16-05-2025
C1025,David Wilson,Consumer,West,North Andreastad,29-10-2023
C1026,Mark Diaz,Consumer,South,Collinsview,10-08-2024
C1027,Brian Cox,Consumer,South,Masonside,04-02-2026
C1028,Robert Harris,Consumer,South,Port Andrew,29-12-2023
C1029,Peggy Miller,Home Office,West,West Olivia,09-05-2024
C1030,Stephen Rowland,Corporate,North,East Kevin,03-08-2022
C1031,James Wilson,Home Office,West,Brendantown,09-03-2026
C1032,Christopher Wilson,Home Office,West,Christopherside,19-05-2022
C1033,Linda Jones,Consumer,North,New Sandra,01-09-2025
C1034,Tina Moran DVM,Home Office,West,New Jenniferburgh,19-08-2022
C1035,Isaac Carter,Consumer,North,North Matthewstad,28-04-2022
C1036,Laura Baker,Home Office,East,Port Andreaberg,08-01-2022
C1037,Connor Morse,Home Office,East,Alexandratown,09-05-2022
C1038,Paul Crawford,Consumer,West,North Natalie,17-05-2021
C1039,Mr. Nicholas Deleon,Consumer,North,New Thomas,14-01-2024
C1040,Jill Wagner,Consumer,South,Lake Jeffrey,19-02-2024
C1041,Michael Sanders,Consumer,South,Huynhstad,18-11-2025
C1042,Olivia Thomas,Home Office,East,East Daniellemouth,17-01-2026
C1043,Wayne Clark,Corporate,East,North Ann,02-08-2023
C1044,Steven Lowery,Corporate,North,Lake Andrew,06-08-2023
C1045,Jacqueline Branch,Corporate,West,New Kathy,20-11-2023
C1046,Elizabeth Rice,Corporate,South,New Geraldberg,25-08-2024
C1047,Daniel Adkins,Home Office,South,New Timothyfort,21-05-2025
C1048,Daniel Morgan Jr.,Corporate,North,Elizabethborough,08-08-2022
C1049,Brandon Munoz,Home Office,North,East Laurie,23-03-2026
C1050,David Stanton,Consumer,West,Smithport,22-02-2023
C1051,Justin Gould,Corporate,West,North Sergioville,09-03-2026
C1052,Sean Arnold,Home Office,West,New Melissaburgh,17-06-2025
C1053,Adam Hanson,Consumer,North,North Austinfort,25-03-2022
C1054,Cynthia Hart,Home Office,South,Yolandatown,20-12-2024
C1055,Sarah Lopez,Consumer,West,Perryland,10-08-2024
C1056,Matthew Carpenter MD,Corporate,East,New Natalie,14-11-2023
C1057,Matthew Newman,Home Office,North,Lake Christopherview,06-06-2022
C1058,Joy Smith,Home Office,North,South Mariatown,10-05-2022
C1059,Ms. Lisa Lucas,Consumer,South,Justinshire,02-09-2025
C1060,Mario Long,Home Office,West,East Jeffery,23-10-2021
C1061,Shane Mann,Corporate,North,Parkerbury,08-01-2025
C1062,Maria Jackson,Consumer,East,South Valeriestad,06-10-2025
C1063,John Whitaker,Home Office,North,Stephenmouth,23-01-2023
C1064,Alexandria Santos,Consumer,East,Angelastad,11-10-2021
C1065,Chloe Stuart,Consumer,South,Lake Erika,01-11-2023
C1066,Stacy Johnson,Home Office,South,Hunterburgh,10-07-2023
C1067,Adam Fischer,Home Office,West,New Stephanieshire,24-06-2021
C1068,Shawn Warren,Consumer,East,East Andrew,27-05-2021
C1069,Martha Herrera,Consumer,South,Haleyberg,06-09-2021
C1070,Shawn Scott,Home Office,West,Rogerschester,06-10-2025
C1071,Cynthia Jackson,Home Office,East,Sandraberg,19-04-2025
C1072,Jeffrey Cunningham,Corporate,South,Jonesshire,01-01-2023
C1073,Danielle Drake,Home Office,North,South David,11-04-2023
C1074,Charles Lawrence MD,Home Office,East,North Jenniferport,28-05-2021
C1075,Isaac Nguyen,Consumer,North,North Scott,25-07-2021
C1076,Richard Hopkins,Corporate,South,New Kara,13-02-2026
C1077,Dawn Ayers,Consumer,East,South Gracechester,20-07-2023
C1078,Ryan Norris,Home Office,West,East Scott,04-02-2024
C1079,Destiny Jackson,Corporate,North,Patriciafort,08-04-2025
C1080,Angel Rose,Home Office,East,Carolshire,09-11-2022
C1081,Laura Green,Corporate,West,Thomasstad,14-06-2023
C1082,Raymond Holden,Consumer,East,Robertfort,13-01-2024
C1083,Tony Galloway,Home Office,West,East Eddie,22-01-2024
C1084,Christian Foster,Corporate,South,East Alexandria,24-02-2026
C1085,Chad Brown,Home Office,West,East Mariah,01-07-2021
C1086,Bradley Rose,Consumer,East,Johnfort,13-05-2023
C1087,Jonathan Huber,Consumer,North,East Sarah,05-05-2024
C1088,Dana Thompson,Consumer,East,East Arthurshire,29-11-2024
C1089,Amber Aguilar,Consumer,West,Toddchester,22-12-2022
C1090,Natalie Reynolds,Home Office,South,Elizabethberg,03-12-2024
C1091,Christopher Robbins,Home Office,West,Francesland,02-05-2025
C1092,Alejandro Mckee,Corporate,East,Jasonberg,11-09-2022
C1093,Karen Alexander,Consumer,North,Victorport,03-08-2025
C1094,Stacy Smith,Consumer,East,Adammouth,01-05-2024
C1095,Don Payne,Corporate,East,Stevenville,10-03-2024
C1096,Melissa Perez,Corporate,North,Port Craig,11-12-2021
C1097,Donna Huffman,Consumer,North,Kingchester,22-07-2024
C1098,Kathryn Mcdaniel,Consumer,West,North Benjaminborough,27-06-2023
C1099,Vincent Schmidt,Corporate,West,Williammouth,27-02-2026
C1100,Toni Curtis,Consumer,North,Carpenterport,28-12-2024
C1101,Joshua Sandoval,Consumer,East,East Jordan,14-10-2022
C1102,Thomas Mitchell,Home Office,North,New Aliciamouth,05-09-2021
C1103,Daniel Robinson,Home Office,East,Lake Catherine,10-10-2023
C1104,Rachel Duncan,Corporate,North,Jamesfort,21-11-2024
C1105,Phillip Craig,Corporate,West,Sheilamouth,23-01-2023
C1106,April Cowan,Corporate,North,New Mark,03-01-2025
C1107,Pamela Hall,Home Office,South,Austinstad,24-02-2026
C1108,Amanda Schultz,Home Office,South,Williamsborough,10-06-2024
C1109,Michael Clark,Home Office,West,Lake Michaelton,09-03-2026
C1110,Autumn Henderson,Consumer,South,Collinsfort,19-04-2026
C1111,Preston Harris,Corporate,East,Waltersfort,07-06-2024
C1112,Brian Patterson,Corporate,West,East Thomas,03-06-2024
C1113,Gregory Dean,Consumer,North,West Elizabethville,23-06-2022
C1114,John Mitchell,Consumer,West,Dustinbury,30-10-2024
C1115,Lucas Giles,Corporate,West,Joshuaborough,06-07-2021
C1116,Patrick Kramer,Corporate,West,West Evan,14-03-2024
C1117,Andrew Liu,Consumer,East,Sueview,10-10-2021
C1118,Patricia Perkins,Corporate,South,Meganburgh,23-09-2023
C1119,Francisco Nguyen,Home Office,West,Goodwinmouth,23-03-2023
C1120,Alyssa Davis,Home Office,South,Daniellemouth,29-03-2025
C1121,Sarah Green,Corporate,North,North Daniel,12-03-2025
C1122,Ryan Moore,Consumer,East,South Kylemouth,18-02-2025
C1123,Kevin Townsend,Consumer,West,South Danielle,14-04-2023
C1124,Linda Kelly,Corporate,West,Brendaview,19-07-2024
C1125,Sophia Williamson,Corporate,West,Rayview,01-08-2021
C1126,Laura Klein,Corporate,West,Johnsonstad,31-05-2023
C1127,Eric Rogers,Home Office,South,Lake Christinashire,07-01-2024
C1128,Julia Silva,Corporate,East,North Matthewburgh,11-03-2025
C1129,Donald Roach,Home Office,South,West Angie,07-08-2023
C1130,Juan Johnson,Corporate,East,South Julian,17-09-2022
C1131,Dr. Alicia Robertson MD,Consumer,West,Burtonbury,02-05-2026
C1132,Mark Mayo,Corporate,East,Watersberg,01-11-2023
C1133,Lisa Frazier,Home Office,West,Garciatown,28-06-2024
C1134,Ernest Reese,Home Office,South,Lindseytown,01-06-2021
C1135,Christine Torres,Corporate,West,Michaelshire,24-05-2023
C1136,Allison White,Corporate,West,Williamston,04-09-2025
C1137,Margaret Collier,Corporate,North,Brownfort,09-08-2022
C1138,Steven Scott,Home Office,South,Bowersmouth,28-05-2023
C1139,Ryan Aguilar,Home Office,South,Sarahhaven,18-01-2026
C1140,Robert Vaughan,Home Office,North,North Carrie,28-03-2024
C1141,Ellen Miranda,Home Office,West,Howardland,14-10-2022
C1142,Joshua Hebert,Home Office,South,Lake Ashley,30-12-2022
C1143,Wesley Kim,Corporate,East,West Thomas,07-01-2022
C1144,Peggy Moore,Home Office,North,Brianstad,24-05-2025
C1145,Emily Reilly,Corporate,West,Port Jennifer,31-07-2024
C1146,Donald Rice,Consumer,East,Lewisborough,30-03-2023
C1147,Rebecca Anderson,Consumer,East,New Amber,04-04-2023
C1148,Kimberly Palmer MD,Home Office,South,South Patrick,14-08-2024
C1149,Johnny Shaw,Home Office,West,Sheatown,22-04-2023
C1150,Douglas Chang,Corporate,North,North Tina,30-06-2023
C1151,Stephen Hines,Corporate,West,Davidstad,08-03-2024
C1152,Justin Bauer,Home Office,West,Port Aaronport,27-07-2021
C1153,Dakota Vang,Home Office,West,New Mary,01-03-2023
C1154,Lori Jenkins,Home Office,North,Kingfurt,08-05-2026
C1155,Jennifer Brown,Corporate,North,Port Julieborough,22-01-2025
C1156,Patrick Lee,Consumer,South,Brianton,13-12-2023
C1157,Stephanie Lee,Home Office,East,Whitakerport,29-02-2024
C1158,Rachel Lopez,Consumer,North,Lauraland,18-06-2021
C1159,Katie Johnson,Home Office,West,North Jared,24-01-2025
C1160,Kenneth Patterson,Corporate,West,Schroederton,19-12-2021
C1161,Amber Phillips,Consumer,North,North Angelahaven,29-09-2025
C1162,Brittney Adams,Consumer,East,East Jacob,01-08-2025
C1163,Brittany Palmer MD,Consumer,South,Diazport,02-06-2023
C1164,Mariah Torres,Corporate,East,Richardburgh,07-08-2022
C1165,Charles Wallace,Corporate,West,South Ryan,22-10-2023
C1166,Dana Goodman,Home Office,South,East Bobbymouth,10-10-2022
C1167,Theresa Coleman,Corporate,North,Olsonhaven,25-06-2021
C1168,Dennis Chan,Corporate,North,North Mauricebury,05-08-2022
C1169,Victoria Nash,Corporate,West,Mcintoshshire,19-09-2023
C1170,Samuel Kirby,Consumer,North,Amyport,11-07-2022
C1171,Austin Chan,Home Office,South,Kimberlyport,09-06-2021
C1172,Lisa Alexander,Corporate,East,East John,23-05-2025
C1173,Lisa Day,Corporate,West,West Juliaburgh,09-10-2024
C1174,Miranda White,Consumer,West,Port Morganfort,02-06-2023
C1175,Justin Ramos,Corporate,West,Port Davidhaven,09-08-2023
C1176,Lori Sanders,Consumer,West,Lake Donna,04-09-2024
C1177,Christopher Trevino,Home Office,West,West Robert,04-10-2023
C1178,Monica Morgan,Corporate,North,Lake Ashley,08-07-2024
C1179,Michael Goodwin,Corporate,North,Jamesborough,04-11-2023
C1180,Jack Marshall,Home Office,North,Lake Alexander,08-08-2024
C1181,Jamie Brewer MD,Consumer,East,West Cindyton,02-12-2021
C1182,Travis Smith,Home Office,North,Fishertown,19-01-2022
C1183,Steven Delacruz,Home Office,South,East Rebecca,02-02-2024
C1184,Hunter Rose,Home Office,South,Alexstad,14-11-2024
C1185,Dustin Roberts MD,Home Office,South,Lake Anthonyland,28-06-2021
C1186,Gary Johnson,Home Office,South,Ericaborough,20-08-2023
C1187,Cynthia King PhD,Corporate,West,Port Jeffreyton,13-10-2024
C1188,Andrea Vega,Corporate,South,Kevinbury,23-04-2025
C1189,Mr. Gregory Terry Jr.,Corporate,South,Franklinborough,14-07-2021
C1190,Kathleen Ochoa,Consumer,West,East Robert,03-09-2022
C1191,Greg Williams,Corporate,North,Shawnchester,25-03-2022
C1192,Debra Cook MD,Home Office,South,North Andreaville,15-11-2024
C1193,Dustin Lee,Corporate,West,Patrickmouth,11-07-2023
C1194,William Bradley,Corporate,North,West Amy,04-11-2024
C1195,Rachel Harris,Home Office,South,South Taylormouth,07-10-2025
C1196,Michael Ramirez,Consumer,East,Waltersstad,01-10-2023
C1197,Adam Reed DDS,Home Office,North,Lake Miranda,28-01-2024
C1198,Brian Lewis,Home Office,North,Davidmouth,09-02-2023
C1199,Ashley Lopez,Home Office,South,Port Ronaldberg,04-12-2021
C1200,Donna Horton,Corporate,East,East Jeffreyshire,13-01-2026
C1201,Adam Hoffman,Consumer,West,North John,15-09-2023
C1202,Jade Alvarez,Consumer,East,Bartonshire,21-02-2023
C1203,Scott Allen,Home Office,West,New Juliechester,12-08-2021
C1204,Brian Wiggins,Home Office,East,East Neilville,13-02-2023
C1205,Jennifer Cabrera,Home Office,West,Burkebury,27-11-2023
C1206,Derrick Branch DVM,Home Office,West,Lake Kathrynland,02-07-2023
C1207,Lisa Wright,Home Office,North,Ashleyfurt,30-01-2023
C1208,Lisa Warren,Corporate,East,Lake Shaneborough,12-03-2024
C1209,Noah Harper,Corporate,South,Lake Mckenzieville,22-07-2021
C1210,Hannah Krueger,Home Office,East,Teresaburgh,06-12-2024
C1211,Bethany Barron,Home Office,North,Clarkfort,19-04-2023
C1212,Michelle Allen,Home Office,South,Lake Marissamouth,18-04-2025
C1213,Darlene Smith,Corporate,North,East Brandon,18-02-2023
C1214,Rita Lucas,Consumer,East,Lake Elizabeth,01-02-2025
C1215,William Gibbs,Consumer,South,Woodport,01-12-2023
C1216,Karina Santos,Corporate,South,West Davidmouth,16-07-2023
C1217,Brandi Berry,Home Office,West,Caldwellfurt,24-06-2021
C1218,Adam Bailey,Corporate,South,Dawnborough,22-08-2021
C1219,John Malone,Home Office,West,North Christopher,24-10-2021
C1220,Jennifer Griffin,Corporate,South,Port Douglasfurt,24-04-2023
C1221,Brad Sweeney,Corporate,South,Wilsonville,27-07-2023
C1222,Ronald Sutton,Home Office,South,Normanfurt,27-12-2025
C1223,Julia Smith,Corporate,East,New Jasonborough,28-02-2022
C1224,Robert Smith,Consumer,South,Johnsonberg,25-07-2025
C1225,Amanda Green,Corporate,West,Chandlerhaven,13-01-2025
C1226,Tiffany Zuniga,Home Office,North,Moorebury,30-04-2024
C1227,Justin Morales,Corporate,North,West Davidmouth,11-11-2025
C1228,David Novak,Corporate,South,Noahmouth,02-10-2021
C1229,Joseph Wright,Consumer,West,Jasonland,02-12-2025
C1230,Bradley Hill,Home Office,West,Floydchester,03-06-2022
C1231,Paul Dixon,Corporate,West,New William,06-04-2022
C1232,Daniel Franklin,Corporate,West,West Glendaview,10-06-2025
C1233,Danielle Hernandez,Corporate,South,Rachelview,05-03-2023
C1234,Maria Lewis,Consumer,North,West Katelynhaven,06-11-2021
C1235,Susan Rasmussen,Consumer,East,Lake Amandaport,22-05-2021
C1236,Cynthia May,Consumer,East,New Kaylaberg,26-06-2025
C1237,Joanna Green,Consumer,East,Valdezmouth,24-04-2022
C1238,Suzanne Miller,Consumer,West,East Johnny,18-07-2022
C1239,Alison Stephens,Home Office,West,North David,23-07-2022
C1240,Thomas Harvey,Home Office,North,New Emily,08-09-2022
C1241,Jamie Porter,Home Office,North,New Ronaldbury,27-03-2024
C1242,Kevin Woods,Corporate,East,Whitechester,23-08-2024
C1243,Matthew Michael,Home Office,North,Codyberg,21-03-2025
C1244,Katrina Robinson,Home Office,West,North Maria,24-06-2024
C1245,Michelle Franklin,Home Office,South,North Thomaston,04-03-2024
C1246,Edward Gregory,Corporate,North,Port Matthewville,06-03-2025
C1247,Bryan Fisher,Home Office,South,Jonesshire,22-07-2023
C1248,Michelle Myers,Corporate,North,Josephland,14-05-2025
C1249,Christopher Smith,Corporate,East,Lake Mercedesfort,31-10-2025
C1250,Morgan Hoover,Corporate,North,South Ashley,19-09-2024
C1251,Rebecca Rice,Corporate,North,Averyville,15-06-2024
C1252,Carla Fernandez,Consumer,South,Lake Tracy,10-01-2023
C1253,Brian Johnston,Home Office,East,East Bernardburgh,06-12-2021
C1254,Jessica Harris,Home Office,West,New Marktown,16-10-2024
C1255,David White,Consumer,South,South Timothy,19-11-2022
C1256,Kelly Tate,Consumer,South,Walshberg,12-06-2021
C1257,Leslie Soto,Consumer,East,South Jenniferbury,03-05-2026
C1258,Gina Moss,Home Office,East,New Ryan,05-03-2022
C1259,Karen Warner,Home Office,South,Thomasland,22-01-2026
C1260,Shannon Gamble,Corporate,East,West Alexandriaport,16-03-2023
C1261,Christina Park,Corporate,East,Mitchellborough,08-06-2024
C1262,Aaron Duran,Home Office,North,Christopherberg,16-01-2022
C1263,Christopher Patterson,Consumer,West,Kelseyport,21-03-2022
C1264,James Farrell,Consumer,East,Davisview,26-04-2024
C1265,Brian Tate,Home Office,South,Santanaborough,12-12-2025
C1266,Johnny Goodman,Home Office,South,Martinezport,08-02-2025
C1267,Danielle Phillips,Consumer,South,Port Matthew,28-12-2021
C1268,Laura Simmons,Home Office,East,Carrillostad,24-09-2021
C1269,Christopher Smith,Consumer,West,Jamesstad,08-12-2023
C1270,Leslie Potter,Corporate,South,Lake Theresachester,09-12-2021
C1271,Alexandra Palmer,Home Office,East,Heidishire,27-07-2025
C1272,Renee Smith,Home Office,West,Laneburgh,04-09-2021
C1273,Alexandra Page,Corporate,West,Jacobside,28-01-2024
C1274,Michelle Hernandez,Consumer,North,Lake Victoriaville,12-06-2021
C1275,Benjamin Cooper,Corporate,East,East Margaretshire,20-08-2024
C1276,Carla Goodwin,Home Office,East,Robinsonview,12-09-2021
C1277,Daniel Davis,Corporate,West,South Paigeberg,30-12-2022
C1278,David Garcia,Corporate,North,West Dominiquefurt,25-12-2024
C1279,Todd Silva,Home Office,North,Oliverport,14-01-2022
C1280,Joseph Stewart,Home Office,West,West Karina,29-08-2025
C1281,Suzanne Johnson,Home Office,East,Sawyerport,13-09-2022
C1282,Stephen Lewis,Consumer,West,Lake Kathy,14-07-2022
C1283,Edward Colon,Consumer,West,Georgechester,10-09-2023
C1284,Gregory Ayala,Consumer,West,East Jonathan,24-11-2021
C1285,Christopher Graham,Corporate,East,Lake Joan,06-09-2021
C1286,Susan Marks,Corporate,East,Lake Brandon,26-05-2021
C1287,Danielle Beltran,Home Office,South,South Tarahaven,31-05-2024
C1288,Sandra Henderson,Home Office,West,Tarachester,18-06-2024
C1289,Dorothy Daugherty,Corporate,North,Sueville,28-08-2025
C1290,Deanna Nelson,Consumer,North,New Valerieville,07-08-2021
C1291,Randy Horton,Home Office,West,Robinsonburgh,16-11-2021
C1292,Brendan Cabrera,Consumer,North,Martinstad,13-03-2026
C1293,James Vazquez,Consumer,West,Dwayneshire,22-12-2025
C1294,John Butler,Corporate,North,Martinborough,23-07-2022
C1295,John Downs,Corporate,South,Darylmouth,26-11-2022
C1296,Jennifer Gonzalez,Home Office,South,North Steven,28-04-2026
C1297,Daniel Williams,Home Office,East,South Ryanport,31-01-2024
C1298,Robert Park,Consumer,East,South Jacob,03-03-2025
C1299,Michael Martin,Consumer,East,Joshuahaven,12-04-2024
C1300,Barbara Black,Corporate,North,Gouldshire,02-02-2024
C1301,Alexis Sandoval,Corporate,South,Natalieberg,16-04-2023
C1302,Jessica Rios,Consumer,West,Lake Katelynborough,05-10-2021
C1303,Amanda Johnston,Home Office,East,New Jennifer,16-06-2024
C1304,Nancy Meyer,Home Office,South,Port Stephaniechester,07-06-2022
C1305,Tammy Mann,Corporate,North,Dianamouth,09-04-2023
C1306,Philip Ibarra,Home Office,North,Margaretport,14-09-2021
C1307,Tina Gibson,Consumer,South,Joshuatown,10-07-2021
C1308,Jill Valenzuela,Corporate,North,Codyborough,20-11-2024
C1309,Emily Gentry,Consumer,South,New Kimberlystad,23-11-2024
C1310,Diamond Garcia,Home Office,West,New Jessicabury,02-04-2022
C1311,Natalie Donovan,Consumer,North,Port Jamesland,09-02-2022
C1312,Sarah Martinez,Home Office,East,West Melissamouth,16-07-2021
C1313,Louis Jones,Consumer,West,Jacobsonshire,29-08-2025
C1314,Carrie Kim,Home Office,South,New Ericchester,19-05-2022
C1315,Leah Richardson DDS,Corporate,North,Shawstad,10-08-2022
C1316,Ricardo Barnett,Consumer,West,North Albert,05-06-2023
C1317,Mr. Michael Chandler,Consumer,North,Stephanieburgh,12-11-2021
C1318,Alexis Huff,Consumer,East,Andrewberg,10-07-2021
C1319,Nicole Bryant,Corporate,East,Rebeccamouth,14-03-2025
C1320,Jonathan Johnson,Consumer,West,New Brianshire,04-10-2021
C1321,Justin Vasquez,Consumer,South,Henryhaven,19-12-2021
C1322,Tammy Olson,Consumer,North,South Davidfort,29-10-2025
C1323,Sarah Martinez,Home Office,South,Hamiltonmouth,02-01-2026
C1324,Jacob Baker,Corporate,East,Archermouth,09-02-2024
C1325,John Butler,Home Office,South,South Kristenmouth,28-08-2024
C1326,Cynthia Patrick,Home Office,South,South Robert,26-01-2026
C1327,Nicholas Smith,Corporate,West,West Juan,10-10-2022
C1328,Steven Mccullough,Consumer,North,New Tammymouth,25-12-2025
C1329,Richard Harris,Consumer,South,Ortizview,28-04-2026
C1330,Amber Ramos,Consumer,West,New Christian,13-08-2023
C1331,Samantha Green,Corporate,West,East Maria,20-12-2025
C1332,Melissa Gonzalez,Corporate,South,East Melissa,26-08-2023
C1333,Charles Hanson,Consumer,East,Morrisfurt,26-07-2023
C1334,Andrew Andrews,Home Office,North,North Michelemouth,25-01-2022
C1335,Joseph Mccullough,Consumer,East,South Lorettastad,14-02-2023
C1336,Jose Johnson,Home Office,North,Port Hannahstad,26-02-2023
C1337,Michael Fitzgerald,Home Office,East,Kellytown,10-03-2025
C1338,Megan Barrett,Consumer,South,Millershire,20-10-2021
C1339,Tiffany Lopez,Home Office,West,South Karinaville,26-06-2025
C1340,Vickie Hudson,Corporate,North,North Jamestown,26-11-2023
C1341,William Snyder,Consumer,West,Patriciashire,08-02-2026
C1342,Cheryl Shelton,Corporate,North,North Sandra,03-07-2025
C1343,William Pollard,Consumer,West,South Cody,27-08-2024
C1344,Anna Holmes,Home Office,North,East Nancyhaven,11-07-2023
C1345,Debra Burke,Home Office,North,New Robertview,11-03-2024
C1346,Michelle Hart,Corporate,East,Joseport,24-04-2025
C1347,Michael Smith,Consumer,West,East Joelmouth,21-09-2024
C1348,Stephanie Knight,Home Office,West,Christineton,10-04-2022
C1349,Hannah Bradshaw,Corporate,South,Duffytown,14-09-2021
C1350,Jason Moore,Corporate,North,Sethfort,21-02-2026
C1351,Daniel Rodriguez,Consumer,North,Joshuamouth,07-05-2022
C1352,Heather Russo,Consumer,East,New Joseph,19-04-2026
C1353,Robert Valdez,Consumer,North,Kathrynport,12-12-2022
C1354,Vanessa Salas DDS,Consumer,West,New David,29-01-2024
C1355,Jay Sanchez,Home Office,East,Teresaside,17-01-2026
C1356,Vanessa Roberson,Home Office,West,Lake Johnburgh,20-03-2026
C1357,Erin Montoya,Corporate,West,Elizabethberg,05-02-2025
C1358,David Taylor,Consumer,South,Josephberg,03-03-2026
C1359,Jessica Compton,Corporate,North,North Joshuamouth,28-07-2021
C1360,David Mcgee DVM,Corporate,North,South Karentown,14-03-2023
C1361,Angel Hughes,Home Office,South,East Joshua,16-04-2022
C1362,Christopher Blanchard,Consumer,East,Jennifermouth,22-05-2021
C1363,David Gay,Corporate,North,New Dustinchester,13-06-2022
C1364,Heather Lynn,Corporate,West,Millerside,20-08-2025
C1365,Thomas Clark,Home Office,South,Smithberg,05-05-2024
C1366,Tina Davis,Consumer,South,West Michelleburgh,15-08-2021
C1367,Sarah Blake,Consumer,West,Ruizmouth,21-04-2022
C1368,Caroline May,Consumer,West,West Terristad,04-09-2021
C1369,Maria Cowan,Home Office,North,New Michaelbury,08-04-2026
C1370,Ashley Smith,Corporate,South,Anthonyberg,06-10-2022
C1371,Alex Martin,Consumer,North,Smithtown,22-01-2023
C1372,Claudia Vargas,Home Office,South,Port Brian,26-04-2023
C1373,James Johnson,Home Office,North,Connerchester,09-01-2025
C1374,Robert Rice,Consumer,West,Murrayland,04-09-2021
C1375,Jonathan Carter,Corporate,East,Clarkland,16-07-2021
C1376,Steven Griffin,Consumer,East,West Jorgehaven,09-02-2023
C1377,Dana Thomas,Consumer,East,Rodriguezfurt,31-08-2023
C1378,Jacqueline Chan,Home Office,North,North Alexa,13-11-2023
C1379,Victor Page,Consumer,East,North Ethanburgh,05-05-2022
C1380,Dawn Jackson,Corporate,East,Charlesside,03-06-2022
C1381,Robert Castro,Home Office,North,South Adamshire,06-01-2024
C1382,Steven Hall,Corporate,North,East Vincent,18-09-2023
C1383,Jacob Anderson,Corporate,West,Romanview,14-11-2025
C1384,Tiffany Larsen,Home Office,East,Stephentown,16-11-2025
C1385,Danielle Ayala,Consumer,West,Lyonstown,20-07-2024
C1386,Brenda Holt,Home Office,South,West Monique,07-07-2023
C1387,Rebekah Mitchell,Corporate,South,Michealtown,27-04-2025
C1388,Johnathan Morris,Corporate,North,New Andrewton,11-07-2022
C1389,Dustin Armstrong,Home Office,North,Davidville,25-02-2024
C1390,Chad Miller,Consumer,North,South Jennifer,16-11-2025
C1391,Tammy Lewis,Consumer,North,South Jordanville,09-01-2023
C1392,Frederick Chambers,Consumer,North,Joneshaven,07-06-2023
C1393,John Tucker,Corporate,East,Lake Matthewberg,22-03-2025
C1394,James Moss,Corporate,South,Staceyton,22-10-2022
C1395,Tammy Johnson,Consumer,North,Kellybury,09-07-2021
C1396,Christopher Ortiz,Home Office,West,Annehaven,26-07-2023
C1397,Sarah Smith,Consumer,East,Curtisborough,08-07-2021
C1398,Ronald Campbell,Consumer,West,Haleymouth,10-06-2025
C1399,Matthew Acosta,Home Office,East,Ashleymouth,22-05-2021
C1400,Kimberly Galvan,Corporate,North,Rubiochester,16-04-2024
C1401,Ronald Cortez,Home Office,East,Stevenville,11-03-2026
C1402,Mr. Julian Smith,Consumer,North,Christineland,16-08-2025
C1403,Mark Moore,Consumer,South,South Paula,12-03-2024
C1404,Maria Mcdaniel,Home Office,North,East Lindseyfort,20-12-2023
C1405,Bradley Klein,Corporate,North,South Melissaside,14-06-2024
C1406,James Madden,Corporate,East,Port Madison,19-12-2021
C1407,Rose Young,Corporate,East,East Erin,13-05-2026
C1408,Ashley Walsh,Consumer,West,Robertston,10-01-2024
C1409,Emily Evans,Consumer,East,Jamesburgh,30-08-2025
C1410,Jason Oconnor,Consumer,East,Thomasstad,19-02-2025
C1411,Laura Brown,Home Office,East,Lindamouth,23-11-2025
C1412,Andrew Brown,Home Office,South,Davidbury,01-03-2023
C1413,Mr. Christopher James DVM,Corporate,East,Bryanside,21-04-2022
C1414,Michael Wright,Home Office,West,Michellebury,19-06-2024
C1415,Alexis Saunders,Consumer,South,New Jessefort,22-11-2023
C1416,Christopher Richardson,Consumer,North,South Conniestad,06-07-2021
C1417,Veronica Hamilton,Corporate,North,West Amandachester,30-09-2021
C1418,Gavin Schwartz,Consumer,East,Moratown,04-01-2026
C1419,Phillip Dickerson,Home Office,North,West Williamfort,21-07-2023
C1420,Donna Hicks,Corporate,North,West Luketon,29-09-2025
C1421,Nathaniel Clark,Home Office,West,Larsonshire,08-09-2023
C1422,Melissa Delacruz,Home Office,East,Danielberg,08-08-2025
C1423,Carol Nguyen,Consumer,South,Christopherhaven,24-10-2025
C1424,Anita Dickerson,Home Office,South,Lake Bryanport,12-03-2023
C1425,Cindy Bates,Corporate,West,Matthewside,22-05-2021
C1426,Jeremy Palmer,Consumer,South,Leslieburgh,29-07-2022
C1427,Keith Hensley,Home Office,East,West Waynefurt,04-07-2022
C1428,Claudia Snow,Consumer,North,Anthonyview,04-01-2022
C1429,Wendy Hart,Consumer,West,Valenciafort,16-12-2025
C1430,Gregory Peterson,Home Office,East,South Elizabethborough,27-09-2022
C1431,Thomas Jordan,Corporate,North,Darlenestad,14-01-2023
C1432,Abigail Contreras,Home Office,North,Nicholasville,21-11-2021
C1433,Trevor Montgomery,Home Office,South,Nguyenton,17-05-2025
C1434,Patricia Rhodes,Home Office,West,Robersonville,01-07-2022
C1435,Mr. Joshua Chen,Consumer,North,New Danielleland,27-09-2022
C1436,Matthew King Jr.,Corporate,South,Jeffchester,07-01-2026
C1437,Michael Clark,Consumer,East,Lewisburgh,18-07-2024
C1438,Jennifer Mason,Corporate,East,West Brittanyberg,30-12-2024
C1439,Charles Hernandez,Corporate,East,Murphyville,14-02-2023
C1440,Justin Shah,Corporate,West,South Jason,05-04-2023
C1441,Joe Stevens,Corporate,South,Stevensport,17-10-2022
C1442,Devin Sanchez,Consumer,South,Glenshire,01-02-2026
C1443,Audrey West,Consumer,North,Alanbury,21-02-2024
C1444,Charles Gomez,Consumer,North,East Peter,11-12-2022
C1445,Wendy Pratt,Consumer,West,Lake Krystal,21-10-2022
C1446,Michael Allison,Corporate,East,Port Beckyborough,05-06-2022
C1447,Tracey Gordon,Corporate,North,Port Thomas,28-01-2024
C1448,Tammy Fitzgerald,Home Office,East,Port Omarmouth,07-05-2024
C1449,David Ramirez,Consumer,West,South Jessica,08-12-2021
C1450,Sandra Christian,Corporate,West,Brettview,15-09-2025
C1451,Emily Williams,Corporate,North,Woodsfurt,03-02-2026
C1452,Eric Morris,Consumer,South,New Mary,15-01-2022
C1453,Angela Trevino,Home Office,East,New Sophia,07-08-2021
C1454,Angela Gonzalez,Home Office,North,South Huntermouth,04-11-2022
C1455,Nancy Boyer,Consumer,East,West Allison,28-04-2024
C1456,Eric Fernandez,Consumer,North,Annshire,28-12-2021
C1457,Amanda Pugh,Home Office,South,Tammyhaven,02-01-2023
C1458,Kimberly Lewis,Corporate,West,Johnfort,20-10-2022
C1459,Kara Clark,Home Office,North,Hannahton,18-10-2024
C1460,Lindsay Williams,Home Office,East,Kelseymouth,21-07-2022
C1461,Sandra Burns,Corporate,South,South Adam,27-11-2025
C1462,Kathryn Nielsen,Consumer,West,Williamsfort,01-08-2021
C1463,Rodney Lin PhD,Corporate,South,Lake Adrianshire,28-03-2024
C1464,Kelsey Walton,Consumer,West,East Sallyfurt,15-08-2024
C1465,Alison Lee MD,Consumer,South,Adamsberg,08-02-2022
C1466,Kevin Davenport,Consumer,North,Barbaraborough,19-01-2024
C1467,Vanessa Mcintosh,Consumer,South,Merrittland,14-06-2021
C1468,Monique Garcia,Consumer,South,Bakerchester,27-06-2023
C1469,Karen Barron,Corporate,East,West Stephaniebury,26-03-2025
C1470,Jesse Thompson,Home Office,North,New Lindsay,14-04-2024
C1471,Maria Miranda,Home Office,East,Rachelburgh,17-03-2025
C1472,Yvonne Ortega,Consumer,North,Adamsshire,21-03-2026
C1473,Sarah Scott,Consumer,South,Robynland,12-03-2026
C1474,Shawn Collins,Home Office,West,Port Lancetown,14-11-2024
C1475,Anne Gibson,Consumer,North,Kingfort,22-06-2022
C1476,Jeremy Murray,Corporate,North,Hebertfurt,02-10-2022
C1477,Diana Scott,Consumer,West,Monroeburgh,17-12-2021
C1478,Judith Anthony,Consumer,South,North Carrie,21-02-2024
C1479,Dustin Lee,Home Office,West,Shahview,07-07-2024
C1480,Mark Holland,Home Office,West,North Nathanview,21-02-2023
C1481,Karen Smith,Corporate,North,South Michellemouth,14-08-2023
C1482,Heidi Waller,Corporate,West,Lake Rebeccamouth,08-01-2025
C1483,Jeremy Fischer,Consumer,East,Toddfurt,03-02-2022
C1484,Ryan Leonard,Consumer,South,West William,01-01-2026
C1485,Melissa Cobb,Corporate,East,Patrickland,10-08-2025
C1486,John Richards,Corporate,South,New Mark,14-06-2025
C1487,Nathan Byrd,Consumer,South,Bryanchester,25-02-2026
C1488,Samantha Hawkins,Home Office,East,Timothyville,08-10-2021
C1489,Sandra Pacheco,Corporate,West,Torresshire,08-03-2026
C1490,Mrs. Karen Little,Home Office,West,Lake Erin,12-11-2021
C1491,Yvette Delacruz,Consumer,North,Vanessaborough,11-03-2026
C1492,Bill Thomas,Corporate,West,Oliviaton,06-06-2025
C1493,Scott Christensen,Consumer,West,Ortizborough,23-04-2022
C1494,Gwendolyn Wolfe,Consumer,South,Katieville,30-08-2023
C1495,George Brandt,Home Office,North,Harrisbury,04-04-2026
C1496,Arthur Richards,Corporate,East,Roblestown,06-11-2024
C1497,Brian Sims,Corporate,West,North Tammyborough,26-09-2021
C1498,Krista Miller,Corporate,East,West Jennifershire,01-05-2025
C1499,Christopher Mccormick,Corporate,East,Mariafort,30-11-2021
C1500,Christine Lyons,Consumer,North,Port Alicia,27-07-2025
C1501,George Hunt,Corporate,South,Kathrynchester,16-05-2021
C1502,Shane Hayden,Consumer,East,North Thomasside,20-12-2024
C1503,Michele Holmes,Consumer,West,Port Eric,26-11-2023
C1504,Christopher Ramos,Home Office,East,Jessicaport,03-12-2021
C1505,Jacob Kaiser,Home Office,South,Port Meredith,24-04-2022
C1506,Tiffany Davis,Consumer,North,Smithton,04-03-2022
C1507,Joseph Smith,Consumer,South,Brandonhaven,01-01-2026
C1508,Richard Little,Corporate,North,Dakotaborough,29-08-2021
C1509,Rebecca Burton,Consumer,West,Haleyhaven,19-02-2022
C1510,Dominic Curry,Corporate,South,North Kenneth,07-05-2024
C1511,Beth Moreno,Consumer,South,Lake Hollyburgh,30-12-2025
C1512,Danielle Michael,Home Office,East,New Charlesberg,13-04-2023
C1513,Jessica Smith,Home Office,East,Jenniferview,07-12-2021
C1514,Bobby Torres,Home Office,North,Javierland,17-10-2022
C1515,Melissa Gray,Home Office,East,Port Vickichester,31-03-2023
C1516,Jason Parks MD,Home Office,South,Micheleview,20-04-2025
C1517,Tammy Wong,Home Office,South,Port Tony,06-02-2023
C1518,Pamela Ryan,Corporate,East,North Rachel,20-07-2024
C1519,Mr. Daniel Kennedy,Consumer,West,Jonesport,19-03-2026
C1520,David Grimes,Consumer,North,Averymouth,11-05-2025
C1521,James Horne,Consumer,South,New Trevorland,22-06-2025
C1522,Darius Phillips,Home Office,South,North Sherri,09-12-2023
C1523,Ashley Hess,Consumer,West,Anitafort,23-01-2022
C1524,Linda Nunez,Consumer,East,Woodsview,17-09-2023
C1525,Heather Wu,Home Office,South,Jennifershire,08-10-2023
C1526,April Smith,Consumer,East,Melanieview,07-07-2025
C1527,Melissa Smith,Home Office,South,Lake Austin,09-01-2026
C1528,Kathryn Clark,Corporate,North,Christopherberg,12-07-2025
C1529,Rhonda Thompson,Consumer,South,Johnside,15-06-2022
C1530,Jamie Morrison,Home Office,South,Huynhtown,11-12-2023
C1531,Dr. Stephen Miller,Consumer,East,Lake Alex,17-05-2024
C1532,Michael Wilson,Consumer,East,North Beverlyfort,13-07-2023
C1533,Courtney Harris,Home Office,West,Katherineshire,24-03-2022
C1534,Sean Merritt,Home Office,North,Juanberg,15-10-2022
C1535,John Montes,Corporate,East,Jacksonberg,22-07-2024
C1536,Tyler Taylor,Corporate,South,New Nicole,10-10-2024
C1537,Daniel Edwards,Consumer,West,North Meghanville,13-07-2024
C1538,Dr. Joseph Greene,Home Office,West,Lake Andrewmouth,17-09-2022
C1539,Amanda Mason,Home Office,East,Woodwardport,09-05-2024
C1540,Grace Gaines,Consumer,East,Brandonshire,07-09-2021
C1541,Thomas Phillips,Consumer,South,North James,04-02-2025
C1542,Katrina Jensen,Corporate,East,East Phillipmouth,26-11-2023
C1543,Kayla Jackson,Home Office,East,South Michelleton,15-01-2026
C1544,Kelly Bishop,Consumer,South,East Lawrence,20-08-2025
C1545,Audrey Sampson,Home Office,North,West Theresa,21-04-2022
C1546,John Brown,Home Office,West,Port Kimberlyburgh,16-03-2024
C1547,Maria Walker,Home Office,North,East Kenneth,23-01-2022
C1548,Patricia Ramos,Consumer,East,Port Jamesshire,14-09-2021
C1549,Taylor Wheeler,Home Office,South,North Jamie,20-12-2024
C1550,Melissa White,Home Office,North,Kristenfort,27-08-2023
C1551,Cheryl Jones,Corporate,South,West Carolbury,23-02-2025
C1552,Ashley Rios,Corporate,North,Jonesfort,24-04-2022
C1553,Nicholas Lawson,Consumer,East,New Chelsea,13-01-2024
C1554,Allen Bishop,Corporate,South,Lake Michael,10-02-2024
C1555,Valerie Brown,Home Office,North,New Eric,01-11-2021
C1556,Melanie Collins,Home Office,East,New Matthew,16-02-2026
C1557,Megan Castillo,Corporate,North,Richardfort,05-05-2024
C1558,Donald Davis,Corporate,South,South Molly,25-08-2021
C1559,Morgan Ruiz,Consumer,North,North Ricky,11-03-2026
C1560,Edward Nixon,Corporate,East,Lake Allen,12-01-2025
C1561,Alex Stokes,Consumer,North,Glassview,29-09-2024
C1562,Michael Weiss,Consumer,West,Collinsmouth,25-08-2021
C1563,Richard Mann,Corporate,West,Kathrynborough,04-03-2025
C1564,Nicole Brown,Consumer,West,Ericville,30-04-2022
C1565,Karen Patel,Corporate,West,Lake Lauraton,08-05-2026
C1566,Ashley Howell,Corporate,West,Weaverburgh,20-08-2021
C1567,David Collins,Consumer,West,Williamston,10-06-2022
C1568,Scott Armstrong,Home Office,South,South George,13-09-2022
C1569,Nicholas Schmitt,Consumer,West,New Janice,01-08-2025
C1570,Sandra Grant,Consumer,North,East Grace,30-05-2023
C1571,George Williams,Corporate,North,Rebekahtown,28-11-2021
C1572,Mary Webster,Corporate,East,West Rodneyfurt,29-12-2024
C1573,Elizabeth Wilson,Consumer,North,North Michael,09-05-2024
C1574,Tony Long,Corporate,South,Bradyborough,28-08-2022
C1575,Brandon Proctor,Corporate,South,Mooreborough,24-02-2025
C1576,Sean Jones,Home Office,North,North Sandra,03-03-2022
C1577,Julie Smith,Home Office,North,Gilbertview,31-01-2024
C1578,William Alvarez,Corporate,West,Crystalland,12-08-2022
C1579,Dr. Christopher Coffey,Home Office,North,Lucasland,07-02-2025
C1580,Ashlee Stone,Corporate,South,Port Melissa,30-04-2025
C1581,Zachary Clark,Home Office,West,East Charleston,25-09-2023
C1582,Isabella Sharp,Consumer,North,West Brian,22-09-2025
C1583,Ms. Diana Dunn,Consumer,East,Simmonsberg,10-06-2021
C1584,Kim Roberson,Consumer,South,South Reginaton,04-07-2025
C1585,Noah Crawford,Corporate,East,Christopherberg,11-12-2025
C1586,Karen Donaldson,Home Office,East,Deborahview,09-07-2021
C1587,Julie Grimes,Corporate,South,Hoodshire,10-11-2022
C1588,Angela Norman,Consumer,North,Annabury,15-12-2024
C1589,Christopher Parsons,Corporate,West,North Davidville,29-12-2023
C1590,Michael Baker,Consumer,North,East Christopher,07-03-2023
C1591,Peter Greene,Corporate,North,Carrietown,08-03-2022
C1592,Elizabeth Gordon,Corporate,North,New Matthewstad,07-12-2024
C1593,Kathryn Patterson,Corporate,West,Leebury,28-01-2026
C1594,Jason Jackson,Consumer,North,North Melinda,24-08-2023
C1595,Joshua Patterson,Consumer,South,Derrickhaven,13-10-2021
C1596,Rachel Lewis,Consumer,East,Lopezville,31-10-2021
C1597,Jennifer Acevedo,Consumer,West,Elizabethbury,28-01-2023
C1598,Aaron Moore,Consumer,East,Lake Jaime,26-02-2024
C1599,Sheri Rosario,Corporate,West,Lake Robertburgh,21-02-2026
C1600,Larry Zuniga,Corporate,East,North Ritaport,04-09-2023
C1601,Andrew Reyes,Consumer,West,North Michael,09-09-2022
C1602,Thomas Anderson,Consumer,East,Port Mike,27-10-2023
C1603,Tiffany Thomas,Corporate,East,Frankhaven,22-09-2021
C1604,Angela Zimmerman,Consumer,West,Brownfort,03-11-2022
C1605,Bethany Lane,Consumer,East,Roberthaven,18-06-2022
C1606,Steven Reynolds,Corporate,West,Lake Ashley,12-05-2026
C1607,Eric Thomas,Corporate,South,Johnberg,03-06-2021
C1608,Scott Cross,Corporate,North,South Amyville,06-07-2025
C1609,Kenneth Moreno,Consumer,North,Port Jennifer,21-10-2024
C1610,Seth Franklin,Consumer,East,Michellebury,13-10-2022
C1611,Kathleen Burton,Home Office,West,Port Renee,14-11-2022
C1612,Tiffany Joseph,Home Office,South,Weaverhaven,06-09-2021
C1613,Sarah Rodriguez,Home Office,North,Edwardland,23-02-2026
C1614,Renee Smith,Corporate,West,Lake Sara,22-08-2023
C1615,Nicole Roberts,Home Office,West,Westton,09-01-2023
C1616,Mrs. Cindy Sanchez,Home Office,South,Christensenfort,23-12-2025
C1617,Patricia Rodriguez,Corporate,East,Lake Emily,15-06-2021
C1618,Barbara Crane,Consumer,West,Cobbview,21-04-2026
C1619,Amanda Gould,Home Office,North,Aaronmouth,12-10-2023
C1620,Kristen Nielsen,Home Office,South,Pollardmouth,12-02-2025
C1621,Bradley Harper,Consumer,West,Toniland,26-12-2025
C1622,Aaron Gonzales,Consumer,South,Lake Michaelhaven,21-05-2022
C1623,Scott Jones,Consumer,South,Lunaview,17-03-2025
C1624,Hannah James,Consumer,North,Anthonyfurt,18-11-2024
C1625,Mark Smith,Corporate,North,South Debraview,24-02-2026
C1626,Nancy Choi,Home Office,West,Spencerfurt,06-10-2022
C1627,Caitlyn Torres,Consumer,South,West Carolyn,29-06-2023
C1628,Savannah Johnson,Home Office,East,North Adamfurt,25-06-2025
C1629,Rachael Rogers,Corporate,North,New Brenda,29-11-2022
C1630,Roy Barry,Consumer,West,North Kevinfurt,01-10-2021
C1631,Danny Stein,Home Office,West,East Eric,29-04-2024
C1632,Eric Brown,Home Office,East,Erichaven,18-11-2025
C1633,Leslie Smith,Corporate,West,West Joseph,07-09-2025
C1634,Sarah Foster,Consumer,West,Lake Kristen,01-04-2023
C1635,Hayley Caldwell,Consumer,West,Kirkfort,29-10-2024
C1636,Carolyn Coleman,Consumer,South,Jenniferberg,15-03-2024
C1637,Terri Smith,Home Office,North,South Melaniechester,16-06-2023
C1638,Amanda Sullivan,Consumer,North,Suttonton,24-06-2022
C1639,Amy Williams,Corporate,East,East Stacey,19-07-2025
C1640,Joseph Yang,Corporate,East,Robersonchester,10-08-2025
C1641,Denise Carter,Corporate,West,Medinaburgh,12-10-2025
C1642,Angela Lewis,Home Office,West,Rachelchester,05-02-2025
C1643,Blake Case,Consumer,South,Port Jenniferland,03-04-2022
C1644,Lisa Carrillo,Corporate,West,Perezborough,26-12-2023
C1645,Ronald Patton,Consumer,West,Hayesstad,22-04-2025
C1646,Mr. Robert Garcia,Consumer,West,Walkerfurt,31-10-2024
C1647,Lisa Bryant,Corporate,South,Kellyton,12-03-2025
C1648,Molly Martin,Consumer,West,East Chad,07-10-2022
C1649,Shawn Wright,Corporate,East,Smithchester,07-10-2024
C1650,William Kim,Consumer,East,Eduardoville,31-12-2022
C1651,William Thomas,Corporate,East,North Julie,23-06-2025
C1652,Susan Crawford,Corporate,West,Port Jonathanville,29-09-2024
C1653,Gregory Craig,Home Office,North,Smithchester,14-12-2022
C1654,Paul Moore MD,Consumer,South,Port Andrewland,26-12-2024
C1655,Joseph Sanchez,Corporate,West,South Craigton,04-08-2024
C1656,John Holmes,Corporate,East,Tanyaburgh,11-06-2025
C1657,Kathy Vang,Home Office,West,South Courtneyburgh,20-04-2022
C1658,Christopher Taylor,Home Office,North,Michaelland,29-07-2022
C1659,Kyle Valencia,Consumer,West,West Erica,28-03-2023
C1660,Mary Stewart,Consumer,West,North Andrewborough,16-03-2022
C1661,Carrie Griffin,Home Office,West,Dustinton,15-03-2022
C1662,Anne Rasmussen,Home Office,East,Alvaradomouth,26-01-2025
C1663,Sandra Snyder,Consumer,South,New Ashleychester,29-10-2023
C1664,Ian Carney,Consumer,East,East Matthew,01-05-2026
C1665,Marcus Santiago,Home Office,West,Hernandezborough,19-09-2025
C1666,Gordon Mcdaniel,Consumer,North,New Christopher,06-11-2025
C1667,Denise Payne,Consumer,South,Nuneztown,24-08-2021
C1668,Tamara Hansen,Consumer,North,East Jenniferstad,29-07-2022
C1669,Jesse Green,Consumer,North,East Linda,03-10-2023
C1670,Daniel Shepherd,Corporate,North,East Kara,14-02-2024
C1671,Terri Ramirez,Corporate,South,East Thomas,02-11-2022
C1672,Edward Smith,Corporate,East,Port Roberttown,12-06-2022
C1673,Tiffany Murphy,Corporate,West,Lake Michael,25-09-2024
C1674,Shirley Howe,Home Office,North,West Brittany,29-10-2023
C1675,Brandon Randolph,Home Office,North,Kevinport,24-10-2025
C1676,John Burns,Consumer,East,New Ericville,09-01-2023
C1677,Joshua Webb,Corporate,West,Williamfort,15-10-2021
C1678,Julie Johnson,Consumer,West,East Nicole,26-04-2023
C1679,Joshua Kelly,Home Office,East,Williamston,30-12-2022
C1680,Crystal Potter,Corporate,South,Jenkinsport,21-08-2024
C1681,Jason Gibson,Corporate,North,Sweeneyshire,02-01-2023
C1682,Shawn Payne,Corporate,North,West Melissaborough,29-12-2023
C1683,Samantha Williams,Corporate,North,Bennettton,26-08-2021
C1684,Jessica Lopez,Consumer,South,Coxfurt,08-09-2024
C1685,Shane Gardner,Consumer,South,Port Katrinastad,17-01-2022
C1686,Angelica Graham,Home Office,South,Williamsfurt,03-09-2023
C1687,Jacob Richards,Corporate,West,South Melissachester,29-12-2025
C1688,Gina Zavala,Home Office,North,Parkborough,15-02-2023
C1689,Brenda Diaz,Home Office,North,Hoganberg,13-02-2026
C1690,Zachary Bauer,Corporate,South,Port Mike,14-04-2025
C1691,Jeff Williams,Home Office,South,Mccarthyfurt,20-06-2025
C1692,Amy Johnson,Home Office,North,South Williamville,29-10-2025
C1693,Jason Molina,Consumer,East,Charlesbury,25-11-2021
C1694,Peggy Cantu,Home Office,East,Lake Calebland,03-08-2025
C1695,Joshua Peters,Home Office,East,Port Dylanstad,03-08-2023
C1696,Michele Smith,Corporate,West,Port Valerieborough,01-02-2025
C1697,Angela Ward,Corporate,West,Keithside,30-05-2021
C1698,Valerie Brown,Corporate,South,Lake Reneemouth,07-12-2021
C1699,Susan Lopez,Corporate,East,Janetberg,28-08-2024
C1700,Tanya Dawson,Home Office,West,Robertmouth,19-05-2021
C1701,Shane Casey,Home Office,North,Burnsborough,12-01-2023
C1702,Yvette Hart,Consumer,East,Charlesshire,19-03-2024
C1703,Rebecca Ross,Home Office,East,West Justin,25-11-2023
C1704,Daniel Hudson,Corporate,North,South David,20-09-2022
C1705,Rachel Jones,Corporate,North,Richardschester,07-04-2023
C1706,Jennifer Barton,Corporate,East,Jonesberg,16-06-2022
C1707,Douglas Stuart,Home Office,East,Port Mark,02-10-2023
C1708,Brooke Garrison,Corporate,East,South Heather,19-07-2023
C1709,Jason Gonzalez,Home Office,East,New Catherine,19-07-2025
C1710,Sandra Smith,Consumer,South,Timothyfurt,09-11-2021
C1711,Shawn Joseph,Home Office,South,East Aliciachester,31-10-2025
C1712,Melanie Rivers,Consumer,West,Jaredburgh,31-12-2022
C1713,Evan Blair,Home Office,East,Williamsmouth,19-03-2024
C1714,William Goodman,Home Office,South,West Candiceville,24-02-2026
C1715,Lindsay Wilkerson,Home Office,North,South Adamfort,22-12-2025
C1716,Steven Hodges,Home Office,West,Christophermouth,30-06-2022
C1717,Jonathan Jones,Corporate,East,North Robinton,16-07-2025
C1718,Carlos Adams,Corporate,West,South Jennifer,11-12-2024
C1719,Brent Mckee,Corporate,North,Hayneston,13-01-2022
C1720,Anita Anderson,Home Office,South,New Jenniferbury,21-09-2025
C1721,Patrick Schneider,Corporate,South,Lake Debra,28-10-2021
C1722,Deborah Buck,Home Office,West,South Davidbury,05-01-2026
C1723,Juan Thomas,Home Office,East,East Micheleburgh,13-05-2025
C1724,David Rasmussen,Home Office,East,West Wendyhaven,06-07-2024
C1725,Benjamin Ramirez,Consumer,South,Jocelynland,05-02-2026
C1726,Daniel Wood,Corporate,North,Lake Shellytown,23-03-2026
C1727,Amanda Buchanan,Corporate,South,New Amy,22-02-2022
C1728,Amanda Williams,Home Office,East,Matthewborough,10-02-2022
C1729,Jennifer Mendez,Home Office,South,Mooreton,18-11-2022
C1730,Chad White,Home Office,East,Oliviafurt,31-10-2023
C1731,Elizabeth Green,Home Office,North,North William,20-02-2023
C1732,Rhonda Richards,Consumer,East,Stanleystad,25-07-2022
C1733,Nicholas Moore,Consumer,East,Brittanyhaven,10-03-2022
C1734,Corey Arias,Corporate,East,Lindseybury,10-12-2023
C1735,Ian Watson,Corporate,East,Port Thomas,16-08-2024
C1736,Joseph Bishop,Home Office,East,Brianfort,08-05-2024
C1737,Laura Davis,Corporate,North,Lake Barbara,17-07-2025
C1738,Nicholas Thompson,Corporate,North,Mortonmouth,09-05-2023
C1739,Erika Thomas,Home Office,North,Hernandezberg,09-02-2023
C1740,Amanda Myers,Corporate,South,Kimberlyton,05-09-2025
C1741,Jeffrey Norman,Home Office,North,West Kristen,08-04-2025
C1742,Kristopher Johnson,Home Office,West,West Arthur,14-07-2021
C1743,Donna Cooley,Home Office,East,East Emilymouth,26-11-2023
C1744,Michael Washington,Corporate,North,Glentown,12-02-2022
C1745,Laura Morrison,Consumer,South,Laurastad,29-07-2023
C1746,Amanda Brown,Consumer,East,Oconnorview,14-11-2024
C1747,Suzanne Fleming,Corporate,West,East Christineview,29-08-2022
C1748,Beth Villa,Consumer,East,Travisshire,05-02-2023
C1749,Karen Contreras,Home Office,South,Gallaghermouth,12-08-2021
C1750,Jeremy Chapman,Consumer,West,South Emily,12-04-2023
C1751,Miranda Hughes,Corporate,South,Mariabury,14-04-2026
C1752,Kyle Ramirez,Corporate,North,Marthastad,07-01-2022
C1753,Eric Schneider,Consumer,West,West Lisa,30-12-2022
C1754,James Jones,Corporate,South,East Veronica,11-06-2022
C1755,Marcus Sanders,Consumer,South,New Nancy,04-07-2022
C1756,Jessica Bennett,Corporate,North,Port Robertport,06-03-2025
C1757,Christopher Ruiz,Consumer,West,New Brianville,05-02-2025
C1758,Jacob Scott,Home Office,West,Watsonchester,09-07-2025
C1759,Julia Roberts,Corporate,West,West Donaldtown,21-02-2024
C1760,Leslie Santos,Corporate,West,South Victorialand,03-01-2025
C1761,Daniel Butler III,Consumer,North,North Danielchester,19-10-2025
C1762,Meghan Brown,Home Office,South,Lake Tammyfurt,14-04-2025
C1763,Mark Stone,Home Office,East,Hernandezfort,08-10-2021
C1764,Gabriel Jones,Consumer,East,East Stephen,22-08-2024
C1765,Cheryl Stephenson,Home Office,South,West Jenniferland,06-08-2022
C1766,Amanda Jones,Consumer,North,North Franciscobury,04-11-2022
C1767,Elizabeth Dickerson,Home Office,South,Williamtown,16-07-2025
C1768,Frank White,Consumer,East,Andradeville,07-01-2026
C1769,Joshua Mercado,Corporate,South,Caldwellborough,08-10-2024
C1770,Heather Thomas,Consumer,West,North Christopher,08-04-2023
C1771,Robert Martinez,Home Office,East,West Jason,25-04-2026
C1772,Emily Shaw,Consumer,North,Lake Tyler,05-08-2024
C1773,Robert Oneill,Consumer,East,Kellyfort,27-02-2022
C1774,Kayla Owens,Corporate,West,Nicolefurt,31-12-2025
C1775,Kevin Smith,Home Office,East,Christineville,01-02-2025
C1776,Joanne Parks,Corporate,South,New Mary,20-10-2021
C1777,Mikayla Diaz,Corporate,West,Port Amandafort,12-06-2025
C1778,Morgan Floyd,Corporate,South,Lake Janetborough,04-05-2025
C1779,Curtis Larsen,Consumer,West,Port Anthony,01-06-2022
C1780,Denise Hansen,Consumer,South,Johnsonmouth,15-01-2023
C1781,Tracey Wright,Consumer,South,New Samuel,20-11-2021
C1782,Joshua Boyd,Consumer,North,Boydfort,17-09-2021
C1783,Christopher Pennington II,Home Office,South,Valenzuelafurt,06-11-2023
C1784,Steven Edwards,Consumer,East,Jenniferhaven,19-04-2022
C1785,Amber Horne,Home Office,North,Lake Raymondside,19-08-2023
C1786,Jason Baldwin,Corporate,East,North Jeffrey,17-12-2025
C1787,Jennifer Brady,Home Office,North,Christopherborough,08-11-2021
C1788,Erica Rogers,Home Office,North,Michaeltown,29-04-2025
C1789,William Fields,Home Office,North,Rodriguezburgh,14-12-2024
C1790,Brandi Green,Home Office,North,South Rita,30-03-2023
C1791,Ryan Singh,Consumer,North,Lake Carlosbury,15-06-2024
C1792,Dr. Patricia Gutierrez,Corporate,West,West Bryan,21-09-2022
C1793,Morgan Kirk,Corporate,North,Anthonychester,01-05-2023
C1794,Sharon Johnston,Home Office,East,Gordonstad,11-01-2023
C1795,Monica Bennett,Corporate,South,Kylefurt,14-07-2021
C1796,Jacob Thornton,Consumer,North,Walkerburgh,24-08-2022
C1797,April Gates,Corporate,West,Maryshire,04-01-2025
C1798,Jennifer King,Home Office,North,New Gregorychester,13-11-2021
C1799,Julia Gutierrez,Home Office,East,Jeffreyview,23-09-2022
C1800,Tyler Hull,Home Office,South,East Cynthia,26-10-2025
C1801,Sarah Davis,Corporate,North,Taylorberg,28-04-2022
C1802,Justin Golden,Home Office,North,Lake Michaela,24-01-2025
C1803,Lisa Fisher,Corporate,North,Lake Angela,01-01-2023
C1804,Rebecca Benson,Consumer,West,Cherylburgh,12-07-2022
C1805,Brandon Allen,Consumer,South,Isabellaton,10-01-2024
C1806,William Roberson,Corporate,South,North Amy,28-12-2025
C1807,Miranda Haley,Corporate,West,Birdside,31-05-2023
C1808,Jordan Simpson,Corporate,South,Jillianton,09-07-2024
C1809,Destiny Todd,Consumer,West,Christopherchester,20-05-2025
C1810,Michael Hall,Consumer,West,Johnsonside,22-06-2021
C1811,Andrea Clark,Corporate,South,Latashaport,24-11-2022
C1812,Catherine Walters,Consumer,North,Joshuaberg,16-07-2025
C1813,Dr. Megan Lowery MD,Home Office,North,New Michelleport,29-07-2025
C1814,Diana Coleman,Consumer,West,Angelaland,12-01-2022
C1815,Anna Williams,Consumer,North,North Gabriella,13-04-2026
C1816,Felicia Smith,Home Office,North,Robertsonburgh,23-10-2024
C1817,Ernest Gonzalez,Home Office,North,West Scottberg,04-09-2025
C1818,Henry Edwards,Corporate,South,South Renee,23-04-2024
C1819,Samuel Fox,Corporate,East,Arthurland,17-12-2022
C1820,Michael Irwin,Corporate,West,Clarkchester,30-01-2026
C1821,Mallory Schroeder,Consumer,North,West Joshua,07-02-2026
C1822,Rebecca Green,Consumer,North,New Andrew,12-04-2025
C1823,Christine Dixon,Corporate,East,Pennychester,15-03-2025
C1824,Larry George,Home Office,East,East Felicia,29-06-2025
C1825,Annette Bell,Corporate,North,Boltonberg,01-03-2024
C1826,Brenda Smith,Consumer,North,Port Dianeview,18-04-2023
C1827,Shannon Lane,Consumer,South,New Christinechester,02-05-2022
C1828,Ashley Carroll,Home Office,South,Johnsonhaven,02-10-2025
C1829,Larry Barker,Corporate,East,Lake Monicaview,25-03-2024
C1830,Sheena Delgado,Corporate,East,Ryanview,21-12-2025
C1831,Amanda Grant,Home Office,North,Karifort,09-03-2026
C1832,Bradley Alexander,Corporate,East,Allenville,06-05-2024
C1833,Ashley Crawford,Consumer,North,Port Mary,06-07-2024
C1834,Cody Olsen,Corporate,West,Andrewland,25-01-2022
C1835,Ryan Martinez,Corporate,East,South Kennethhaven,27-03-2023
C1836,Carlos Simmons,Corporate,West,South Angelastad,28-05-2023
C1837,Andrew Turner,Corporate,South,East Danny,31-05-2024
C1838,Monique Rodriguez,Consumer,South,Mariaburgh,14-04-2024
C1839,Betty Lee,Home Office,North,Jacobport,20-02-2023
C1840,Dorothy Young,Consumer,North,East Amandaland,28-11-2021
C1841,Allison Parker,Corporate,West,Port Jennifer,22-03-2026
C1842,Anita Jones,Home Office,West,Schultzstad,22-05-2023
C1843,Robert Jones,Consumer,West,West Benjaminburgh,03-04-2026
C1844,Luke Keller,Corporate,North,Lake Michaelmouth,02-01-2024
C1845,Jonathan Richardson,Home Office,South,Port Alicia,13-04-2025
C1846,Kelly Parker,Corporate,West,Meganside,29-10-2022
C1847,Scott Clarke,Consumer,West,North Ericmouth,26-06-2023
C1848,Taylor Espinoza,Corporate,North,Rodneyhaven,17-05-2022
C1849,Christopher Willis,Consumer,East,New Travis,12-05-2025
C1850,April Carter,Home Office,East,Carolmouth,27-09-2024
C1851,Christina Medina,Consumer,South,Susanhaven,30-05-2021
C1852,Shannon Huerta,Home Office,East,Petersonshire,01-03-2024
C1853,Matthew Clark,Home Office,North,Sherrymouth,24-06-2022
C1854,Stephanie Powers,Corporate,South,East Monique,11-04-2024
C1855,Michael Daniels,Corporate,East,East Jennifermouth,09-03-2024
C1856,Robert Hood,Home Office,West,Lake Danielshire,03-01-2024
C1857,Pamela Jones,Consumer,North,Port Theresa,08-05-2025
C1858,Christopher Hunter,Consumer,South,Jesseville,23-08-2022
C1859,Amber Martin,Home Office,West,Christianmouth,29-07-2022
C1860,Shawn Bryant,Corporate,South,Davidshire,04-03-2022
C1861,John Snyder,Consumer,West,Dunnmouth,25-04-2022
C1862,James Castillo,Corporate,South,Port Jeremystad,03-01-2025
C1863,Courtney Taylor,Corporate,East,Port Paul,01-04-2024
C1864,Amanda Roberts,Consumer,South,Jessechester,02-04-2022
C1865,Joshua Beard,Home Office,West,Sanchezborough,08-01-2025
C1866,Shelley Garcia DVM,Corporate,South,Chavezberg,30-10-2024
C1867,Timothy Berry,Consumer,West,Port Stephenside,02-09-2025
C1868,Edwin Guzman,Corporate,West,Port Erica,01-12-2024
C1869,Tina Hodge,Consumer,West,Port Thomas,20-11-2021
C1870,Aaron Butler,Corporate,East,Lake Joanna,16-11-2023
C1871,Dana Small,Consumer,West,South Alison,08-03-2022
C1872,Scott Nelson,Home Office,North,Jenniferhaven,24-02-2026
C1873,Paul Hayes,Consumer,West,Mossfurt,19-02-2022
C1874,Amanda Michael,Corporate,North,Joshuaberg,20-03-2023
C1875,Patricia Davis,Home Office,North,Port Andrewside,22-07-2024
C1876,Christina Martinez,Consumer,East,South Margaret,31-12-2021
C1877,Jody Rogers,Home Office,South,New Alicia,23-02-2025
C1878,Andrea Wagner,Home Office,West,Ramirezborough,12-11-2024
C1879,Allen Grant,Corporate,East,East Beckyview,21-01-2025
C1880,Brittany Hernandez,Consumer,South,Thomasbury,14-05-2025
C1881,Eric Young,Corporate,East,South Anthony,15-08-2025
C1882,Yvette White,Home Office,West,South Rebeccastad,02-09-2025
C1883,Brandon Velazquez,Home Office,East,Port Johnside,01-08-2024
C1884,John Thomas,Home Office,West,Port Robertmouth,01-09-2025
C1885,Crystal Smith,Consumer,North,Lake Pamelatown,25-08-2024
C1886,Erin Erickson,Home Office,South,New William,27-05-2021
C1887,Kelly Fleming,Consumer,East,Jacksonmouth,23-09-2024
C1888,Patricia Walsh,Corporate,East,Lake Kristinside,29-10-2024
C1889,Gregory Ellis,Home Office,East,Lauriemouth,23-07-2024
C1890,Nicholas Weaver,Home Office,North,East Elizabethton,04-09-2023
C1891,Brandon Parsons,Consumer,South,Bobland,05-12-2025
C1892,Susan Frazier,Corporate,South,North Robert,08-06-2025
C1893,Robin Nelson,Home Office,West,West Brianmouth,04-05-2022
C1894,Tyler Davis,Consumer,East,Wilsonstad,25-02-2026
C1895,Joseph Sanchez,Home Office,South,East Amandamouth,11-05-2026
C1896,Laurie Castillo,Consumer,North,East Becky,16-02-2026
C1897,Cindy Willis,Corporate,South,East Donnaview,31-08-2025
C1898,Todd Ramirez,Corporate,South,Richardsonshire,03-03-2022
C1899,Larry Davis,Home Office,East,Kimberlyshire,27-04-2023
C1900,Olivia West,Consumer,West,East Teresachester,06-08-2022
C1901,Brittany Moore,Consumer,North,Lake Luketown,17-11-2021
C1902,Kevin Lynch,Corporate,West,Dianaborough,30-06-2022
C1903,Thomas Jenkins,Home Office,South,Mortonchester,23-02-2025
C1904,Kent Webster,Corporate,North,Middletonshire,27-01-2026
C1905,Taylor Obrien,Home Office,North,Port Sarah,13-06-2024
C1906,Michael Brock,Home Office,West,New Lisa,03-11-2025
C1907,Linda Mathis,Home Office,West,Michaelchester,30-09-2022
C1908,Diana Thompson,Home Office,South,Lake Charleneville,31-05-2024
C1909,Michael Garcia,Home Office,South,North Kevinfurt,05-02-2023
C1910,Hector Moody,Home Office,South,Summersbury,13-12-2021
C1911,Taylor Curry,Consumer,West,West Angel,08-01-2025
C1912,Tiffany Wagner,Home Office,East,East Jamesfurt,14-12-2022
C1913,Nicole Ferguson,Home Office,West,Horneberg,10-10-2022
C1914,David Lee,Corporate,South,New Sarah,28-04-2026
C1915,Ashley Gross,Corporate,West,East Deborahside,19-08-2022
C1916,Tara Mcbride,Corporate,East,Port Ashleyport,12-05-2022
C1917,Jennifer Willis MD,Corporate,South,Lake Rebecca,29-06-2021
C1918,Rebecca Taylor,Consumer,West,Moraleschester,17-10-2023
C1919,George Harris,Home Office,East,West Evan,07-12-2024
C1920,Jamie Stuart,Home Office,East,West Felicia,14-05-2026
C1921,Jessica Pineda,Home Office,South,Lake James,23-09-2025
C1922,Robert Barrett,Consumer,South,Benjaminshire,23-06-2022
C1923,Tamara Park,Home Office,East,South Ann,11-04-2024
C1924,Cheryl Nguyen,Home Office,East,Poncefurt,14-03-2024
C1925,Ann Patrick,Home Office,South,Grayton,13-11-2022
C1926,Daniel Spears,Home Office,South,Laurenfort,13-08-2022
C1927,Matthew Pratt,Home Office,East,Lake Aaron,08-12-2024
C1928,Maria Bradley,Home Office,North,Smithmouth,30-04-2025
C1929,Jonathan Hall,Corporate,West,Johnbury,06-12-2025
C1930,Kristina Moore,Home Office,West,West Seanton,15-08-2023
C1931,Tiffany Ray,Home Office,East,North Diane,08-07-2021
C1932,Adam Cox,Corporate,North,North Jeffreyberg,11-07-2021
C1933,Lisa Ballard,Home Office,North,Brentbury,10-02-2022
C1934,Jason Simpson,Consumer,West,East Connie,11-02-2026
C1935,Christopher Watts,Consumer,North,Colefort,09-02-2022
C1936,Peter Gould,Home Office,North,Lake Markville,27-02-2024
C1937,Richard Bryant,Consumer,East,Brennanfurt,09-12-2021
C1938,Fernando Vaughn,Consumer,East,Brittneybury,06-08-2022
C1939,Jennifer Blake,Home Office,East,Port Kellyshire,01-09-2021
C1940,Brian Chapman,Consumer,North,Hallside,24-02-2025
C1941,Nicholas Graham,Home Office,East,New Stevenfort,16-01-2025
C1942,Olivia Bautista,Consumer,North,New Christopher,17-05-2024
C1943,Brian Palmer,Corporate,West,Rogerbury,24-12-2024
C1944,Roger Castillo,Consumer,South,Port Kimberly,22-05-2025
C1945,Tracy Boyle,Home Office,West,Jessicaborough,04-02-2025
C1946,Michael Sullivan,Consumer,East,East Lindastad,16-05-2026
C1947,Corey Yu,Home Office,North,Port Krystal,26-01-2022
C1948,Daniel Brandt,Corporate,West,Bairdfurt,06-04-2023
C1949,James Garcia,Corporate,East,New Kayla,03-08-2024
C1950,Mark Oconnor,Home Office,North,West Michaeltown,25-05-2021
C1951,Maureen Smith,Consumer,East,Port Donna,26-06-2023
C1952,Paul Barrett,Consumer,West,East Lindseystad,11-02-2025
C1953,Jerry Harvey,Consumer,East,Floresfurt,01-02-2025
C1954,Nicholas Anderson,Home Office,South,West Mallorybury,16-12-2024
C1955,Tanya Hughes,Home Office,South,North Keith,22-03-2022
C1956,Timothy Simpson,Corporate,West,Port Angela,11-02-2025
C1957,Michael Andrade,Consumer,North,Lake Jonathanview,25-01-2025
C1958,Michael Rodriguez,Consumer,South,North Michael,09-06-2025
C1959,Dr. Rodney Harris DDS,Home Office,North,Port Sarah,07-10-2021
C1960,Brittany Zimmerman,Corporate,North,Marquezton,20-09-2021
C1961,Christina Bowman,Corporate,East,New Patriciashire,16-11-2024
C1962,Brittany Hopkins,Home Office,East,East Lisafort,01-03-2026
C1963,John Gill,Consumer,South,Payneport,25-02-2024
C1964,Patrick Stone,Home Office,East,Port Sharonborough,07-07-2021
C1965,Dillon Ramos,Consumer,East,South Margaretborough,15-10-2023
C1966,Katelyn Vang,Corporate,South,Scottshire,01-04-2022
C1967,Kelly Ramirez,Consumer,South,Hughesshire,21-10-2025
C1968,Cameron Rojas,Corporate,North,Melissafurt,22-09-2023
C1969,Mary Campbell,Home Office,East,North Christinefurt,06-03-2024
C1970,Melissa Ramos,Corporate,East,Loribury,02-09-2023
C1971,Julie Knox,Consumer,East,Hoganside,06-09-2024
C1972,Monique Stewart,Home Office,South,Blackbury,07-11-2023
C1973,David Guerrero,Consumer,North,Laurenland,18-04-2022
C1974,Angela Bell,Home Office,South,East Shane,17-08-2024
C1975,Angela Davis,Corporate,West,Wrightmouth,30-06-2024
C1976,Holly Cruz,Consumer,East,Lake Margaret,08-05-2025
C1977,Shelley Palmer,Consumer,South,Port Katherinefort,02-06-2025
C1978,Monica Keith,Home Office,East,New Elijahbury,11-08-2025
C1979,Alice Crane,Corporate,East,Lake Gregory,27-02-2026
C1980,Stefanie Massey DVM,Corporate,South,North Kennethstad,09-12-2021
C1981,Barbara Grant DDS,Home Office,West,Port Dustinbury,07-05-2023
C1982,Cindy Smith,Home Office,North,Yangstad,02-04-2024
C1983,Jennifer Parker,Consumer,East,Maryport,11-05-2025
C1984,Christine Olson,Corporate,South,Howellburgh,27-08-2022
C1985,Victoria Wilson,Home Office,South,Martinfurt,14-08-2023
C1986,Dennis Cole,Consumer,East,Alvarezberg,14-07-2022
C1987,Nicole Mcdonald,Corporate,North,South Jenniferchester,23-02-2026
C1988,Daniel Miller,Corporate,East,Millerton,29-12-2023
C1989,Patty Wilson,Home Office,East,Brandonstad,21-03-2023
C1990,Natalie Garcia,Consumer,East,Michaelland,17-05-2021
C1991,David Gonzalez,Home Office,West,Keithtown,11-10-2023
C1992,Elizabeth Clark,Corporate,North,South Danny,18-09-2024
C1993,Timothy Mathews,Corporate,South,South Kristinfort,29-09-2024
C1994,Mandy Reed,Corporate,North,Paulmouth,30-11-2023
C1995,Jonathan Davis,Consumer,South,West Jeffrey,27-01-2022
C1996,Joanne Gates,Home Office,North,Adamshaven,02-06-2025
C1997,Suzanne Kelly,Home Office,North,New Thomasfort,09-05-2024
C1998,Brianna Cole,Consumer,South,South Heatherton,26-05-2023
C1999,Jacqueline Baldwin,Home Office,West,South Jenniferview,18-12-2024
C2000,Erin Pratt,Consumer,South,South Bobview,06-01-2023
C2001,Michael Ross,Home Office,West,Randallmouth,18-11-2023
C2002,Brenda Summers,Home Office,North,Dianeburgh,30-05-2024
C2003,Jennifer Wood,Home Office,South,Terryborough,22-08-2024
C2004,William Young,Consumer,West,Lake Joshuachester,04-02-2025
C2005,Chelsea Lopez,Home Office,East,Mayerborough,02-03-2024
C2006,Carrie Miller,Consumer,North,East Carl,12-12-2024
C2007,Kathryn Johnson,Consumer,North,Susanside,28-02-2025
C2008,Stephanie Reed,Consumer,East,Port Michealburgh,10-10-2024
C2009,Christopher Scott,Home Office,North,West Christopherbury,09-11-2025
C2010,Bradley Carter,Home Office,South,Holmesmouth,08-04-2022
C2011,Kevin Payne,Corporate,West,Lake Ashley,30-12-2021
C2012,Anthony Malone,Corporate,West,Lisaview,10-07-2024
C2013,Ricky Cervantes,Home Office,West,Georgeview,29-09-2024
C2014,Kyle Payne,Corporate,East,North Shannonton,15-11-2023
C2015,Miss Melissa Bentley,Consumer,West,Danielmouth,27-08-2021
C2016,Karen King,Home Office,North,Jenniferchester,10-04-2024
C2017,Ashley Jackson,Home Office,North,New Clairemouth,04-05-2026
C2018,Tamara Anderson,Home Office,North,New James,03-09-2024
C2019,Dennis Juarez,Home Office,North,Williamfort,20-02-2025
C2020,Tara Bullock,Home Office,North,Maddenstad,27-04-2024
C2021,Jeffrey Friedman,Corporate,North,Kylefurt,07-07-2021
C2022,Ryan Richardson,Corporate,East,New Gracemouth,16-03-2026
C2023,Candace Singh,Home Office,North,Phillipshire,13-06-2023
C2024,Tammy Jones,Corporate,West,Danielstad,16-05-2025
C2025,Dylan Doyle,Corporate,West,Coxville,15-10-2024
C2026,Catherine Atkins,Home Office,North,West Loristad,14-04-2023
C2027,Molly Johnson,Corporate,South,New Edward,29-10-2024
C2028,Denise Chavez,Home Office,South,Port Ryanside,24-07-2025
C2029,Daniel Andrade,Consumer,West,South Christopher,27-02-2022
C2030,Melissa Diaz,Home Office,East,Wellsbury,30-10-2022
C2031,Gabriel Watson,Home Office,South,Douglaston,13-09-2025
C2032,Melissa Frank DVM,Corporate,East,North Adamtown,18-10-2021
C2033,Elizabeth Estrada,Consumer,South,North Nicholas,02-01-2023
C2034,Carlos Medina,Consumer,North,New Donald,03-11-2021
C2035,Sabrina Perry,Consumer,West,Danielland,25-07-2024
C2036,Tami Mccarthy,Home Office,North,West Alicia,17-04-2025
C2037,Jody Rodgers,Corporate,South,Jacksonshire,18-02-2026
C2038,Brittany Le,Home Office,East,East Joshuabury,27-04-2022
C2039,Lauren Smith,Consumer,West,Crawfordfort,10-07-2021
C2040,Carla Cook,Home Office,South,New Jasonborough,05-05-2023
C2041,Susan Wiley,Consumer,South,Davisville,25-09-2024
C2042,Joan Bernard,Consumer,East,Ramirezberg,23-01-2022
C2043,Janice Park,Consumer,North,Lake Richardburgh,12-05-2026
C2044,Cory Hunter,Consumer,North,Lake Brian,11-06-2023
C2045,Victoria Morris,Home Office,West,West James,04-11-2024
C2046,Jeffrey Frey,Home Office,North,New David,25-04-2025
C2047,Francisco Wilkins,Corporate,North,Port Julieview,17-09-2022
C2048,Kayla Butler,Corporate,North,Port Steven,11-03-2024
C2049,Anthony Moore,Consumer,West,Port Stephanieport,15-09-2022
C2050,Diana White,Corporate,East,Kennethville,03-03-2025
C2051,Manuel Warren,Consumer,South,Lake Craig,25-07-2025
C2052,Charles Garcia,Consumer,East,Tatestad,27-10-2024
C2053,Dakota Nguyen,Home Office,North,Herreraview,12-10-2021
C2054,Kelly Bush,Consumer,East,Haleview,03-05-2022
C2055,Mark Williams,Corporate,West,Wolfetown,07-02-2023
C2056,Stephen Lamb,Corporate,East,North Courtney,15-06-2023
C2057,Marilyn Reid,Home Office,South,West Brittany,15-10-2022
C2058,Shannon Brown,Home Office,East,Port Shaun,11-07-2025
C2059,Randy King,Corporate,West,Alexanderborough,11-02-2026
C2060,Jodi Stafford,Consumer,North,Allisonborough,02-07-2024
C2061,Anthony Ashley,Corporate,South,South Jessicaberg,07-11-2025
C2062,Donald Wolf,Consumer,West,Kimberlymouth,07-09-2023
C2063,Anthony Forbes,Corporate,East,Melindaside,19-05-2022
C2064,Margaret Scott,Consumer,East,Alyssaville,15-03-2022
C2065,Robin Mckenzie,Corporate,West,New Jason,19-11-2021
C2066,Gina Hughes,Corporate,East,Port Michaelbury,19-06-2024
C2067,Jessica Rodgers,Corporate,West,New Carrieview,07-09-2023
C2068,Kimberly Love,Home Office,North,New David,04-01-2023
C2069,Susan Anthony,Consumer,North,Rowemouth,27-06-2021
C2070,Gloria Mitchell,Corporate,South,North Sarah,19-08-2023
C2071,Timothy Ward,Home Office,South,New Michelle,16-06-2025
C2072,Debra Fitzgerald,Corporate,North,Port Markfurt,15-03-2026
C2073,Christopher Rodriguez,Home Office,North,Lake Troymouth,11-02-2023
C2074,Courtney Hudson,Consumer,North,East Melissa,15-09-2025
C2075,Christine Ross,Home Office,West,Hughesborough,25-02-2026
C2076,Veronica Smith,Home Office,South,New Davidshire,25-11-2025
C2077,Jonathan Griffin,Consumer,East,Wallaceberg,19-07-2023
C2078,Daniel Marshall,Home Office,West,Randolphhaven,05-07-2022
C2079,Mark Barnett,Home Office,South,Whiteshire,14-12-2022
C2080,Mark Ward,Corporate,West,Moralesburgh,05-08-2023
C2081,Jessica Cooper,Consumer,East,Amandafort,15-11-2025
C2082,Gavin Merritt,Consumer,West,Port Johnbury,22-03-2022
C2083,Sara Hernandez,Home Office,North,East Alexandraville,07-11-2025
C2084,David Andersen,Corporate,East,Lake Ryanburgh,21-01-2026
C2085,Ronald Hall,Home Office,North,East Brad,14-03-2025
C2086,Edgar Juarez,Home Office,South,Farrellton,18-01-2023
C2087,Jimmy Sanchez,Home Office,South,Christensenside,11-01-2023
C2088,Jennifer Koch,Home Office,South,South Evanville,05-12-2022
C2089,Jonathan Alvarez,Corporate,South,North Calebport,05-02-2026
C2090,Steven Reeves,Consumer,South,Zacharystad,28-11-2023
C2091,Jeremy Taylor,Home Office,West,Josephmouth,18-11-2023
C2092,Brittany Caldwell,Corporate,North,South Courtneyfort,12-08-2022
C2093,Sara Hill,Consumer,West,Petersonberg,09-11-2023
C2094,Megan Melendez,Consumer,North,Lake Stacey,08-01-2022
C2095,Isabel Rodriguez,Corporate,East,Leahview,12-10-2024
C2096,Mike Griffin,Consumer,North,South Ian,24-06-2024
C2097,Patricia Brooks,Home Office,South,Port Shane,09-01-2025
C2098,Lauren Curtis,Home Office,East,New Brianport,29-08-2021
C2099,Natalie Wagner,Corporate,West,South Sierraside,29-03-2026
C2100,Courtney Lewis,Corporate,North,Lake Nathan,22-10-2022
C2101,Angela Huynh,Consumer,East,West Kimberly,24-05-2023
C2102,Christine Mcbride,Consumer,East,New Kylehaven,15-06-2021
C2103,Jeffery Thornton,Home Office,East,Weberburgh,07-11-2023
C2104,Melinda Cox,Home Office,South,Justinchester,02-06-2025
C2105,Tyler Garrett,Corporate,West,Padillamouth,10-11-2023
C2106,Warren Hill,Corporate,North,Lake Tonyabury,27-08-2025
C2107,Anthony Brown,Home Office,East,New Nathan,03-12-2025
C2108,Melissa Ramos,Corporate,South,East Michaelside,17-05-2025
C2109,Cheryl Johnson,Home Office,West,Solishaven,11-06-2025
C2110,William Lucas,Corporate,East,Kevinchester,25-03-2023
C2111,Renee Singh,Corporate,West,Chelseabury,11-09-2023
C2112,Ashley Wade,Home Office,North,Jasonchester,28-08-2021
C2113,Tara Lynch,Home Office,South,South Sethmouth,12-01-2026
C2114,Anna Smith,Corporate,South,Port Amyfurt,16-07-2021
C2115,Eric Ortega,Consumer,North,Osborneshire,28-07-2024
C2116,Brandon Lucero,Home Office,East,South Sharonbury,15-06-2021
C2117,Jimmy Perez,Consumer,South,Barbaraburgh,21-07-2024
C2118,James Miller,Consumer,South,Port Cathy,12-08-2021
C2119,Jasmine Lopez,Corporate,North,Lake Jennifer,05-02-2026
C2120,Alexa Henderson,Home Office,South,Jamesburgh,05-03-2022
C2121,Nathaniel King,Corporate,East,Scottberg,14-03-2022
C2122,Candace Smith,Home Office,North,Jaimeport,07-12-2023
C2123,Daniel Jenkins Jr.,Corporate,West,Lake Alicialand,31-03-2023
C2124,Diana Taylor,Corporate,South,East Thomasview,18-02-2022
C2125,Lauren Diaz,Home Office,South,Munozside,09-08-2023
C2126,Alexander Chambers,Home Office,West,Hubertown,27-04-2023
C2127,Michael Brown,Consumer,South,South Jeremy,08-06-2024
C2128,John Martin,Consumer,South,New Ricky,01-05-2024
C2129,Colleen Moore,Home Office,South,Smallton,08-08-2023
C2130,John Alvarez,Consumer,North,Lake Frank,30-09-2023
C2131,John Olson,Home Office,South,New Christophertown,03-08-2024
C2132,Timothy Rice,Consumer,South,Andersonland,27-05-2022
C2133,Jessica Reyes,Corporate,South,Josephland,06-01-2025
C2134,Olivia White,Home Office,West,Scottbury,24-08-2022
C2135,Mary Dennis,Home Office,North,Hallstad,29-06-2021
C2136,Diana Hill,Home Office,East,South Phillipburgh,08-06-2024
C2137,Todd Crawford,Consumer,South,New Bonnie,20-11-2024
C2138,Joseph Wheeler,Corporate,West,West Geraldhaven,04-09-2025
C2139,Ernest Wilson,Corporate,South,Dennisburgh,11-01-2023
C2140,Brad Brown,Consumer,West,Jeanetteport,26-01-2022
C2141,Michael Miles,Home Office,South,West Debrashire,31-08-2023
C2142,Morgan Barrett,Home Office,South,Robinsonview,31-08-2025
C2143,Haley Cain,Home Office,East,Lake Glen,11-01-2026
C2144,Catherine Turner,Consumer,East,South Brandifurt,30-05-2021
C2145,Brenda Hansen,Corporate,North,Robinsonburgh,29-09-2025
C2146,Sarah Sims,Consumer,West,Patrickside,05-09-2022
C2147,Jacqueline Pierce,Corporate,South,Melissaburgh,11-04-2025
C2148,Tracy Castro,Consumer,North,West Michael,25-09-2023
C2149,Susan Rich,Consumer,West,Port Elizabethfort,12-06-2022
C2150,Kelly Chambers,Consumer,North,Harrisshire,09-07-2023
C2151,Angel Arnold,Consumer,West,Port Stephanieport,07-03-2022
C2152,Samantha Sparks,Home Office,North,New Rebecca,15-12-2021
C2153,Michael Gomez,Home Office,North,Ericaberg,20-01-2022
C2154,Christina Rodriguez,Consumer,West,Tapiahaven,28-11-2023
C2155,Mary Cordova,Home Office,South,Saraview,30-10-2023
C2156,Scott Navarro,Home Office,North,Port Robert,01-03-2025
C2157,Cristian Morales,Home Office,West,West Brandy,07-05-2023
C2158,Sandra Fisher,Home Office,West,South Brian,14-11-2025
C2159,Katie Castro,Corporate,North,Thompsonbury,08-12-2021
C2160,Jodi Burton,Home Office,West,New Leslie,18-02-2024
C2161,Brent Walsh,Consumer,West,Wardburgh,10-06-2022
C2162,Gail Johnston,Corporate,East,North Coreyland,25-07-2023
C2163,Steven Rowland DDS,Home Office,North,West Justin,06-08-2022
C2164,Jennifer Butler,Corporate,South,Jamesfort,27-04-2023
C2165,Megan Clay,Corporate,West,Amberburgh,04-02-2026
C2166,Paul Cox,Consumer,North,Lesliemouth,22-12-2023
C2167,Michael Henry,Corporate,West,Laurenberg,20-08-2021
C2168,Adam Gonzales,Corporate,South,Helenmouth,07-05-2026
C2169,Aaron Glover,Consumer,North,West Aaronmouth,07-05-2026
C2170,Austin Villa,Home Office,North,Zacharyfort,30-01-2022
C2171,Paul Rosario,Home Office,North,New Theresa,30-06-2022
C2172,Kenneth Rollins,Corporate,South,Lake Oliviaport,20-02-2022
C2173,Patricia Ross,Home Office,East,South Christina,31-08-2021
C2174,Marco Hill,Corporate,East,Stephanieville,21-02-2025
C2175,Terri Meadows,Consumer,South,New Crystal,11-02-2025
C2176,Joanne Gallagher,Corporate,East,Jamieside,18-04-2026
C2177,Jessica Ingram,Corporate,West,Flynnton,02-10-2023
C2178,Anna Jenkins,Home Office,East,Lake Anthony,29-09-2024
C2179,Michael Lopez,Home Office,East,North Wendy,24-10-2022
C2180,Courtney Greene,Home Office,West,Jamesview,04-01-2025
C2181,Amy Hensley,Consumer,West,South Joe,30-08-2025
C2182,Caitlin Baker,Home Office,West,Christinamouth,16-12-2022
C2183,Thomas Evans,Consumer,East,Stevenfort,09-02-2023
C2184,Cheyenne Hall,Home Office,West,Davidville,14-11-2024
C2185,Johnny Ross,Corporate,East,Shieldsland,19-01-2026
C2186,Nathan Ponce,Home Office,East,East Michelleshire,20-12-2022
C2187,Nicholas Lewis,Home Office,West,Lake Timothyview,07-06-2025
C2188,Tara Lopez,Home Office,South,Markport,27-04-2023
C2189,Jennifer Edwards,Home Office,North,Patrickside,10-08-2024
C2190,Becky Little,Home Office,South,Lake Kevin,05-03-2024
C2191,William Gonzales,Corporate,South,North Rickside,29-01-2022
C2192,Willie Wyatt,Consumer,South,Denisetown,10-06-2021
C2193,Angela Esparza,Home Office,West,Maryport,22-07-2021
C2194,Cassandra White,Corporate,North,Oliverchester,25-08-2023
C2195,Aaron Clark,Consumer,West,Ryanton,12-08-2024
C2196,Peter Long,Home Office,North,Danaside,23-03-2022
C2197,Sarah Morales,Consumer,South,Carlafurt,19-01-2023
C2198,Roy Lopez,Corporate,West,Port Matthewland,01-11-2025
C2199,Carlos Paul,Consumer,North,New Josephville,22-12-2021
C2200,Jimmy Campbell,Corporate,South,Port Joseph,22-01-2025
C2201,Dawn Ponce,Corporate,North,Valdezfurt,20-03-2024
C2202,Riley Ortiz,Home Office,North,West Amanda,20-09-2024
C2203,Amy Stafford,Home Office,West,Turnermouth,20-11-2024
C2204,Christopher Williams,Corporate,East,Kevinstad,24-11-2022
C2205,Deborah Ward,Home Office,North,Carrieton,14-11-2023
C2206,Karen Parker,Consumer,West,East Tonya,17-01-2023
C2207,Aaron Dudley,Corporate,North,Kimfort,27-01-2024
C2208,Mark Neal,Consumer,East,New Jeanne,04-09-2024
C2209,Brittney Fleming,Consumer,North,Johnfurt,10-08-2023
C2210,Timothy Reed,Home Office,South,Craigstad,01-11-2022
C2211,Dr. Carrie Silva MD,Home Office,South,Ericabury,20-06-2025
C2212,Shawn Diaz,Home Office,North,North Robert,17-10-2021
C2213,Mitchell Mccarty,Corporate,South,Roystad,02-10-2021
C2214,David Simmons,Home Office,North,West Scott,17-04-2026
C2215,William Garcia,Consumer,North,South Allison,31-07-2025
C2216,Alexis Weber,Corporate,West,Martinton,09-06-2022
C2217,Troy Duarte,Corporate,West,New Glennmouth,05-02-2026
C2218,Lauren Ellis,Corporate,South,Port Anneville,25-07-2021
C2219,Amy Gibson,Home Office,North,New Randy,03-02-2022
C2220,Stephen Brown,Home Office,North,Hollandside,25-11-2025
C2221,Matthew Delgado,Consumer,East,Cookeport,30-10-2023
C2222,Jay Garcia,Home Office,East,West Jasmine,08-10-2021
C2223,Katie Rivera,Corporate,East,East Juan,14-03-2024
C2224,Seth Park,Consumer,South,Yubury,14-03-2024
C2225,Paula Miller,Corporate,West,Guzmanside,02-12-2023
C2226,Krista Wu,Home Office,North,West Christinetown,28-07-2023
C2227,David Hudson,Corporate,South,New Margaret,31-10-2022
C2228,Jonathan Tran,Corporate,North,Garrettberg,30-10-2025
C2229,Edgar Fitzpatrick,Home Office,North,Sarahborough,27-04-2024
C2230,Russell Arnold,Home Office,East,North Michaelport,27-08-2023
C2231,Courtney Whitney,Corporate,North,Kingberg,30-03-2023
C2232,Susan Francis,Home Office,East,Brownside,14-12-2025
C2233,Dr. Brent Stein,Home Office,East,Sharontown,05-10-2022
C2234,Christopher Manning,Home Office,West,East Markburgh,19-12-2023
C2235,Christina Morris,Corporate,West,Lake Jeanton,05-07-2024
C2236,Glenn Hill,Consumer,East,Port Laura,24-12-2024
C2237,Connor Castillo,Corporate,West,Millerburgh,04-01-2025
C2238,Tiffany Stevens,Home Office,North,New Angela,01-03-2026
C2239,Eric Nichols,Corporate,North,South Juan,12-04-2026
C2240,Sean Gutierrez,Corporate,North,Walterville,29-11-2022
C2241,Timothy Morton,Corporate,South,South Jamesport,25-10-2025
C2242,Michael Evans,Home Office,South,South Josechester,28-11-2022
C2243,John Martin,Corporate,West,West Julie,22-04-2025
C2244,Shawn Smith,Corporate,North,North Wandaton,01-11-2021
C2245,Mario Warren,Home Office,East,East Courtney,25-12-2022
C2246,Sarah Gallegos,Consumer,East,Beltranton,28-10-2025
C2247,Kathryn Velasquez,Consumer,West,Tinaton,20-11-2022
C2248,Michael Bray,Home Office,East,Annetteport,28-07-2022
C2249,Ashley Ashley,Consumer,South,West Randymouth,30-12-2023
C2250,Troy Davis,Corporate,East,West Anthonyburgh,14-05-2026
C2251,Derek Gibson,Corporate,South,Prestonfort,31-08-2023
C2252,David Cannon,Home Office,East,South Kimberly,22-06-2023
C2253,Emily Williams DDS,Consumer,South,Bryantshire,30-07-2024
C2254,David Gordon,Corporate,South,Lake Keith,01-06-2024
C2255,Mikayla Jones,Consumer,South,West Heatherburgh,23-12-2025
C2256,Angela Walls,Corporate,South,West Valerieland,19-04-2023
C2257,Reginald Ramirez,Consumer,South,South Kimberly,12-02-2024
C2258,Justin Butler,Consumer,East,Lake Micheleville,11-11-2022
C2259,Thomas Hall,Consumer,North,East Suzanne,22-04-2026
C2260,Gregory Roberts,Consumer,North,Lake Michael,17-06-2021
C2261,Jason Johnson,Home Office,West,Morrisonstad,03-01-2024
C2262,Marie Alexander,Home Office,North,Perezview,25-05-2025
C2263,Steven Houston,Home Office,North,North Melissa,16-02-2024
C2264,Melissa Schroeder,Corporate,East,Davidshire,11-05-2026
C2265,Adrian Soto MD,Home Office,East,Port Jonathan,23-07-2021
C2266,Mark Ortiz,Corporate,East,Cohentown,14-01-2026
C2267,Katie Nelson,Corporate,South,Timothyberg,05-06-2025
C2268,Chelsea Rogers,Home Office,East,West Jessicaside,19-07-2022
C2269,Riley Evans,Corporate,South,Hectorstad,22-08-2025
C2270,Kevin Kelly,Home Office,South,Lake Joy,10-05-2025
C2271,Anthony Valencia,Consumer,West,Shawnside,02-11-2025
C2272,Vanessa Smith,Corporate,North,Tiffanychester,20-03-2022
C2273,Maureen Espinoza,Home Office,East,Justinview,01-10-2021
C2274,Sara Ryan,Corporate,South,North Tinatown,11-11-2023
C2275,Penny Villegas,Corporate,North,New Briannamouth,22-07-2022
C2276,Jessica Cooper,Home Office,West,New Madisontown,05-03-2022
C2277,Raymond Green MD,Corporate,North,New Ricky,08-12-2022
C2278,Curtis Bullock,Consumer,South,Port Julie,28-05-2021
C2279,Mr. Jesse Ferguson PhD,Corporate,North,Port Tracyfurt,12-02-2025
C2280,Kimberly Santiago,Corporate,East,North Wesley,06-09-2021
C2281,Sarah Fleming,Home Office,East,Waynetown,24-09-2025
C2282,Alexandra Smith,Consumer,East,South Sophia,11-05-2026
C2283,Tracy Estrada DVM,Consumer,East,Hernandezberg,05-06-2021
C2284,James Booker,Corporate,East,Lake Ashley,20-03-2024
C2285,Kimberly Rivera,Corporate,South,West David,16-10-2022
C2286,Angela Watkins,Corporate,West,Anaburgh,27-10-2021
C2287,Kayla Palmer,Consumer,West,East Carolland,03-11-2023
C2288,Eduardo Anderson,Home Office,East,Dianaville,05-10-2024
C2289,Kimberly Lawson,Corporate,West,Littleborough,24-10-2022
C2290,Daniel Johnson,Corporate,West,Briggsmouth,24-10-2023
C2291,David Duke,Consumer,South,West Christina,04-05-2026
C2292,Michael Garcia,Home Office,South,Michellestad,26-10-2024
C2293,Shane Gallegos,Consumer,East,Ethanchester,19-07-2025
C2294,Margaret Hahn,Consumer,West,Mindystad,28-07-2022
C2295,Larry Velasquez,Corporate,South,New Gary,14-03-2025
C2296,James Gomez,Consumer,South,Cheyennetown,11-07-2022
C2297,Luke King,Corporate,North,Port Thomasview,13-06-2021
C2298,Sophia Harrington MD,Consumer,West,New Ashley,26-11-2022
C2299,Roger Stephens,Corporate,South,Sharonland,27-10-2022
C2300,Steven Rubio,Home Office,East,Deniseborough,04-09-2023
C2301,Jared Wright,Corporate,East,East Gina,16-05-2021
C2302,Jose Erickson,Corporate,North,East Donaldborough,22-01-2024
C2303,Amanda Davis,Corporate,North,Ambertown,15-10-2023
C2304,Keith Martin DDS,Home Office,South,New Thomas,24-03-2025
C2305,Nancy Gibson,Consumer,South,North Karaland,06-08-2024
C2306,Paula Dixon,Corporate,West,West Catherine,10-12-2023
C2307,Diane Mckay,Home Office,North,East Michael,24-02-2024
C2308,Yvonne Baird,Corporate,East,Crawfordton,05-10-2023
C2309,Denise Frank,Corporate,East,Randallhaven,11-03-2026
C2310,Mary Williams,Corporate,East,Arroyoshire,21-08-2023
C2311,Jonathan Wheeler,Corporate,North,East Travis,28-06-2022
C2312,James Palmer,Corporate,North,Chavezmouth,18-12-2023
C2313,Elizabeth Pena,Corporate,South,Port Rachelchester,25-04-2022
C2314,Wendy Riley,Home Office,South,Carterburgh,29-01-2024
C2315,Adam Murphy,Corporate,East,Port Rebecca,18-11-2024
C2316,Michael Wong,Corporate,West,Lindaview,06-09-2023
C2317,Tracy Hoover,Home Office,West,Petersonmouth,27-09-2022
C2318,Kathryn Johnson,Consumer,West,North Edward,06-12-2025
C2319,Grant Smith,Home Office,East,South Michael,30-05-2023
C2320,Jennifer Olson,Corporate,South,South Heather,01-11-2023
C2321,Meredith Richards,Consumer,East,Josephburgh,03-01-2022
C2322,Debra Burns,Corporate,West,Caseybury,23-10-2024
C2323,Steven Hicks,Consumer,North,Lake Jill,27-08-2023
C2324,Ashley Smith,Consumer,East,Jacquelinemouth,15-02-2024
C2325,Marcus Hayes,Consumer,East,South Maria,30-03-2022
C2326,Steven Hall,Corporate,East,Lake Nicoleburgh,10-04-2025
C2327,Thomas Williams,Home Office,East,South Daniel,12-03-2022
C2328,Luis Sanchez,Home Office,West,Gonzaleztown,02-11-2023
C2329,Janice Johnson,Corporate,West,Allenshire,12-06-2022
C2330,Jonathon Flynn,Corporate,West,Carpenterberg,28-03-2025
C2331,Melinda Graves,Corporate,South,Zacharychester,30-04-2022
C2332,Ryan Olson,Consumer,North,Port Jenniferton,01-09-2024
C2333,Jean Bell,Consumer,South,Lopeztown,12-11-2024
C2334,Mark Jefferson,Home Office,East,East Charles,18-10-2025
C2335,Laura Scott,Home Office,North,East Michelle,23-08-2024
C2336,David Jones,Consumer,South,North Aaron,25-11-2024
C2337,John Hess,Corporate,North,Lake Michaelport,01-05-2026
C2338,Bruce Ross,Consumer,North,North Thomasview,04-09-2025
C2339,Linda Davis,Corporate,North,Michellestad,27-03-2022
C2340,Cynthia Bailey,Consumer,West,Lake Rhondachester,24-08-2022
C2341,Kaitlin Hamilton,Home Office,North,Gomezville,02-09-2022
C2342,Gabriel Steele,Consumer,East,North Johnfort,29-07-2024
C2343,Mary Hart,Home Office,South,Teresaburgh,22-05-2022
C2344,Rhonda Ryan,Consumer,West,South Samantha,04-05-2024
C2345,Evelyn Smith,Corporate,South,Charlesborough,28-06-2025
C2346,Becky Brown,Consumer,East,South Darrylberg,25-09-2024
C2347,Brandon Irwin,Corporate,South,Richardland,16-02-2026
C2348,Lauren Gonzalez,Consumer,South,Hortontown,13-01-2023
C2349,Shawn Dennis,Consumer,North,East Mary,25-02-2025
C2350,Courtney Castro,Home Office,East,Lake Donnaview,18-05-2021
C2351,Michele Lawrence,Corporate,West,Hawkinsstad,17-11-2025
C2352,Noah Collins,Corporate,East,East Jennifer,05-11-2025
C2353,Adam Mack,Home Office,West,North Benjaminport,25-04-2023
C2354,Lisa Larson,Consumer,South,Brianashire,13-07-2022
C2355,Anthony Rivers,Home Office,West,Port Mckenzie,07-07-2023
C2356,Christopher Lucero,Home Office,West,Kyleshire,12-07-2024
C2357,Jimmy Ross,Home Office,East,Cruztown,15-01-2025
C2358,William Bailey,Corporate,West,Hartmanshire,03-09-2024
C2359,Gail Perkins,Home Office,South,North Andrew,22-04-2024
C2360,Paul Silva,Consumer,West,North Edward,29-11-2023
C2361,Jose Jensen,Corporate,East,New Elizabeth,31-10-2025
C2362,Linda Lucas,Corporate,East,New Oscar,21-03-2022
C2363,Susan Perkins,Consumer,East,South Stevenburgh,27-09-2025
C2364,John Johnson,Consumer,North,Danielbury,30-01-2026
C2365,Jenny Burns,Home Office,South,Lake Kimberlyfurt,02-07-2022
C2366,David Richards,Corporate,East,Mercadoburgh,02-07-2022
C2367,Jessica York,Corporate,North,Catherinebury,04-04-2024
C2368,Taylor Phillips,Home Office,West,Carterberg,25-11-2023
C2369,Martin Jordan,Corporate,East,Bakerside,25-05-2025
C2370,Matthew Grant,Consumer,West,Ryanton,30-06-2021
C2371,Stacey Young MD,Corporate,South,Lake Kevinchester,14-03-2024
C2372,Zachary Pruitt DDS,Consumer,East,New Shirley,31-01-2026
C2373,Kimberly Gross,Consumer,West,West Rebecca,06-06-2024
C2374,Eric Taylor,Home Office,West,West Kellystad,21-12-2023
C2375,Albert Guzman,Corporate,South,Kathleenbury,06-04-2025
C2376,Marie Coleman,Consumer,West,Lake Benjaminville,06-07-2022
C2377,Michael Shah,Corporate,South,Ramirezport,12-12-2022
C2378,Brandi Olsen,Corporate,North,North Daniel,28-12-2022
C2379,Vanessa Small,Corporate,South,Traceyton,19-10-2025
C2380,Natalie Russell,Home Office,East,Port Rodneyton,14-05-2022
C2381,William Smith,Corporate,East,Angelabury,27-11-2022
C2382,Justin Ray,Corporate,South,Lake Kevin,15-07-2021
C2383,Matthew West,Consumer,South,Smithtown,31-10-2024
C2384,Samantha Werner,Consumer,East,Port Andrea,08-03-2023
C2385,Jeffrey Kerr,Consumer,West,Hortonbury,06-06-2021
C2386,Jessica Watson,Home Office,West,Lake Teresa,15-09-2024
C2387,Paula Floyd,Corporate,West,East Mariaview,24-04-2023
C2388,Chad Price,Consumer,East,North Krystalshire,02-01-2025
C2389,Julie Mullen,Consumer,South,Port Tammybury,25-08-2022
C2390,Robin Torres,Consumer,North,Lake Allison,31-03-2026
C2391,Gloria Singh,Consumer,North,New Jenniferburgh,18-05-2025
C2392,Stephanie Hood,Corporate,East,West Henrystad,08-05-2023
C2393,John Woods,Consumer,West,West Kimberlybury,18-10-2024
C2394,Holly Jackson,Home Office,North,Moniquechester,29-08-2022
C2395,David Hess,Consumer,North,Clarkton,18-04-2024
C2396,Jean Williams,Consumer,North,South Jeremymouth,17-04-2022
C2397,Justin Castillo,Corporate,South,New Melanie,03-06-2021
C2398,Brian Berry,Corporate,West,Kevinmouth,08-02-2026
C2399,Jasmine Gomez,Corporate,West,Youngfort,26-04-2026
C2400,Anna Lewis,Corporate,West,Lake Lindsay,05-05-2024
C2401,Omar Brown,Home Office,North,Sheltonmouth,05-09-2024
C2402,William Wilson,Corporate,North,Campbelltown,08-01-2023
C2403,Robert Williams,Consumer,North,East Jonathan,14-01-2022
C2404,Kevin Lane,Corporate,West,Port Cathy,12-09-2021
C2405,Carlos Williams,Consumer,West,West Jennifer,12-03-2025
C2406,Jennifer Rodriguez,Consumer,South,Whiteberg,01-06-2023
C2407,Tracy Wells,Corporate,West,Port Charles,05-09-2022
C2408,Melissa Dunn,Consumer,North,Riveramouth,11-09-2025
C2409,Cassandra Mccall,Home Office,South,East Kirkland,06-06-2024
C2410,Miss Amanda Peterson DDS,Corporate,West,East Valerie,06-04-2026
C2411,Thomas Garcia,Consumer,North,Lake Jessicamouth,18-05-2023
C2412,Richard Brown,Consumer,West,South Michael,05-11-2021
C2413,Robert Ewing,Home Office,North,South Angelashire,21-06-2022
C2414,William Park,Home Office,South,Petersonport,24-10-2022
C2415,Michelle Newman,Corporate,West,Wallside,12-09-2021
C2416,Duane Jackson,Home Office,East,New Christineburgh,08-06-2023
C2417,Veronica Barnes,Corporate,South,Lauraside,28-05-2021
C2418,Daisy Barrett,Home Office,North,Michaelhaven,24-05-2025
C2419,Lisa Swanson,Home Office,North,Port Micheal,13-10-2022
C2420,Phillip Beck,Corporate,West,Gibsonfort,20-03-2023
C2421,Hunter Peck,Home Office,East,Robertchester,27-11-2024
C2422,Andrew Newman,Consumer,East,East Amy,01-01-2023
C2423,Terri Harris,Consumer,South,East Vanessa,26-05-2022
C2424,Dennis Smith,Consumer,South,Jacksonmouth,06-02-2026
C2425,Judy Gonzalez,Home Office,West,Thompsonport,09-12-2024
C2426,Brian James,Corporate,North,North Bradley,06-07-2024
C2427,William Adams,Consumer,East,Port Dustin,23-06-2021
C2428,Amy Miller,Home Office,North,Laurenmouth,19-03-2024
C2429,Gina Rogers,Corporate,South,Port Christine,12-01-2024
C2430,Christopher Graham,Consumer,North,Danielfort,28-04-2026
C2431,Taylor Mcintosh,Home Office,West,New Richard,14-11-2025
C2432,Laura Martinez,Home Office,South,Bakermouth,09-01-2024
C2433,Deanna Aguirre,Corporate,North,Cassandrabury,06-09-2022
C2434,Kathryn Kelly,Consumer,South,Colleenfort,03-10-2024
C2435,Anthony Calderon,Corporate,North,Kennethfort,26-09-2021
C2436,Cynthia Middleton,Home Office,East,New Cynthiaville,22-01-2026
C2437,Angela Cobb,Home Office,North,Justinburgh,15-06-2021
C2438,Gina Valenzuela,Consumer,East,East Christon,15-10-2021
C2439,Claire Allen,Home Office,South,North Courtney,14-07-2021
C2440,Scott Randall,Home Office,North,Anthonyside,10-06-2024
C2441,Connie Ibarra,Consumer,West,East Billychester,18-03-2026
C2442,Lisa Miller,Consumer,East,Brittanyview,28-05-2023
C2443,Anthony Strickland,Home Office,East,New Tammystad,06-04-2022
C2444,Laura Burch,Corporate,South,West Jasonfort,07-02-2024
C2445,Michael Ramsey,Consumer,West,New Kimberlyport,28-07-2025
C2446,Christina Green,Corporate,South,Mccoymouth,19-10-2024
C2447,John Lee,Corporate,North,Port Joanna,18-10-2022
C2448,Daniel Ware,Corporate,West,West Taylor,17-11-2025
C2449,Mitchell Hall,Home Office,East,Lake Stanley,30-09-2024
C2450,Glenn Newman,Home Office,West,Meganburgh,12-03-2024
C2451,Daniel Bell,Consumer,South,New Shawn,06-02-2022
C2452,Brian Powell,Home Office,East,North Jamie,22-06-2022
C2453,Michael Hull,Corporate,West,Jeffersonhaven,10-07-2024
C2454,John Mcconnell,Corporate,South,Alyssafurt,01-11-2024
C2455,Linda Cortez,Consumer,South,Jessicaside,16-10-2021
C2456,Stephen Mclaughlin,Corporate,East,Davisstad,13-12-2025
C2457,Patricia Cortez,Corporate,East,Lake Crystal,16-02-2025
C2458,Abigail Woodward,Corporate,North,New Cassandrachester,09-01-2022
C2459,Matthew Carroll,Home Office,West,Spencerville,23-09-2022
C2460,Kyle Downs,Home Office,South,Clarkside,26-11-2023
C2461,Anna Carpenter,Consumer,East,Matthewside,05-08-2021
C2462,Roger Dyer,Home Office,South,Gregoryhaven,28-01-2025
C2463,Harold Jarvis,Corporate,North,Freemanland,23-06-2022
C2464,Kyle Benitez,Home Office,West,Rickyshire,21-12-2021
C2465,Victoria Webster,Consumer,West,North Peggystad,26-11-2025
C2466,Elizabeth Price,Home Office,South,Jasonborough,16-09-2024
C2467,John Nelson,Home Office,East,South Craig,02-08-2025
C2468,Maria Holt,Corporate,West,Martinezport,15-10-2025
C2469,Jillian Stewart,Home Office,East,Jenniferton,03-05-2023
C2470,Natalie Rosario,Consumer,North,Camerontown,07-11-2024
C2471,Mark Jenkins,Home Office,North,Pattonland,28-01-2026
C2472,Donna Holt,Consumer,South,East Claudia,18-01-2023
C2473,Kaitlin Jones,Consumer,North,Lake Denisefort,21-08-2022
C2474,Dustin Mcclure,Consumer,North,Sharonland,24-12-2021
C2475,Richard Williams,Corporate,South,Blevinsfort,18-01-2023
C2476,Douglas Cobb,Consumer,North,East Alex,25-01-2026
C2477,Maria Baird,Home Office,West,Sheltonchester,19-11-2025
C2478,Joshua Bell,Home Office,West,Monicaville,30-04-2026
C2479,Tom Baxter,Home Office,East,Lauraborough,23-02-2026
C2480,Dr. Cameron Maxwell,Consumer,East,West Amyland,14-02-2024
C2481,Elizabeth Rojas,Consumer,North,South Kayla,16-12-2024
C2482,Kellie Atkins,Consumer,South,New Dillonport,19-09-2023
C2483,Kimberly Mckinney,Home Office,West,Lake Stevenville,15-03-2026
C2484,Shirley Sutton,Consumer,West,Lake Samuel,24-04-2022
C2485,Erica Armstrong,Home Office,North,South Kelseychester,17-09-2025
C2486,Mark Adkins,Corporate,West,Flemingborough,04-07-2022
C2487,Christopher Lee,Corporate,North,Stevensshire,19-05-2021
C2488,Keith Dillon,Home Office,East,Whitneyton,14-10-2024
C2489,Joseph Contreras,Home Office,North,Michaelmouth,19-09-2021
C2490,Sydney Yang,Home Office,North,North Denise,07-06-2022
C2491,Jonathan Robinson,Corporate,North,West Daniellemouth,12-02-2024
C2492,Christopher Torres,Consumer,North,Chaseland,08-11-2022
C2493,Eric Powers,Consumer,South,North Stephenchester,28-02-2022
C2494,Jacob Gutierrez,Home Office,West,Alyssatown,18-01-2025
C2495,Terry Dean,Consumer,South,South Monica,18-02-2022
C2496,Michael Rogers,Home Office,South,Johnborough,26-03-2022
C2497,Edward Clark,Home Office,South,New Danny,02-08-2024
C2498,Jennifer Mahoney,Home Office,West,Reneebury,17-03-2026
C2499,James Gomez DVM,Home Office,North,West Joshua,09-05-2024
C2500,Christine Martinez,Home Office,East,New Elizabeth,07-12-2025
