Order_ID,Customer_ID,Product_ID,Order_Date,Quantity,Sales,Profit,Discount,Shipping_Mode,Payment_Method,Return_Status,Delivery_Days
O00001,C0299,P1045,17-04-2022,8,594.1,49.32,0.3,Second Class,Cash on Delivery,Not Returned,6
O00002,C2215,P1012,29-11-2022,6,3225.84,302.04,0.2,First Class,Cash on Delivery,Returned,10
O00003,C0240,P1102,18-07-2023,9,2739.93,486.41,0.05,Same Day,UPI,Returned,5
O00005,C2442,P1173,22-05-2022,1,555.64,50.86,0.15,First Class,UPI,Not Returned,10
O00006,C0953,P1048,29-11-2022,4,2198.31,197.44,0.3,Standard Class,Cash on Delivery,Not Returned,1
O00007,C1707,P1093,27-02-2022,10,4863.44,532.71,0.15,Standard Class,Credit Card,Returned,11
O00008,C2075,P1166,12-02-2022,7,3317.3,527.91,0,Second Class,UPI,Not Returned,8
O00009,C2087,P1186,16-08-2022,10,5091.04,1327.73,0.2,Same Day,Cash on Delivery,Returned,9
O00010,C0471,P1067,29-05-2023,7,503.37,130.75,0.1,Second Class,Net Banking,Not Returned,11
O00011,C1621,P1103,24-01-2024,10,2261.57,166.22,0.05,Standard Class,UPI,Not Returned,7
O00012,C1134,P1070,19-12-2022,6,2091.8,620.89,0.1,Same Day,Cash on Delivery,Returned,8
O00038,C1879,P1176,06-12-2022,10,2830.35,-1904.1,0.5,First Class,Cash on Delivery,Returned,8
O00668,C0708,P1177,14-01-2024,10,3060.4,-1818.36,0.5,First Class,Debit Card,Returned,5
O00015,C2249,P1191,25-05-2022,8,1517.31,187.06,0.2,Standard Class,Debit Card,Returned,1
O00016,C1122,P1191,25-09-2023,5,1126.13,277.87,0.05,First Class,Debit Card,Returned,1
O03058,C2343,P1091,10-04-2024,9,2632.77,-1815.79,0.5,First Class,Cash on Delivery,Returned,6
O00018,C0689,P1180,29-07-2023,4,1623.33,106.86,0.2,First Class,Net Banking,Not Returned,12
O00019,C1973,P1107,27-12-2022,3,2868.63,1410.75,0,First Class,UPI,Not Returned,7
O03451,C2156,P1143,12-09-2023,10,2511.6,-1768.65,0.5,Second Class,Cash on Delivery,Returned,10
O00021,C0501,P1036,16-11-2022,4,1944.99,175.44,0.2,Second Class,Cash on Delivery,Returned,3
O00022,C1271,P1078,21-06-2023,5,1001.8,86.77,0.3,Second Class,Debit Card,Returned,9
O00023,C2372,P1185,22-11-2022,9,3014.74,539.85,0.3,Same Day,Net Banking,Not Returned,8
O00024,C2242,P1026,20-04-2022,5,1299.65,555.49,0.05,Second Class,Cash on Delivery,Returned,4
O00025,C2199,P1005,09-03-2024,1,163.91,38.2,0.1,First Class,Credit Card,Not Returned,8
O00026,C0259,P1103,20-08-2022,8,1809.26,144.81,0,Same Day,Credit Card,Returned,4
O00027,C1921,P1110,26-03-2023,2,1492.98,476.92,0.05,Second Class,Net Banking,Not Returned,1
O00028,C0121,P1041,08-01-2024,10,3959.48,952.89,0.3,Standard Class,Cash on Delivery,Returned,8
O05381,C2466,P1009,16-07-2023,9,2023.47,-1655.29,0.5,First Class,Cash on Delivery,Returned,9
O00030,C1853,P1121,08-11-2022,5,2195.89,842.18,0.15,Standard Class,Cash on Delivery,Returned,8
O00031,C0883,P1055,26-04-2022,8,4697.52,1146.64,0,Same Day,Net Banking,Not Returned,8
O00032,C0615,P1123,31-12-2023,1,175.64,23.26,0.05,Second Class,UPI,Returned,2
O00033,C1131,P1158,21-06-2023,8,1942.36,248.07,0.3,Second Class,Net Banking,Not Returned,1
O00034,C1001,P1023,07-11-2023,3,216.86,7.94,0.1,Standard Class,Net Banking,Not Returned,5
O00035,C1749,P1018,01-05-2022,8,4966.92,1602.45,0,Standard Class,Net Banking,Not Returned,8
O02356,C0704,P1009,09-02-2024,9,2023.47,-1648.54,0.5,Same Day,Credit Card,Not Returned,10
O00037,C1029,P1186,25-07-2023,9,5154.68,1759.75,0.1,First Class,UPI,Returned,1
O04433,C1562,P1101,10-07-2022,10,2660.95,-1636.58,0.5,Same Day,Cash on Delivery,Returned,5
O00039,C2240,P1175,06-04-2022,10,6990.03,2035.51,0.1,Same Day,Cash on Delivery,Returned,5
O00040,C1969,P1106,30-05-2024,8,2621.47,747.38,0.05,Standard Class,UPI,Returned,8
O01345,C0966,P1101,20-02-2023,10,2660.95,-1628.34,0.5,First Class,UPI,Not Returned,8
O00042,C2076,P1163,17-09-2023,8,2276.5,852.98,0.15,Same Day,UPI,Returned,10
O03546,C1952,P1091,24-07-2023,8,2340.24,-1617.09,0.5,Second Class,Debit Card,Not Returned,5
O00045,C1976,P1153,01-05-2023,6,1291.33,298.47,0.3,First Class,Net Banking,Not Returned,12
O01451,C1529,P1155,14-02-2023,10,2903.45,-1613.99,0.5,Standard Class,UPI,Not Returned,4
O00577,C0331,P1166,28-11-2022,10,2369.5,-1607.65,0.5,Standard Class,Debit Card,Not Returned,7
O00048,C2440,P1178,24-05-2023,1,580.39,75.13,0.1,First Class,Credit Card,Returned,6
O01043,C2152,P1118,15-04-2022,10,2948.75,-1549.54,0.5,Same Day,Debit Card,Not Returned,1
O00050,C1553,P1151,27-05-2022,9,5511.89,1701.44,0.1,Second Class,Credit Card,Returned,8
O01102,C0250,P1134,09-02-2023,10,1829.1,-1502.76,0.5,Standard Class,Credit Card,Not Returned,10
O00053,C0661,P1023,28-03-2023,5,321.28,4.47,0.2,Standard Class,Credit Card,Not Returned,9
O00054,C2084,P1166,23-12-2023,6,2559.06,172.83,0.1,First Class,Cash on Delivery,Not Returned,1
O06338,C2296,P1003,15-03-2022,8,2107.52,-1501.5,0,Same Day,UPI,Not Returned,5
O02873,C1128,P1155,16-10-2022,9,2613.11,-1462.94,0.5,Same Day,UPI,Returned,11
O00057,C2471,P1035,02-12-2023,8,1767.44,834.9,0,Second Class,Cash on Delivery,Not Returned,6
O00058,C2348,P1002,13-11-2023,7,4214.97,1582.4,0.05,Standard Class,Net Banking,Returned,6
O00059,C1476,P1119,17-10-2022,8,3395.92,942.38,0.15,Standard Class,Debit Card,Returned,5
O00060,C1144,P1084,28-02-2023,9,1072.3,14.44,0.15,Standard Class,Debit Card,Returned,12
O00061,C1313,P1153,22-03-2023,10,2613.41,962.62,0.15,Standard Class,Cash on Delivery,Not Returned,2
O00062,C1260,P1095,23-07-2023,10,2341.76,148.73,0.2,Standard Class,Cash on Delivery,Not Returned,6
O00063,C0958,P1151,03-04-2022,8,3810.69,424.38,0.3,Standard Class,Credit Card,Returned,8
O00064,C1792,P1111,15-08-2023,9,3959.52,1455.85,0.1,First Class,Net Banking,Not Returned,2
O00065,C2469,P1183,07-06-2023,10,2342.9,962.28,0,Standard Class,UPI,Not Returned,2
O03579,C0769,P1177,16-03-2022,8,2448.32,-1455.67,0.5,First Class,Cash on Delivery,Returned,9
O00067,C0362,P1167,23-07-2023,3,2088.6,765.26,0.15,Second Class,Credit Card,Returned,2
O03832,C2042,P1101,03-01-2024,9,2394.86,-1451.88,0.5,Same Day,Net Banking,Returned,2
O02090,C0300,P1177,02-01-2023,8,2448.32,-1451.41,0.5,Standard Class,Net Banking,Returned,5
O04582,C1449,P1012,15-03-2024,10,3360.25,-1450.77,0.5,Second Class,Credit Card,Returned,11
O02246,C1214,P1166,04-06-2023,9,2132.55,-1448.88,0.5,Standard Class,Net Banking,Not Returned,9
O00072,C1631,P1023,08-10-2023,10,803.2,192.26,0,First Class,Cash on Delivery,Returned,6
O06968,C2046,P1178,18-10-2022,9,2901.96,-1441.63,0.5,Second Class,Net Banking,Returned,12
O00074,C0708,P1108,14-03-2024,10,3451.77,609.79,0.3,Standard Class,Debit Card,Returned,5
O00075,C0792,P1152,20-03-2022,8,802.4,131.13,0,First Class,UPI,Returned,10
O06651,C0958,P1012,24-04-2023,10,3360.25,-1435.51,0.5,Standard Class,Debit Card,Returned,4
O00077,C2217,P1019,21-04-2024,2,1330.11,433.83,0.05,Second Class,Net Banking,Returned,4
O00078,C1786,P1038,25-02-2022,10,4851.98,227.8,0.3,Same Day,Net Banking,Not Returned,8
O00079,C0531,P1138,24-12-2023,9,853.2,269.06,0.05,First Class,Net Banking,Not Returned,11
O04863,C2450,P1000,28-04-2023,10,1814.65,-1434.85,0.5,Same Day,Cash on Delivery,Returned,8
O01420,C1637,P1091,21-01-2024,7,2047.71,-1434.61,0.5,Same Day,Cash on Delivery,Not Returned,3
O00083,C1982,P1088,25-01-2022,5,385.02,83.83,0.1,Second Class,Cash on Delivery,Returned,12
O00084,C0538,P1112,14-05-2022,2,123.6,4.04,0,Second Class,UPI,Returned,5
O00085,C2069,P1085,19-03-2022,5,3212.87,836.15,0.15,First Class,Debit Card,Returned,2
O06237,C1418,P1173,09-08-2023,9,2941.61,-1429.23,0.5,Same Day,UPI,Not Returned,10
O00087,C2044,P1136,19-05-2023,10,5539.45,2175.82,0.15,Standard Class,Net Banking,Not Returned,2
O00088,C2100,P1089,16-01-2024,1,330.75,105.03,0,Standard Class,UPI,Not Returned,5
O00089,C1079,P1046,05-02-2023,3,1237.32,23.12,0.3,Same Day,Net Banking,Returned,9
O00090,C0594,P1121,07-12-2023,4,2066.72,979.78,0,First Class,Debit Card,Not Returned,7
O01645,C2053,P1020,25-05-2022,9,1824.34,-1400.37,0.5,Same Day,UPI,Not Returned,11
O00092,C2380,P1006,08-11-2023,9,264.78,9.24,0,First Class,Net Banking,Returned,11
O02650,C1133,P1036,20-07-2023,10,3039.05,-1397.19,0.5,First Class,Cash on Delivery,Not Returned,6
O06918,C2015,P1165,14-03-2022,10,2728.95,-1382.22,0.5,Same Day,Debit Card,Not Returned,5
O00095,C2404,P1180,27-08-2022,9,4337.33,996.07,0.05,Same Day,Cash on Delivery,Returned,4
O00096,C2102,P1016,21-02-2022,3,1616.7,785.7,0,Standard Class,UPI,Returned,8
O06043,C2418,P1176,07-11-2023,7,1981.24,-1349.42,0.5,Standard Class,Cash on Delivery,Not Returned,2
O00098,C2017,P1025,06-05-2024,10,1972.96,47.88,0.2,Standard Class,UPI,Not Returned,3
O00099,C0580,P1027,21-07-2023,7,3590.07,1260.96,0.05,Same Day,Credit Card,Returned,8
O00100,C2044,P1167,02-04-2022,2,1638.12,758.07,0,Same Day,Credit Card,Returned,3
O00101,C0860,P1105,02-09-2022,5,1010.8,285.78,0.2,Same Day,Cash on Delivery,Returned,11
O00102,C0008,P1061,26-07-2023,5,2779.07,797.57,0.1,First Class,Cash on Delivery,Returned,8
O00103,C1978,P1160,26-04-2022,4,3088.91,1346.88,0.1,Second Class,Credit Card,Returned,1
O00104,C1170,P1084,15-09-2022,6,756.92,52.61,0.1,Standard Class,Cash on Delivery,Returned,3
O03231,C0165,P1093,30-10-2023,9,2574.76,-1328.28,0.5,Second Class,Cash on Delivery,Not Returned,8
O00106,C2372,P1148,26-01-2024,6,1387.61,60.78,0.05,Same Day,UPI,Not Returned,3
O00107,C0287,P1142,01-02-2023,4,1528.03,505.04,0.2,First Class,Credit Card,Not Returned,3
O02358,C0295,P1176,18-03-2023,7,1981.24,-1327.68,0.5,Same Day,UPI,Returned,1
O05003,C2432,P1166,09-05-2023,8,1895.6,-1312.95,0.5,Same Day,UPI,Not Returned,3
O00111,C0627,P1089,04-03-2023,3,793.8,95.73,0.2,Standard Class,Net Banking,Not Returned,8
O00113,C2048,P1010,09-11-2022,2,1399.42,563.13,0,Same Day,Net Banking,Returned,12
O00114,C2380,P1132,15-01-2023,7,4823.98,1853.66,0,Same Day,Debit Card,Returned,5
O03434,C0848,P1166,18-02-2024,8,1895.6,-1297.76,0.5,Second Class,Net Banking,Returned,4
O00116,C1098,P1066,26-09-2023,2,1461.01,559.12,0.15,Second Class,Credit Card,Not Returned,4
O00117,C0834,P1092,26-01-2024,9,2621.79,722.06,0,Second Class,Debit Card,Not Returned,5
O00118,C1351,P1121,25-02-2022,9,3255.08,835.61,0.3,Standard Class,Net Banking,Not Returned,8
O00119,C1566,P1154,11-12-2023,10,6750.36,2708.36,0.1,Same Day,UPI,Returned,7
O00120,C1519,P1167,20-03-2022,3,2211.46,851.26,0.1,Second Class,Cash on Delivery,Returned,5
O05388,C2353,P1082,09-03-2022,7,1756.44,-1283.87,0.5,Second Class,Debit Card,Not Returned,4
O00122,C0255,P1052,16-08-2023,9,1486.8,200.03,0.3,Same Day,Net Banking,Not Returned,10
O04155,C1148,P1173,21-01-2022,8,2614.76,-1275.65,0.5,Second Class,Credit Card,Not Returned,11
O00124,C1972,P1025,14-06-2022,8,1874.31,310.35,0.05,Second Class,Credit Card,Returned,2
O00125,C0662,P1087,28-03-2023,1,464.18,27.66,0.1,First Class,Debit Card,Returned,6
O00126,C2091,P1012,01-07-2023,8,4301.12,419.98,0.2,Second Class,Net Banking,Not Returned,3
O03437,C1512,P1036,13-01-2023,9,2735.14,-1264.82,0.5,First Class,UPI,Returned,10
O00128,C0845,P1172,11-02-2022,2,449.18,80.93,0.3,Second Class,Net Banking,Not Returned,2
O00129,C0492,P1160,19-07-2022,6,5148.18,2513.85,0,Standard Class,UPI,Not Returned,11
O00130,C1420,P1165,18-05-2023,2,873.26,35.97,0.2,First Class,Net Banking,Returned,12
O00131,C1413,P1155,13-01-2022,7,3658.35,482.68,0.1,Standard Class,Credit Card,Not Returned,12
O03026,C1315,P1020,25-08-2023,8,1621.64,-1259.54,0.5,Second Class,Net Banking,Not Returned,10
O00133,C0143,P1191,07-06-2024,4,853.49,180.93,0.1,Same Day,UPI,Returned,7
O00134,C2203,P1170,19-04-2023,5,2216.67,205.2,0.15,Same Day,Debit Card,Not Returned,1
O05538,C1656,P1069,20-01-2023,8,1873.2,-1249.77,0.5,Same Day,Net Banking,Not Returned,5
O00136,C1280,P1029,06-12-2023,5,551.82,88.4,0.15,Standard Class,Cash on Delivery,Not Returned,10
O00137,C1257,P1188,22-09-2022,8,2999.87,291.41,0.2,Standard Class,Debit Card,Returned,10
O00138,C0660,P1113,18-06-2024,1,454.87,179.08,0.05,First Class,UPI,Not Returned,5
O02390,C0191,P1118,02-12-2023,8,2359,-1234.34,0.5,First Class,Debit Card,Not Returned,7
O00140,C0762,P1088,06-12-2023,5,385.02,61.68,0.1,Second Class,Cash on Delivery,Not Returned,6
O00141,C0382,P1174,16-06-2022,8,3219.32,604.37,0.15,Standard Class,Net Banking,Not Returned,2
O03157,C0674,P1069,04-12-2023,8,1873.2,-1227.12,0.5,Standard Class,Credit Card,Not Returned,8
O00143,C2490,P1133,12-12-2023,2,1170.17,539.94,0.05,Standard Class,Net Banking,Returned,2
O04870,C0859,P1098,24-11-2023,10,1601.8,-1221.49,0.5,Second Class,UPI,Not Returned,12
O00145,C0324,P1133,11-01-2022,1,615.88,287.59,0,Second Class,Credit Card,Not Returned,1
O00146,C1668,P1158,12-10-2022,2,659.02,197.72,0.05,Second Class,Cash on Delivery,Returned,2
O00612,C0651,P1087,31-08-2023,8,2063.04,-1215.07,0.5,First Class,Debit Card,Not Returned,8
O00148,C1625,P1039,09-07-2022,8,1330.56,175.82,0.1,Same Day,Net Banking,Returned,9
O00149,C0319,P1077,18-11-2022,4,306.78,19.54,0.15,First Class,Cash on Delivery,Returned,2
O00150,C0382,P1052,18-10-2022,6,1203.6,348.95,0.15,Second Class,Cash on Delivery,Not Returned,5
O00151,C0358,P1033,11-05-2024,7,917.57,18.41,0.05,Same Day,UPI,Not Returned,8
O02129,C1791,P1098,07-12-2023,10,1601.8,-1208.05,0.5,Same Day,Credit Card,Returned,9
O00153,C1328,P1094,18-02-2023,6,884.58,233.61,0.05,First Class,Net Banking,Not Returned,8
O00154,C1823,P1093,08-06-2023,10,4863.44,491.8,0.15,Same Day,Credit Card,Returned,1
O04939,C1068,P1087,29-01-2022,8,2063.04,-1206.57,0.5,Second Class,Cash on Delivery,Not Returned,2
O00156,C1986,P1029,08-11-2023,10,1298.4,358.49,0,Same Day,Net Banking,Not Returned,9
O00158,C1007,P1010,03-02-2022,7,4163.27,1303.64,0.15,Second Class,Net Banking,Not Returned,3
O00159,C1773,P1168,22-02-2024,5,764.19,146.73,0.3,Same Day,Net Banking,Returned,9
O05680,C1453,P1155,13-05-2024,7,2032.42,-1170.05,0.5,Second Class,Credit Card,Not Returned,2
O00161,C2407,P1057,24-12-2022,1,818.04,318.19,0.05,Same Day,UPI,Not Returned,6
O00162,C0580,P1122,09-11-2023,6,979.51,298.16,0.15,Standard Class,Debit Card,Returned,6
O00163,C0720,P1132,08-02-2022,3,2176.23,891.38,0,First Class,UPI,Not Returned,10
O00164,C0823,P1015,04-02-2023,1,641.12,213.63,0.1,Second Class,Debit Card,Not Returned,9
O00165,C1866,P1156,08-01-2023,6,899.06,72.77,0.05,Standard Class,Cash on Delivery,Returned,5
O00166,C0415,P1128,11-08-2023,5,296.5,48.62,0,Standard Class,Cash on Delivery,Not Returned,5
O00329,C1715,P1155,16-01-2024,7,2032.42,-1165.31,0.5,Second Class,Debit Card,Returned,12
O00168,C1284,P1109,12-06-2023,7,698.29,81.03,0.15,Second Class,Cash on Delivery,Not Returned,4
O00169,C1708,P1096,30-06-2023,8,1840.9,734.45,0.1,Standard Class,Cash on Delivery,Returned,6
O00170,C1345,P1120,04-02-2024,8,2660.91,921.73,0.05,Standard Class,Credit Card,Not Returned,5
O00171,C1637,P1096,05-12-2023,5,894.88,220.6,0.3,Second Class,Debit Card,Not Returned,8
O00172,C0399,P1069,07-02-2022,9,3582.5,91.17,0.15,First Class,Cash on Delivery,Returned,11
O06536,C1834,P1003,06-06-2024,6,1580.64,-1136.59,0.5,Same Day,Cash on Delivery,Returned,2
O00174,C1915,P1097,12-01-2024,2,724.06,222.36,0.15,Standard Class,Cash on Delivery,Not Returned,8
O00175,C0480,P1086,02-03-2024,2,829.14,313.93,0.05,Second Class,Net Banking,Returned,3
O00176,C1108,P1040,09-10-2022,2,723.88,139.11,0.05,First Class,UPI,Not Returned,9
O00177,C1887,P1105,12-10-2022,7,1503.56,488.19,0.15,First Class,UPI,Returned,12
O04925,C1774,P1101,17-04-2023,7,1862.67,-1130.54,0.5,Second Class,Cash on Delivery,Not Returned,6
O00179,C1788,P1084,07-02-2023,7,981.19,130.39,0,Second Class,Debit Card,Returned,3
O02575,C1435,P1082,22-04-2024,6,1505.52,-1128.91,0.5,Second Class,UPI,Not Returned,4
O01961,C0125,P1009,18-05-2023,6,1348.98,-1127.5,0.5,Standard Class,Net Banking,Returned,9
O00182,C2004,P1189,19-10-2023,3,640.98,124.57,0.3,Standard Class,UPI,Returned,4
O06698,C1786,P1043,15-03-2022,10,3887,-1111.9,0.5,First Class,Net Banking,Not Returned,3
O00184,C0264,P1113,31-08-2023,3,1292.79,510.78,0.1,Second Class,Net Banking,Not Returned,10
O00185,C1721,P1088,26-07-2023,4,342.24,64.58,0,Second Class,Debit Card,Returned,1
O00186,C1162,P1150,24-09-2022,7,4035.53,840.72,0.2,Standard Class,Cash on Delivery,Not Returned,8
O00187,C1724,P1133,28-07-2022,8,4927.04,2434.18,0,Same Day,Net Banking,Returned,7
O00188,C0057,P1165,23-04-2024,4,1746.53,102.75,0.2,Second Class,UPI,Not Returned,5
O00189,C1084,P1170,12-09-2022,4,1669.02,44.85,0.2,Second Class,Debit Card,Not Returned,11
O04055,C0026,P1141,23-10-2022,10,2145.35,-1111.1,0.5,Standard Class,Net Banking,Returned,3
O00191,C1264,P1026,05-09-2023,10,1915.27,458.55,0,Same Day,Debit Card,Not Returned,11
O00192,C1510,P1134,27-07-2023,6,2085.17,53.91,0.05,First Class,Net Banking,Returned,2
O05891,C1304,P1082,11-06-2022,6,1505.52,-1109.18,0.5,First Class,Credit Card,Not Returned,9
O00194,C0551,P1081,28-09-2022,5,935.84,282.61,0.2,Same Day,Credit Card,Not Returned,1
O00195,C1474,P1057,07-07-2022,4,3272.18,1435.96,0.05,Same Day,UPI,Not Returned,6
O00196,C1015,P1161,26-04-2022,9,5898.84,2207.72,0.15,First Class,Credit Card,Returned,12
O06246,C0484,P1118,01-09-2023,7,2064.12,-1108.63,0.5,Same Day,Credit Card,Returned,4
O05685,C1568,P1036,16-02-2024,8,2431.24,-1105.13,0.5,Standard Class,Cash on Delivery,Not Returned,5
O00200,C0437,P1172,19-02-2022,10,3047.98,1324.97,0.05,Same Day,UPI,Not Returned,5
O00201,C0627,P1060,05-06-2024,3,1733.43,534.11,0.05,Same Day,Debit Card,Returned,2
O00202,C1451,P1090,24-01-2024,5,2662.79,785.49,0.15,Standard Class,Debit Card,Returned,8
O00203,C0301,P1025,31-07-2023,8,1677.02,119.46,0.15,Second Class,Net Banking,Not Returned,2
O00204,C0332,P1094,20-04-2023,1,124.15,0.57,0.2,Standard Class,Debit Card,Not Returned,7
O06502,C0223,P1059,28-01-2023,9,1717.47,-1084.52,0.5,Standard Class,UPI,Returned,3
O00206,C0895,P1150,07-06-2023,2,1441.26,507.3,0,First Class,Debit Card,Not Returned,10
O01387,C0439,P1069,27-03-2023,7,1639.05,-1080.86,0.5,Second Class,Credit Card,Not Returned,4
O00208,C2109,P1011,11-04-2023,5,986.04,71.02,0.1,Second Class,Credit Card,Returned,2
O00210,C0388,P1048,26-09-2023,10,5495.77,487.87,0.3,Same Day,Debit Card,Returned,3
O00212,C0021,P1117,28-02-2024,9,1293.53,157.41,0.05,Second Class,Net Banking,Not Returned,8
O01577,C1481,P1143,04-05-2023,6,1506.96,-1070.46,0.5,Same Day,Cash on Delivery,Returned,6
O00214,C0159,P1149,19-01-2024,8,497.34,91.34,0.3,Same Day,Credit Card,Returned,9
O00215,C0249,P1066,21-07-2023,1,730.51,259.35,0.15,Same Day,Cash on Delivery,Not Returned,8
O00216,C0257,P1045,14-01-2024,7,742.63,284.26,0,First Class,Cash on Delivery,Not Returned,3
O00217,C0405,P1142,03-03-2023,5,1671.28,387.37,0.3,Second Class,Cash on Delivery,Returned,5
O00218,C2211,P1185,27-06-2022,2,669.94,95.53,0.3,Same Day,Debit Card,Returned,4
O00219,C1195,P1071,03-01-2023,9,2373.3,1064.41,0,Standard Class,UPI,Not Returned,7
O01598,C1099,P1143,13-02-2023,6,1506.96,-1070.06,0.5,Same Day,Cash on Delivery,Returned,3
O00221,C1635,P1073,25-12-2023,9,3469.39,965.92,0.2,Standard Class,UPI,Returned,9
O00222,C2306,P1092,08-10-2023,1,233.05,16.03,0.2,Same Day,Cash on Delivery,Not Returned,12
O00223,C2137,P1109,09-12-2022,2,222.98,17.16,0.05,Standard Class,Credit Card,Not Returned,6
O00224,C0049,P1015,30-09-2022,5,2849.4,809.24,0.2,Second Class,Cash on Delivery,Not Returned,4
O06329,C0322,P1093,13-11-2023,7,2002.59,-1058.31,0.5,Same Day,Cash on Delivery,Returned,9
O00226,C0834,P1101,19-11-2022,9,4789.71,948.15,0,Standard Class,Credit Card,Returned,11
O00227,C0919,P1100,29-11-2023,9,7593.67,3206.51,0.1,First Class,UPI,Not Returned,9
O00228,C0296,P1143,02-04-2023,10,4772.04,489.63,0.05,Same Day,Debit Card,Not Returned,4
O00229,C0856,P1025,09-12-2022,5,1233.1,269.49,0,First Class,Credit Card,Returned,9
O00230,C1257,P1121,15-02-2024,9,4185.11,1761.21,0.1,First Class,Credit Card,Not Returned,12
O00231,C1050,P1121,03-03-2022,7,2893.41,1020.32,0.2,Standard Class,Net Banking,Not Returned,10
O00232,C0226,P1190,30-08-2022,1,422.43,39.5,0.15,Second Class,Debit Card,Not Returned,5
O00233,C0348,P1067,22-01-2023,10,559.3,28.3,0.3,First Class,Net Banking,Returned,3
O03665,C2243,P1087,28-05-2023,7,1805.16,-1056.83,0.5,Same Day,UPI,Returned,1
O02732,C0114,P1180,07-11-2023,9,2282.81,-1040.46,0.5,Second Class,Credit Card,Not Returned,3
O00236,C2012,P1162,14-04-2023,9,333.88,107.72,0.05,Second Class,Net Banking,Not Returned,1
O00237,C0708,P1036,02-05-2022,3,1458.74,118.86,0.2,Standard Class,Cash on Delivery,Returned,2
O00238,C1133,P1078,07-11-2022,6,1545.64,442.08,0.1,Same Day,UPI,Not Returned,5
O00240,C1698,P1029,02-05-2023,8,934.85,174.13,0.1,Same Day,Net Banking,Not Returned,3
O00241,C2375,P1008,12-11-2023,6,1154.46,405.35,0,Standard Class,Net Banking,Not Returned,11
O03591,C1761,P1038,03-04-2023,9,3119.13,-1037.79,0.5,Standard Class,Credit Card,Returned,8
O00243,C2497,P1123,24-02-2022,10,1479.04,178.48,0.2,Standard Class,UPI,Returned,1
O02287,C0300,P1170,07-05-2024,7,1825.5,-1018.82,0.5,Same Day,Debit Card,Returned,6
O00246,C0671,P1168,02-04-2022,3,622.27,248.8,0.05,First Class,Credit Card,Returned,12
O00247,C1180,P1096,24-11-2022,1,230.11,75.15,0.1,Standard Class,UPI,Returned,4
O00248,C0275,P1158,05-06-2023,10,2774.8,667.96,0.2,Same Day,Cash on Delivery,Not Returned,2
O00249,C2129,P1052,28-08-2022,8,1888,,0,Standard Class,Credit Card,Returned,5
O03076,C1389,P1091,04-02-2023,5,1462.65,-1013.91,0.5,Standard Class,Credit Card,Returned,6
O00251,C1111,P1168,21-04-2023,8,1746.72,789.75,0,Standard Class,Net Banking,Not Returned,10
O01735,C1803,P1091,16-08-2023,5,1462.65,-1010.04,0.5,First Class,Net Banking,Returned,4
O00253,C0840,P1133,30-04-2024,2,1047,391.13,0.15,First Class,Debit Card,Not Returned,12
O00254,C1137,P1177,26-11-2022,8,4406.98,506.91,0.1,Second Class,UPI,Not Returned,1
O04170,C0971,P1148,05-05-2023,10,1217.2,-1001.01,0.5,Second Class,Cash on Delivery,Returned,4
O00256,C2466,P1142,12-04-2024,8,2674.06,668.47,0.3,Standard Class,UPI,Not Returned,6
O00258,C2212,P1183,07-01-2023,4,890.3,301.95,0.05,Standard Class,Credit Card,Not Returned,2
O00259,C0434,P1174,24-06-2022,5,1893.72,244.56,0.2,Second Class,UPI,Returned,12
O00260,C1772,P1185,07-08-2023,2,909.21,344.85,0.05,Standard Class,Cash on Delivery,Not Returned,11
O00261,C0131,P1030,14-03-2023,9,6344.91,1885.99,0.15,Same Day,Net Banking,Not Returned,2
O00262,C0009,P1030,14-06-2023,9,6344.91,1863.78,0.15,Same Day,Cash on Delivery,Not Returned,6
O05216,C0375,P1098,22-06-2022,8,1281.44,-998.81,0.5,First Class,Credit Card,Not Returned,2
O00264,C0401,P1027,04-10-2023,3,1457.62,456.01,0.1,First Class,Debit Card,Returned,2
O00265,C1528,P1143,02-05-2024,8,3817.63,372.76,0.05,Same Day,UPI,Not Returned,10
O00266,C0549,P1105,04-02-2022,2,505.4,176.65,0,Standard Class,Net Banking,Returned,5
O04276,C0235,P1155,09-04-2023,6,1742.07,-993.91,0.5,Standard Class,Cash on Delivery,Returned,9
O00797,C1915,P1178,12-05-2022,6,1934.64,-991.18,0.5,Same Day,Credit Card,Returned,6
O00056,C0238,P1155,16-02-2024,6,1742.07,-974.67,0.5,Same Day,Cash on Delivery,Returned,2
O00270,C0758,P1103,08-05-2023,9,1928.29,48.71,0.1,Standard Class,Credit Card,Not Returned,10
O00271,C0428,P1058,12-02-2024,7,1465.58,323.71,0.2,Same Day,Debit Card,Not Returned,5
O00272,C1306,P1160,05-11-2023,6,5148.18,2517.92,0,Standard Class,Net Banking,Not Returned,4
O00273,C1518,P1116,15-03-2024,4,1441.97,189.81,0.3,Same Day,Cash on Delivery,Not Returned,10
O00274,C1920,P1014,05-03-2023,10,6289.83,2004.41,0.1,Same Day,Credit Card,Returned,11
O02560,C0620,P1150,06-09-2022,10,3603.15,-966.73,0.5,First Class,Net Banking,Not Returned,3
O00276,C0115,P1070,02-01-2023,1,348.63,100.29,0.1,First Class,UPI,Returned,4
O00277,C0250,P1155,26-09-2022,4,2090.48,275.76,0.1,Standard Class,Credit Card,Not Returned,2
O01458,C0988,P1098,20-04-2022,8,1281.44,-966.09,0.5,Same Day,UPI,Returned,11
O01811,C1796,P1036,09-06-2024,7,2127.34,-964.99,0.5,Same Day,Cash on Delivery,Not Returned,1
O00280,C0045,P1071,06-09-2023,7,1292.13,291.13,0.3,Second Class,Cash on Delivery,Not Returned,3
O00281,C1061,P1161,25-03-2024,6,4395.21,1944.13,0.05,Same Day,Credit Card,Returned,8
O00282,C1931,P1169,02-02-2023,10,3238,869.97,0,Same Day,Credit Card,Not Returned,12
O05723,C0883,P1036,28-08-2023,7,2127.34,-955.39,0.5,Standard Class,Net Banking,Not Returned,2
O04151,C0983,P1175,13-02-2022,9,3495.02,-941.75,0.5,Standard Class,Net Banking,Returned,4
O03037,C0603,P1190,22-09-2022,8,1987.92,-937.51,0.5,First Class,Cash on Delivery,Returned,7
O05745,C0864,P1087,18-05-2022,,1547.28,-933.39,0.5,Same Day,UPI,Returned,1
O00287,C1807,P1104,15-03-2024,9,2799.43,1004.17,0.2,Second Class,Debit Card,Returned,11
O00288,C0492,P1028,15-04-2024,6,890.14,308.36,0.1,Second Class,Cash on Delivery,Not Returned,1
O00289,C0955,P1079,12-03-2024,5,717.17,61.37,0.1,Standard Class,Net Banking,Returned,7
O00290,C1143,P1115,03-08-2022,4,237.16,2.61,0.05,Same Day,Debit Card,Returned,6
O00291,C1147,P1054,16-12-2023,4,1546.93,577.99,0.15,Second Class,Cash on Delivery,Returned,5
O01795,C1768,P1085,15-12-2023,10,3779.85,-933.35,0.5,First Class,Net Banking,Not Returned,10
O00293,C1828,P1063,05-12-2022,1,35.94,4.48,0.05,Same Day,Net Banking,Returned,7
O00294,C1175,P1074,02-05-2023,2,239.79,0.28,0.2,Standard Class,Credit Card,Returned,11
O00295,C0840,P1071,07-12-2023,9,2254.63,989.27,0.05,Same Day,Debit Card,Returned,4
O01638,C2029,P1135,26-02-2023,7,1966.96,-922.51,0.5,Same Day,Cash on Delivery,Returned,2
O00297,C0005,P1027,31-01-2024,3,1295.66,289.21,0.2,Second Class,Debit Card,Not Returned,12
O00298,C0295,P1140,14-11-2022,8,3526.86,601.65,0.05,Standard Class,Credit Card,Not Returned,2
O00299,C1380,P1189,23-06-2023,7,1709.29,521.21,0.2,Standard Class,UPI,Not Returned,11
O00300,C1951,P1073,30-12-2023,8,3469.39,1238.8,0.1,Same Day,Credit Card,Returned,10
O00899,C1876,P1135,07-09-2022,7,1966.96,-921.28,0.5,Same Day,UPI,Returned,2
O00302,C0525,P1093,10-03-2022,9,4634.58,709.6,0.1,Standard Class,Debit Card,Returned,2
O01666,C0843,P1037,16-04-2023,10,2410.95,-918.25,0.5,Same Day,Credit Card,Returned,7
O00305,C0334,P1136,01-01-2024,2,1042.72,338.03,0.2,Second Class,UPI,Returned,3
O00306,C0565,P1124,05-02-2023,5,2323.05,598.34,0,Same Day,Debit Card,Returned,4
O00303,C0040,P1040,24-02-2023,9,1714.46,-891.25,0.5,Standard Class,Net Banking,Not Returned,6
O00308,C1339,P1163,01-03-2024,1,267.82,89.84,0.2,Second Class,UPI,Returned,7
O00309,C0654,P1015,16-07-2022,1,712.35,286.69,0,Second Class,Credit Card,Returned,7
O00310,C0390,P1058,27-11-2022,9,2355.39,907.53,0,Same Day,UPI,Returned,4
O00311,C2423,P1182,16-01-2022,2,579.17,162.12,0.1,Standard Class,Debit Card,Not Returned,1
O00312,C1830,P1134,25-02-2024,2,695.06,10.66,0.05,Second Class,Debit Card,Returned,10
O06063,C2298,P1046,19-01-2022,8,2356.8,-869.79,0.5,First Class,UPI,Returned,4
O00314,C0006,P1096,05-04-2023,1,204.54,26.09,0.2,Standard Class,Credit Card,Returned,10
O00315,C2266,P1102,15-03-2023,2,576.83,65.27,0.1,First Class,Credit Card,Returned,7
O00316,C1558,P1130,13-01-2024,4,2338.7,565.51,0.3,First Class,Debit Card,Returned,9
O00318,C0808,P1053,29-03-2023,7,540.01,67.92,0.2,Standard Class,Credit Card,Returned,3
O00319,C0116,P1012,01-05-2024,2,1276.89,287.16,0.05,Same Day,Debit Card,Returned,12
O00320,C1022,P1011,13-09-2023,4,832.66,101.7,0.05,First Class,Net Banking,Returned,6
O00321,C2397,P1074,28-03-2023,7,891.73,119.26,0.15,Same Day,UPI,Not Returned,7
O05146,C0844,P1061,15-01-2022,10,3087.85,-868.8,0.5,Same Day,Net Banking,Returned,7
O00323,C1411,P1088,15-03-2022,7,479.14,44.37,0.2,Standard Class,UPI,Not Returned,8
O00324,C1084,P1125,31-01-2024,7,1743.53,541.71,0.15,Same Day,UPI,Returned,7
O00325,C1789,P1093,23-03-2023,10,5435.62,1099.68,0.05,Same Day,Debit Card,Returned,11
O00326,C2182,P1165,06-09-2022,7,3247.45,358.46,0.15,Standard Class,Credit Card,Not Returned,10
O00327,C0547,P1085,11-09-2022,8,4233.43,474.6,0.3,Standard Class,Net Banking,Not Returned,12
O00328,C1024,P1159,13-07-2022,10,1660.5,774.87,0,Same Day,Cash on Delivery,Not Returned,12
O03610,C0910,P1175,02-02-2023,8,3106.68,-867.5,0.5,Standard Class,Debit Card,Returned,9
O00331,C1374,P1100,18-05-2022,3,2531.22,1063.4,0.1,Second Class,Credit Card,Returned,1
O00340,C1426,P1124,02-05-2024,8,1858.44,-863.52,0.5,Same Day,UPI,Not Returned,11
O00333,C1573,P1055,07-03-2022,2,998.22,109.27,0.15,Standard Class,UPI,Returned,5
O02994,C0847,P1175,10-10-2022,8,3106.68,-845.24,0.5,Same Day,Cash on Delivery,Returned,10
O00335,C0999,P1182,30-11-2023,10,2734.96,727.32,0.15,Same Day,Net Banking,Returned,6
O04162,C0788,P1036,26-01-2024,6,1823.43,-843.47,0.5,First Class,Cash on Delivery,Not Returned,12
O04524,C1764,P1037,16-04-2024,9,2169.86,-843.26,0.5,Standard Class,Net Banking,Not Returned,7
O00338,C1520,P1170,13-06-2024,6,3129.42,697.58,0,Same Day,Net Banking,Returned,6
O00339,C1256,P1053,27-05-2024,7,573.76,71.73,0.15,Second Class,Cash on Delivery,Returned,3
O01090,C2021,P1059,08-03-2022,7,1335.81,-841.86,0.5,First Class,Net Banking,Returned,4
O00341,C1131,P1125,24-06-2022,9,2505.41,1005.09,0.05,Standard Class,Credit Card,Not Returned,7
O00342,C1562,P1083,13-11-2023,5,1023.72,353.26,0.05,Same Day,UPI,Not Returned,4
O00438,C2377,P1101,11-06-2024,5,1330.48,-835.87,0.5,Standard Class,UPI,Not Returned,6
O00344,C1487,P1059,31-03-2022,4,1373.98,130.17,0.1,Standard Class,Cash on Delivery,Not Returned,3
O00345,C1369,P1141,02-01-2022,6,2188.26,232.62,0.15,Same Day,Debit Card,Not Returned,11
O02209,C2027,P1110,30-09-2023,9,3536.01,-831.32,0.5,Same Day,Credit Card,Not Returned,10
O00347,C0565,P1075,30-05-2022,8,6372.14,2359.11,0.05,First Class,Debit Card,Returned,5
O00348,C0838,P1046,09-08-2022,10,5008.2,993.6,0.15,First Class,Credit Card,Returned,12
O01925,C2082,P1082,23-08-2023,10,3512.88,-830.45,0.3,Standard Class,Credit Card,Returned,8
O05732,C0353,P1102,04-10-2023,9,1442.07,-828.47,0.5,First Class,Net Banking,Returned,3
O00351,C1711,P1149,18-08-2023,3,239.79,60.33,0.1,Second Class,Cash on Delivery,Returned,8
O00352,C2093,P1144,03-08-2022,,2113.06,327.29,0.1,Standard Class,Credit Card,Not Returned,7
O00353,C0926,P1083,01-05-2023,3,646.56,257.38,0,Same Day,Credit Card,Not Returned,4
O00354,C1709,P1140,16-05-2023,1,464.06,86.59,0,Standard Class,Net Banking,Not Returned,5
O00355,C2305,P1107,30-04-2022,8,6884.71,3046.47,0.1,Standard Class,Cash on Delivery,Not Returned,5
O01082,C0016,P1178,03-06-2022,5,1612.2,-824.44,0.5,Same Day,Cash on Delivery,Returned,6
O00358,C2061,P1150,13-12-2023,2,1369.2,419.55,0.05,Second Class,Cash on Delivery,Returned,11
O00359,C2357,P1110,21-05-2024,3,2357.34,873.02,0,Second Class,Net Banking,Returned,4
O00360,C1628,P1183,16-06-2023,5,1171.45,449.82,0,Same Day,Debit Card,Not Returned,10
O00361,C2331,P1051,12-04-2022,9,3921.91,811.11,0.2,Second Class,Credit Card,Returned,10
O00362,C0420,P1186,30-09-2023,6,3436.45,1184.31,0.1,Second Class,Net Banking,Not Returned,2
O00363,C1554,P1030,13-12-2023,5,2902.9,404.41,0.3,Second Class,Debit Card,Returned,7
O00364,C0507,P1175,21-03-2023,3,2097.01,575.07,0.1,Standard Class,Cash on Delivery,Not Returned,2
O01703,C2374,P1075,23-01-2024,10,4192.2,-822.77,0.5,Second Class,Credit Card,Not Returned,11
O04128,C0943,P1091,12-07-2022,4,1170.12,-818.86,0.5,Same Day,Cash on Delivery,Not Returned,6
O00734,C0119,P1072,03-07-2022,10,1402.5,-810.05,0.5,First Class,UPI,Returned,7
O00368,C0145,P1124,20-05-2024,9,3345.19,261.26,0.2,Second Class,Credit Card,Returned,7
O00369,C0235,P1184,13-01-2024,10,146.51,21.18,0.3,Same Day,Net Banking,Returned,8
O01448,C0148,P1148,13-06-2022,8,973.76,-791.42,0.5,Standard Class,Cash on Delivery,Not Returned,9
O05994,C1401,P1038,06-02-2023,7,2425.99,-789.68,0.5,First Class,UPI,Returned,4
O01117,C0126,P1069,28-01-2023,5,1170.75,-787.99,0.5,First Class,Net Banking,Not Returned,3
O00536,C2425,P1134,02-07-2023,5,914.55,-787.29,0.5,Second Class,Net Banking,Not Returned,12
O00374,C0955,P1005,11-01-2023,9,1557.13,490.09,0.05,Same Day,Credit Card,Not Returned,2
O00375,C2196,P1067,07-07-2023,6,335.58,7.52,0.3,First Class,Credit Card,Returned,12
O00376,C1003,P1030,09-11-2022,10,7049.9,2086.41,0.15,Same Day,Cash on Delivery,Not Returned,1
O00377,C1581,P1124,03-12-2022,6,2787.66,720.18,0,Same Day,Debit Card,Returned,2
O00378,C1263,P1153,26-06-2023,7,1829.39,688.15,0.15,Second Class,Debit Card,Returned,8
O00379,C1698,P1112,15-03-2023,7,389.34,104.8,0.1,Same Day,Credit Card,Returned,6
O00380,C0210,P1173,10-06-2024,7,4575.83,1168.2,0,Same Day,Debit Card,Returned,3
O00381,C0207,P1059,30-09-2022,4,1297.64,15.85,0.15,Second Class,Debit Card,Not Returned,9
O00382,C0611,P1022,21-04-2022,7,427.6,73.96,0.05,Second Class,UPI,Not Returned,7
O00383,C2068,P1113,07-05-2023,10,3351.67,782.31,0.3,Second Class,Cash on Delivery,Returned,4
O03096,C0551,P1093,26-12-2022,5,1430.42,-777.78,0.5,Standard Class,Debit Card,Returned,2
O02226,C1902,P1147,10-08-2023,10,2979.1,-776.26,0.5,Standard Class,Debit Card,Returned,12
O00386,C1796,P1001,25-01-2023,4,753.28,130.34,0,First Class,Net Banking,Not Returned,1
O00387,C2336,P1173,08-11-2022,9,5000.73,612.74,0.15,Second Class,Debit Card,Returned,3
O00388,C0422,P1105,02-02-2024,1,252.7,105.4,0,Same Day,Credit Card,Not Returned,8
O00389,C0904,P1066,10-04-2022,6,4640.87,1980.85,0.1,First Class,Debit Card,Not Returned,4
O00390,C1516,P1027,31-03-2022,5,2564.34,895.35,0.05,Second Class,Credit Card,Not Returned,2
O00391,C1125,P1138,05-11-2022,2,159.66,1.9,0.2,Standard Class,Credit Card,Returned,7
O00392,C2105,P1185,17-06-2024,9,3014.74,533.82,0.3,First Class,Net Banking,Returned,7
O00393,C0609,P1123,31-05-2023,2,314.3,36.52,0.15,First Class,UPI,Returned,12
O00385,C2035,P1176,23-08-2022,10,3962.49,-773.36,0.3,Second Class,Net Banking,Returned,10
O00395,C0475,P1155,04-01-2022,10,5226.21,707.2,0.1,Same Day,Cash on Delivery,Not Returned,5
O00396,C0833,P1042,20-07-2023,4,960.8,101.09,0.1,Second Class,Debit Card,Returned,5
O00397,C1888,P1002,23-04-2024,1,443.68,23.71,0.3,First Class,Debit Card,Returned,12
O00398,C1778,P1052,23-02-2023,9,1911.6,607.45,0.1,Standard Class,Debit Card,Returned,12
O00399,C1796,P1185,17-01-2022,5,2273.02,887.3,0.05,Standard Class,Net Banking,Not Returned,11
O00400,C2014,P1123,29-03-2023,10,1479.04,195.16,0.2,Same Day,Credit Card,Not Returned,4
O00401,C1577,P1184,06-05-2023,7,131.86,44.37,0.1,Second Class,Cash on Delivery,Not Returned,12
O03637,C2348,P1004,19-10-2023,8,976.92,-772.01,0.5,Second Class,Debit Card,Not Returned,5
O00403,C2151,P1174,17-02-2023,4,1609.66,266.43,0.15,Standard Class,Net Banking,Not Returned,1
O05074,C2251,P1124,14-10-2023,7,1626.14,-768.66,0.5,Same Day,Debit Card,Returned,2
O05077,C0695,P1020,16-06-2023,5,1013.53,-768.14,0.5,First Class,Credit Card,Returned,8
O00406,C2308,P1135,11-07-2023,8,4271.12,972.11,0.05,Standard Class,Cash on Delivery,Not Returned,2
O00974,C2496,P1118,06-05-2022,5,1474.38,-763.93,0.5,Standard Class,Debit Card,Not Returned,11
O00408,C1670,P1067,23-04-2022,2,135.83,19.26,0.15,First Class,UPI,Not Returned,2
O00409,C1649,P1028,15-03-2023,1,131.87,26.21,0.2,First Class,Cash on Delivery,Not Returned,6
O00410,C1040,P1116,09-11-2023,2,926.98,277.61,0.1,Standard Class,Credit Card,Returned,6
O00411,C1988,P1074,26-03-2024,3,382.17,31.39,0.15,First Class,Credit Card,Returned,6
O00412,C0667,P1176,28-12-2022,3,1613.3,163.07,0.05,First Class,Credit Card,Returned,7
O00413,C2378,P1160,01-07-2023,7,4804.97,1741.98,0.2,Same Day,Cash on Delivery,Returned,12
O01768,C1778,P1147,30-05-2022,10,2979.1,-763.09,0.5,Same Day,Debit Card,Returned,12
O00416,C1157,P1190,14-12-2023,3,1267.3,141.27,0.15,Standard Class,Net Banking,Returned,1
O00417,C1995,P1075,08-09-2022,3,2263.79,759.57,0.1,Second Class,Net Banking,Returned,12
O01362,C2497,P1141,20-10-2023,7,1501.74,-760.9,0.5,First Class,Cash on Delivery,Not Returned,3
O01019,C0805,P1003,24-04-2024,4,1053.76,-758.91,0.5,First Class,Net Banking,Returned,4
O00420,C0670,P1041,10-03-2023,9,4581.68,1876.71,0.1,Second Class,Credit Card,Not Returned,10
O00421,C0815,P1161,22-04-2024,1,732.54,302.61,0.05,Same Day,Net Banking,Not Returned,11
O06865,C1077,P1003,25-05-2023,4,1053.76,-758.84,0.5,Same Day,UPI,Returned,3
O00423,C0441,P1185,20-04-2022,4,1722.71,615.03,0.1,Second Class,UPI,Returned,5
O01939,C2328,P1000,12-06-2024,5,907.32,-758.02,0.5,First Class,Credit Card,Not Returned,1
O04872,C0834,P1095,01-03-2023,10,1463.6,-753.51,0.5,Second Class,Credit Card,Not Returned,2
O00426,C0094,P1116,27-01-2023,3,1544.97,608.84,0,Same Day,UPI,Returned,12
O00427,C1149,P1048,01-11-2023,4,2983.42,949.68,0.05,First Class,Net Banking,Returned,6
O00769,C1198,P1051,23-01-2024,10,2723.55,-749.4,0.5,Standard Class,UPI,Returned,6
O00429,C0053,P1172,13-11-2022,1,304.8,94.47,0.05,Standard Class,Net Banking,Not Returned,3
O00430,C1250,P1108,14-08-2023,5,2342.27,922.55,0.05,First Class,Net Banking,Not Returned,8
O00431,C1574,P1087,15-05-2023,3,1547.28,281.54,0,Second Class,Net Banking,Not Returned,9
O00432,C0899,P1121,30-11-2023,10,4650.12,1966.7,0.1,Standard Class,Cash on Delivery,Returned,12
O00433,C0595,P1147,09-01-2022,4,1668.3,133.54,0.3,Standard Class,Credit Card,Not Returned,8
O00434,C0042,P1072,20-10-2023,2,504.9,44.26,0.1,Standard Class,Net Banking,Not Returned,4
O00435,C1573,P1042,17-12-2022,7,1681.41,233.54,0.1,First Class,Net Banking,Returned,9
O00436,C0334,P1067,07-08-2022,3,203.74,36.28,0.15,First Class,Net Banking,Not Returned,4
O00437,C0133,P1163,16-02-2024,1,318.04,101.21,0.05,Standard Class,Debit Card,Not Returned,2
O03070,C1196,P1012,23-05-2024,5,1680.12,-743.26,0.5,Same Day,Credit Card,Not Returned,2
O00439,C1152,P1160,06-03-2023,5,4075.64,1893.4,0.05,Same Day,Debit Card,Not Returned,1
O01602,C1658,P1055,05-04-2022,5,1467.98,-742.88,0.5,Standard Class,UPI,Not Returned,9
O00441,C0919,P1179,27-04-2022,3,240.01,6.76,0.15,Same Day,Credit Card,Not Returned,11
O00442,C1630,P1137,03-02-2024,10,912.5,147.86,0,Same Day,Credit Card,Not Returned,4
O05475,C2016,P1098,09-07-2023,6,961.08,-740.67,0.5,Standard Class,UPI,Returned,8
O00444,C0946,P1167,10-07-2023,7,5160.08,2077.71,0.1,Same Day,Net Banking,Not Returned,3
O00445,C0317,P1167,23-03-2023,9,5897.23,1948.67,0.2,First Class,Cash on Delivery,Returned,2
O00446,C0047,P1018,24-09-2023,2,1379.7,512.65,0,Standard Class,Net Banking,Returned,11
O01470,C0667,P1030,11-03-2024,9,3732.3,-738.14,0.5,Second Class,Cash on Delivery,Returned,5
O00448,C2189,P1045,11-03-2024,7,742.63,249.24,0,Same Day,Credit Card,Returned,7
O00449,C1884,P1135,20-03-2024,1,561.99,145.43,0,First Class,Credit Card,Not Returned,4
O00450,C0902,P1008,22-10-2023,9,1471.94,396.09,0.15,Same Day,Credit Card,Not Returned,6
O00451,C0277,P1000,12-04-2022,9,3103.05,168.49,0.05,Same Day,Debit Card,Returned,6
O02380,C1650,P1075,16-03-2022,9,3772.98,-737.35,0.5,Standard Class,Net Banking,Returned,2
O00454,C0945,P1052,28-05-2022,1,212.4,62.93,0.1,Same Day,Cash on Delivery,Returned,2
O00455,C1330,P1163,04-07-2022,3,903.91,368.81,0.1,Same Day,UPI,Not Returned,1
O00456,C1402,P1108,03-10-2023,7,3451.77,1448.57,0,Same Day,Credit Card,Returned,5
O00457,C0147,P1041,09-10-2023,1,537.36,206.23,0.05,Same Day,Cash on Delivery,Returned,3
O00458,C1359,P1104,05-05-2022,9,2449.5,671.75,0.3,Second Class,Credit Card,Not Returned,2
O00459,C0570,P1105,14-08-2022,4,1010.8,431.26,0,Second Class,UPI,Not Returned,12
O00460,C0247,P1161,03-02-2024,9,4857.87,1174.11,0.3,First Class,Credit Card,Returned,11
O00461,C1134,P1160,23-03-2024,5,3646.63,1468.7,0.15,Same Day,Net Banking,Not Returned,7
O00462,C0219,P1073,23-11-2022,10,3373.02,613.19,0.3,First Class,UPI,Not Returned,3
O00463,C2480,P1057,24-02-2023,1,688.88,215.3,0.2,First Class,Net Banking,Returned,2
O03335,C1170,P1051,30-03-2022,10,2723.55,-735.22,0.5,Second Class,Net Banking,Not Returned,10
O00465,C1552,P1073,03-12-2022,6,2023.81,372.76,0.3,Standard Class,Net Banking,Not Returned,10
O00466,C1213,P1154,29-07-2023,4,2400.13,784.94,0.2,Standard Class,Cash on Delivery,Not Returned,11
O00467,C0263,P1052,22-07-2022,7,1486.8,460.02,0.1,Same Day,UPI,Returned,8
O00468,C2281,P1110,28-01-2023,3,1885.87,412.15,0,Standard Class,Net Banking,Not Returned,3
O00469,C1814,P1153,25-06-2023,7,2152.22,979.56,0,Same Day,Debit Card,Not Returned,6
O00470,C1055,P1183,04-03-2024,6,1194.88,377.43,0.15,Same Day,Net Banking,Returned,6
O00471,C1280,P1062,18-02-2022,10,143.1,33.98,0,Same Day,Credit Card,Returned,2
O05315,C2185,P1190,04-12-2022,6,1490.94,-734.39,0.5,Same Day,Net Banking,Returned,6
O00473,C2138,P1043,04-12-2022,1,699.66,192.49,0.1,Second Class,Cash on Delivery,Not Returned,2
O00474,C2101,P1060,11-02-2024,3,1642.19,447.51,0.1,Standard Class,Cash on Delivery,Returned,10
O00475,C0834,P1174,15-10-2022,8,2651.21,29.52,0.3,First Class,UPI,Not Returned,9
O03752,C0182,P1020,11-03-2022,10,2837.87,-732.49,0.3,First Class,UPI,Returned,10
O00477,C2176,P1077,02-08-2022,4,306.78,19.92,0.15,First Class,Net Banking,Returned,9
O00478,C2363,P1033,08-01-2023,2,262.16,2.85,0.05,Same Day,Credit Card,Returned,5
O00479,C0579,P1154,09-06-2024,7,4987.77,2151.19,0.05,Standard Class,Credit Card,Returned,8
O00480,C1879,P1163,09-11-2023,3,903.91,379.31,0.1,First Class,Net Banking,Returned,3
O00481,C0310,P1110,08-12-2022,7,4400.37,983.29,0.2,Same Day,Credit Card,Not Returned,4
O00482,C0940,P1164,27-06-2023,7,5033.25,2179.82,0.05,Second Class,UPI,Returned,2
O00483,C1823,P1038,02-09-2022,1,693.14,204.12,0,Same Day,Net Banking,Not Returned,2
O00484,C1547,P1086,10-12-2023,4,1221.89,213.37,0.3,First Class,Cash on Delivery,Not Returned,12
O00485,C0433,P1141,19-12-2023,1,429.07,94.96,0,Second Class,Debit Card,Returned,3
O00486,C2086,P1125,26-05-2022,3,791.18,250.9,0.1,First Class,UPI,Returned,11
O00487,C0913,P1135,01-05-2023,1,449.59,18.36,0.2,Standard Class,Cash on Delivery,Not Returned,4
O00488,C0909,P1183,31-05-2022,9,1686.89,461.07,0.2,Same Day,Debit Card,Not Returned,11
O00489,C1691,P1012,14-01-2022,8,4838.76,985.13,0.1,Same Day,UPI,Not Returned,11
O03227,C0432,P1102,04-10-2022,8,1281.84,-731.3,0.5,Standard Class,Credit Card,Not Returned,11
O00491,C0099,P1165,02-04-2022,7,3438.48,573.31,0.1,Same Day,Cash on Delivery,Returned,5
O00492,C0189,P1024,04-03-2023,6,2479.68,528.14,0.1,First Class,Cash on Delivery,Returned,7
O00493,C0576,P1178,22-03-2024,8,4127.23,225.54,0,Second Class,Net Banking,Returned,9
O00494,C0599,P1080,16-06-2022,5,298.84,44.77,0.2,Standard Class,Credit Card,Not Returned,10
O00495,C1329,P1066,06-01-2022,2,1718.84,811.42,0,First Class,Debit Card,Returned,2
O00496,C1522,P1016,21-07-2022,5,2559.78,1146.21,0.05,First Class,Credit Card,Not Returned,7
O00497,C0632,P1017,06-11-2022,7,2185.05,771.5,0,Second Class,Credit Card,Not Returned,3
O00498,C0503,P1168,09-11-2022,7,1222.7,375.79,0.2,Same Day,Net Banking,Returned,3
O00499,C0939,P1163,31-05-2023,9,2561.07,969.9,0.15,Same Day,Net Banking,Not Returned,1
O00500,C1363,P1044,08-03-2023,9,560.88,21.84,0,First Class,Credit Card,Not Returned,1
O00501,C1302,P1148,07-01-2022,7,1618.88,58.76,0.05,Standard Class,UPI,Not Returned,11
O00502,C0768,P1072,21-04-2024,2,504.9,38.47,0.1,Standard Class,Credit Card,Returned,9
O00503,C0642,P1055,23-11-2023,8,4462.64,934.22,0.05,Standard Class,Net Banking,Returned,2
O00504,C2093,P1180,04-05-2022,2,1014.58,268.71,0,Same Day,Net Banking,Returned,2
O00505,C2090,P1024,08-07-2022,5,1951.6,317.38,0.15,Same Day,Cash on Delivery,Returned,7
O05017,C1789,P1148,08-10-2022,7,852.04,-728.63,0.5,Second Class,Net Banking,Returned,4
O00507,C2378,P1110,26-08-2023,5,2750.23,317.38,0.3,Standard Class,Net Banking,Not Returned,7
O00509,C2179,P1015,10-01-2022,8,3989.16,719.61,0.3,First Class,Cash on Delivery,Not Returned,9
O00510,C1480,P1038,27-12-2022,2,1316.97,366.19,0.05,Second Class,Debit Card,Not Returned,7
O06531,C0821,P1177,20-02-2024,4,1224.16,-727.83,0.5,Same Day,UPI,Returned,1
O00512,C0436,P1008,29-04-2024,10,1731.69,520.19,0.1,Standard Class,UPI,Not Returned,11
O00513,C0204,P1045,01-03-2024,8,763.85,214.81,0.1,Second Class,Net Banking,Not Returned,2
O00041,C0771,P1181,22-10-2022,10,2395.35,-724.43,0.5,First Class,Credit Card,Not Returned,9
O00515,C2255,P1083,15-10-2023,8,1465.54,441.59,0.15,First Class,Credit Card,Returned,12
O00516,C1970,P1030,08-04-2024,3,2114.97,588.74,0.15,Standard Class,Credit Card,Returned,3
O00517,C2356,P1165,05-08-2023,1,491.21,44.09,0.1,Same Day,Credit Card,Returned,10
O00842,C1801,P1148,01-11-2023,7,852.04,-723.45,0.5,First Class,Cash on Delivery,Not Returned,4
O00519,C0513,P1075,26-05-2023,9,6791.36,2303.24,0.1,First Class,Debit Card,Not Returned,12
O04871,C0358,P1177,14-04-2022,4,1224.16,-723.29,0.5,First Class,Net Banking,Returned,10
O00521,C2053,P1075,27-09-2022,2,1341.5,320.07,0.2,Standard Class,Credit Card,Returned,9
O02985,C1764,P1003,27-06-2023,9,3319.34,-722.66,0.3,First Class,Debit Card,Not Returned,7
O04685,C0617,P1065,28-02-2023,10,925.6,-721.22,0.5,Standard Class,UPI,Returned,2
O00524,C0567,P1096,05-05-2023,4,715.9,165.5,0.3,Standard Class,UPI,Returned,9
O00818,C1306,P1095,19-05-2023,10,1463.6,-716.04,0.5,Second Class,UPI,Returned,1
O00526,C1084,P1010,23-09-2023,3,2099.13,859.87,0,Standard Class,Credit Card,Returned,2
O00527,C0550,P1035,05-02-2024,10,2209.3,1060.28,0,Standard Class,Credit Card,Returned,2
O00528,C0541,P1008,17-10-2022,1,182.79,40.03,0.05,First Class,Credit Card,Not Returned,8
O01922,C1928,P1003,27-09-2023,9,3319.34,-714.46,0.3,Same Day,UPI,Not Returned,4
O00530,C0356,P1053,08-09-2022,9,781.08,155.04,0.1,Standard Class,Debit Card,Not Returned,12
O00531,C0186,P1071,28-07-2022,10,2241.45,825.06,0.15,Second Class,UPI,Not Returned,12
O00532,C1148,P1000,17-12-2023,3,1088.79,69.82,0,Standard Class,Debit Card,Not Returned,10
O00533,C1566,P1099,28-03-2022,7,5831.03,2291.26,0.1,Same Day,Net Banking,Not Returned,1
O00534,C1140,P1118,07-11-2023,4,2241.05,434.02,0.05,First Class,UPI,Not Returned,5
O00535,C0819,P1039,16-12-2022,10,1755.6,318.62,0.05,Standard Class,UPI,Not Returned,12
O01560,C1283,P1036,11-01-2024,5,1519.52,-708.72,0.5,Standard Class,Credit Card,Not Returned,1
O00537,C1667,P1124,15-10-2022,4,1765.52,363.15,0.05,First Class,Debit Card,Not Returned,1
O00538,C1758,P1160,07-11-2023,10,7722.27,3364.39,0.1,First Class,Cash on Delivery,Not Returned,5
O00540,C1135,P1173,19-07-2023,2,1176.64,163.71,0.1,First Class,Debit Card,Not Returned,3
O01796,C0942,P1147,20-09-2023,9,2681.19,-699.71,0.5,First Class,UPI,Not Returned,11
O00542,C0444,P1159,02-01-2024,9,1046.12,259.29,0,First Class,Cash on Delivery,Returned,10
O00543,C1923,P1030,04-06-2023,4,2985.84,996.45,0.1,First Class,Net Banking,Returned,11
O00544,C2463,P1152,01-12-2022,7,631.89,42.46,0.1,First Class,Net Banking,Not Returned,10
O00545,C2098,P1139,25-10-2022,1,224.09,59.07,0.05,First Class,Cash on Delivery,Not Returned,4
O05673,C2214,P1135,13-12-2022,5,1404.98,-696.44,0.5,Second Class,Debit Card,Returned,5
O02666,C0080,P1131,18-05-2023,9,1067.85,-693.82,0.5,Second Class,Cash on Delivery,Not Returned,8
O00548,C1049,P1128,06-01-2023,6,338.01,21.65,0.05,Same Day,Net Banking,Not Returned,2
O00549,C0351,P1120,06-01-2023,6,1680.58,360.31,0.2,Second Class,Cash on Delivery,Returned,7
O00550,C0682,P1133,24-09-2022,10,4311.16,1202.74,0.3,Second Class,Cash on Delivery,Not Returned,11
O00551,C1377,P1015,16-01-2022,4,2706.93,1040.53,0.05,Same Day,UPI,Returned,1
O00552,C0687,P1176,16-03-2022,7,3962.49,634.83,0,First Class,Credit Card,Not Returned,12
O00553,C0906,P1087,02-05-2022,9,4409.75,721.68,0.05,Standard Class,UPI,Returned,12
O00554,C2236,P1136,08-10-2023,6,3323.67,1267.33,0.15,Second Class,Credit Card,Returned,3
O00555,C1114,P1111,22-11-2023,1,391.06,83.69,0.2,First Class,UPI,Returned,5
O00556,C0394,P1185,15-06-2023,8,3445.42,1247.53,0.1,First Class,Net Banking,Not Returned,3
O00557,C0317,P1048,23-01-2024,3,2355.33,819.4,0,First Class,UPI,Not Returned,5
O00558,C1163,P1148,14-05-2023,3,730.32,53.66,0,Standard Class,Credit Card,Not Returned,3
O00559,C1374,P1172,05-06-2023,2,609.6,238.05,0.05,Second Class,UPI,Not Returned,1
O00560,C1237,P1044,08-08-2023,6,355.22,10.24,0.05,Standard Class,UPI,Not Returned,7
O00561,C2436,P1049,21-05-2022,8,6557.69,2662.14,0.1,Standard Class,Credit Card,Returned,6
O00932,C0093,P1024,16-11-2022,7,1607.2,-690.12,0.5,Standard Class,Credit Card,Returned,2
O00563,C1289,P1116,26-07-2023,9,4171.42,1443.72,0.1,Standard Class,Credit Card,Returned,10
O01135,C0577,P1030,26-02-2024,8,3317.6,-689.24,0.5,Standard Class,Net Banking,Returned,4
O00565,C2196,P1173,07-02-2024,2,1045.9,34.77,0.2,Second Class,UPI,Not Returned,12
O00566,C2081,P1079,21-08-2023,5,637.48,1.57,0.2,First Class,Credit Card,Not Returned,11
O00567,C1656,P1046,06-02-2023,8,4006.56,780.75,0.15,First Class,Net Banking,Not Returned,6
O04073,C0384,P1040,06-05-2024,7,1333.46,-687.24,0.5,Same Day,Debit Card,Returned,11
O06081,C0283,P1025,03-06-2022,10,1233.1,-686.56,0.5,Standard Class,UPI,Returned,6
O01123,C0809,P1146,23-01-2022,6,1291.11,-684.38,0.5,Same Day,Credit Card,Not Returned,2
O00571,C0838,P1024,03-07-2023,4,1469.44,139.08,0.2,First Class,Credit Card,Returned,12
O05314,C0724,P1135,17-07-2022,5,1404.98,-682.48,0.5,Same Day,Debit Card,Returned,8
O00573,C2190,P1148,08-05-2024,9,2081.41,55.95,0.05,First Class,Debit Card,Not Returned,4
O00574,C1403,P1116,14-01-2022,9,3244.44,514.12,0.3,Same Day,Net Banking,Returned,3
O00575,C1860,P1043,09-10-2023,5,3498.3,998.26,0.1,Same Day,Net Banking,Returned,12
O05500,C1362,P1144,27-03-2022,9,1320.66,-681.66,0.5,Second Class,Debit Card,Returned,5
O04439,C1994,P1018,21-03-2022,9,3104.32,-681.07,0.5,First Class,Credit Card,Not Returned,12
O02349,C0625,P1166,19-09-2023,4,947.8,-679,0.5,Same Day,UPI,Returned,6
O00579,C0570,P1108,02-01-2024,7,3106.59,1090.96,0.1,Second Class,Net Banking,Not Returned,8
O00580,C2487,P1146,07-12-2022,10,4303.7,1047.87,0,Second Class,Net Banking,Returned,2
O00581,C1109,P1002,30-04-2023,3,1616.27,470.92,0.15,Same Day,Debit Card,Not Returned,5
O06445,C2288,P1019,21-07-2022,8,2800.24,-678.2,0.5,Standard Class,UPI,Not Returned,3
O00583,C1531,P1181,30-08-2022,8,3449.3,944.8,0.1,Standard Class,UPI,Not Returned,12
O00584,C0013,P1075,14-01-2022,2,1425.35,419.38,0.15,Standard Class,UPI,Not Returned,8
O00585,C1974,P1018,14-05-2023,,1448.68,158.31,0.3,Standard Class,Net Banking,Not Returned,12
O00586,C1909,P1087,16-01-2023,5,2063.04,15.18,0.2,First Class,Cash on Delivery,Not Returned,8
O00587,C0848,P1141,04-02-2024,8,3260.93,647.56,0.05,Same Day,UPI,Not Returned,7
O00093,C1944,P1091,06-02-2022,8,3276.34,-675.11,0.3,Standard Class,Cash on Delivery,Not Returned,8
O00589,C0819,P1052,25-12-2022,8,1510.4,372.44,0.2,Second Class,Debit Card,Not Returned,7
O05527,C1670,P1040,22-08-2022,7,1333.46,-673.89,0.5,Standard Class,Cash on Delivery,Not Returned,5
O00591,C0964,P1116,01-08-2023,4,1853.96,634.66,0.1,First Class,Cash on Delivery,Not Returned,12
O06447,C1069,P1131,06-09-2023,9,1067.85,-668.74,0.5,First Class,Cash on Delivery,Returned,5
O04882,C2498,P1187,13-02-2023,8,876.76,-667.3,0.5,Second Class,UPI,Returned,6
O00594,C0237,P1190,30-01-2023,9,3801.9,515.8,0.15,Standard Class,Cash on Delivery,Returned,3
O00595,C0122,P1160,24-03-2023,5,3003.1,823.37,0.3,Same Day,Debit Card,Returned,1
O00638,C1470,P1082,09-06-2022,8,2810.3,-665.49,0.3,Standard Class,Debit Card,Not Returned,4
O00597,C1477,P1139,23-06-2023,1,224.09,55.75,0.05,First Class,Cash on Delivery,Returned,10
O00598,C0309,P1079,20-10-2023,5,796.85,148.93,0,Standard Class,Cash on Delivery,Returned,12
O00599,C1077,P1147,18-05-2023,8,3813.25,794.2,0.2,Standard Class,UPI,Not Returned,1
O03174,C1166,P1003,29-02-2024,8,2950.53,-662.39,0.3,Second Class,Cash on Delivery,Not Returned,8
O05310,C1350,P1092,30-01-2024,10,1456.55,-662.37,0.5,First Class,UPI,Not Returned,8
O00602,C0409,P1074,12-11-2023,6,719.38,62.38,0.2,Second Class,Debit Card,Returned,3
O00603,C0835,P1077,23-07-2022,8,721.84,150.12,0,Standard Class,Debit Card,Not Returned,9
O00604,C2008,P1013,05-08-2023,6,394.92,41.85,0,Standard Class,Credit Card,Returned,3
O00605,C2150,P1106,21-01-2022,6,1655.66,224.76,0.2,Standard Class,Credit Card,Not Returned,11
O06710,C0707,P1009,06-01-2022,7,2203.33,-662.21,0.3,Standard Class,Cash on Delivery,Not Returned,7
O00607,C1328,P1089,30-10-2022,5,1571.06,470.34,0.05,First Class,Debit Card,Not Returned,11
O00608,C1062,P1139,23-08-2023,3,707.64,229.56,0,First Class,Debit Card,Returned,6
O00609,C0316,P1167,24-03-2024,9,5897.23,1918.65,0.2,First Class,UPI,Returned,9
O00610,C1485,P1110,24-08-2023,3,2003.74,538.44,0.15,First Class,UPI,Not Returned,1
O00611,C1167,P1101,11-12-2022,3,1357.08,53.1,0.15,Same Day,Cash on Delivery,Returned,1
O03186,C0576,P1060,06-01-2023,8,2432.88,-660.61,0.5,Second Class,Cash on Delivery,Not Returned,8
O00613,C0772,P1098,17-06-2024,7,2018.27,53.84,0.1,Same Day,Debit Card,Not Returned,10
O00614,C1125,P1114,04-11-2022,1,162.64,47.45,0.05,Second Class,Credit Card,Not Returned,1
O06704,C0247,P1175,19-12-2023,6,2330.01,-658.29,0.5,Standard Class,Credit Card,Returned,8
O00616,C1022,P1042,28-05-2024,5,1334.45,292.59,0,First Class,UPI,Not Returned,3
O00617,C1683,P1141,05-12-2023,6,2574.42,623.55,0,Same Day,Credit Card,Returned,7
O02290,C2031,P1146,29-05-2022,6,1291.11,-657.99,0.5,Standard Class,UPI,Not Returned,12
O00619,C2397,P1056,29-01-2024,2,579.37,41.82,0.1,Second Class,Debit Card,Not Returned,6
O01399,C0866,P1102,05-10-2022,7,1121.61,-656.55,0.5,Second Class,Cash on Delivery,Returned,9
O00621,C0018,P1079,01-11-2023,7,1115.59,235.99,0,Same Day,UPI,Not Returned,7
O00622,C2280,P1128,14-06-2023,3,169,8.38,0.05,Standard Class,Net Banking,Returned,3
O00624,C1004,P1106,11-09-2023,5,1207.25,8.96,0.3,First Class,Cash on Delivery,Not Returned,2
O00625,C0073,P1114,28-01-2023,3,436.56,146.21,0,First Class,Credit Card,Not Returned,7
O00626,C1018,P1087,05-05-2022,1,438.4,15.05,0.15,First Class,Debit Card,Not Returned,6
O02713,C2472,P1101,06-04-2023,4,1064.38,-654.54,0.5,Same Day,Credit Card,Not Returned,2
O00628,C0159,P1010,12-09-2022,1,559.77,116.68,0.2,Same Day,Net Banking,Not Returned,6
O01659,C2367,P1102,03-11-2022,7,1121.61,-650.22,0,Second Class,Cash on Delivery,Not Returned,11
O00630,C0313,P1031,12-01-2024,1,461.24,145.91,0.05,Standard Class,Debit Card,Not Returned,7
O00631,C0289,P1163,04-02-2024,7,2343.46,1120.79,0,Same Day,UPI,Returned,10
O00632,C0872,P1085,07-07-2023,5,3401.86,1027.16,0.1,Same Day,Credit Card,Not Returned,5
O00633,C1710,P1025,16-02-2022,3,665.87,64.13,0.1,Same Day,Credit Card,Returned,7
O00634,C0427,P1024,06-09-2023,3,1239.84,258.35,0.1,First Class,Credit Card,Returned,10
O00635,C1363,P1142,26-04-2024,5,1671.28,387.34,0.3,Same Day,Cash on Delivery,Returned,6
O00636,C0504,P1186,01-04-2023,6,3436.45,1174.5,0.1,Second Class,Net Banking,Not Returned,7
O00637,C1202,P1015,22-03-2022,1,498.64,49.8,0.3,First Class,Debit Card,Not Returned,6
O06915,C1373,P1003,04-07-2022,8,2950.53,-649.73,0.3,Same Day,Credit Card,Not Returned,10
O00639,C0904,P1112,14-09-2023,7,346.08,69.08,0.2,Standard Class,Cash on Delivery,Not Returned,3
O00371,C0897,P1037,03-04-2022,7,1687.66,-649.53,0.5,Standard Class,UPI,Not Returned,9
O00641,C1745,P1041,11-10-2023,2,791.9,154.19,0.3,Same Day,Net Banking,Not Returned,5
O00644,C0225,P1057,06-08-2023,6,4133.28,1373.89,0.2,Same Day,Cash on Delivery,Returned,3
O05662,C0236,P1188,16-05-2023,6,1406.19,-647.95,0.5,First Class,Debit Card,Returned,3
O00646,C1740,P1165,02-12-2023,10,4639.21,540.85,0.15,Standard Class,Cash on Delivery,Not Returned,3
O00648,C1526,P1125,03-01-2024,5,1025.6,171.77,0.3,Same Day,UPI,Not Returned,7
O00649,C1614,P1061,08-06-2023,1,555.81,141.31,0.1,First Class,Cash on Delivery,Returned,12
O00650,C0345,P1146,14-12-2022,3,1162,171.85,0.1,First Class,UPI,Not Returned,12
O00893,C0038,P1147,24-09-2023,8,2383.28,-647.79,0.5,First Class,Debit Card,Returned,11
O02996,C0537,P1118,22-01-2022,4,1179.5,-641.38,0.5,Standard Class,UPI,Returned,5
O00653,C1066,P1058,21-11-2023,5,1112.27,293.98,0.15,First Class,Net Banking,Not Returned,11
O00654,C0456,P1170,21-08-2023,4,2086.28,444.11,0,Same Day,Net Banking,Returned,6
O00655,C1975,P1178,18-11-2022,3,1547.71,59.42,0.2,Same Day,Credit Card,Not Returned,7
O00656,C0591,P1018,17-12-2022,1,482.9,18.88,0.3,Standard Class,Credit Card,Not Returned,8
O00657,C1822,P1092,13-01-2022,8,1864.38,160.07,0.2,Second Class,Credit Card,Not Returned,11
O00658,C2261,P1181,04-12-2022,1,407.21,66.98,0.15,Standard Class,UPI,Not Returned,10
O00659,C2281,P1142,27-03-2024,9,4082.71,1822.28,0.05,Same Day,Credit Card,Returned,10
O00660,C2407,P1125,31-01-2024,5,1172.12,329.98,0.2,First Class,UPI,Returned,4
O00661,C2385,P1018,04-05-2023,4,2207.52,502.6,0.2,Standard Class,Credit Card,Not Returned,2
O00662,C0035,P1143,13-04-2022,8,4018.56,595.42,0,Same Day,UPI,Not Returned,11
O03923,C1410,P1072,09-08-2023,8,1122,-640.18,0.5,Second Class,Cash on Delivery,Not Returned,6
O00664,C0976,P1028,23-10-2023,9,1261.03,388.15,0.15,First Class,Net Banking,Returned,3
O00665,C0790,P1093,06-06-2023,8,4577.36,1100.24,0,First Class,UPI,Not Returned,6
O02907,C1736,P1014,08-04-2024,8,2795.48,-638.81,0.5,Same Day,Cash on Delivery,Not Returned,8
O00667,C2001,P1124,28-11-2022,4,1486.75,95,0.2,Second Class,Debit Card,Not Returned,11
O02286,C1371,P1169,25-02-2024,8,1295.2,-638.45,0.5,Same Day,Net Banking,Returned,12
O01722,C1048,P1103,18-11-2023,7,833.21,-637.78,0.5,First Class,Credit Card,Not Returned,4
O00671,C1475,P1141,30-11-2022,6,2188.26,222.99,0.15,Same Day,Debit Card,Returned,2
O00672,C0448,P1137,07-05-2023,4,346.75,23.9,0.05,Same Day,Net Banking,Returned,5
O00673,C0735,P1184,14-04-2022,10,167.44,37.26,0.2,First Class,UPI,Not Returned,3
O04346,C1305,P1118,01-10-2022,4,1179.5,-633.94,0.5,Same Day,UPI,Not Returned,12
O00675,C0753,P1089,21-02-2024,4,1190.7,289.73,0.1,Second Class,UPI,Not Returned,6
O05030,C0795,P1134,05-08-2022,8,2048.59,-623.05,0.3,Second Class,UPI,Not Returned,4
O00677,C1334,P1019,10-02-2023,2,980.08,92.11,0.3,First Class,UPI,Not Returned,1
O02481,C1586,P1027,29-05-2024,10,2699.3,-622.86,0.5,First Class,Net Banking,Returned,7
O00679,C0013,P1136,10-06-2023,2,1042.72,360.48,0.2,Second Class,UPI,Not Returned,5
O00680,C0662,P1172,27-01-2024,8,2181.71,769.89,0.15,Same Day,Cash on Delivery,Not Returned,1
O03744,C1278,P1106,03-01-2023,10,1724.65,-619.89,0.5,Standard Class,Debit Card,Not Returned,10
O00683,C0632,P1148,01-07-2023,5,1156.34,48.95,0.05,Standard Class,Debit Card,Not Returned,4
O00684,C1453,P1034,11-03-2023,4,838.58,161.67,0.05,Standard Class,Credit Card,Not Returned,2
O00685,C1575,P1149,01-02-2024,7,621.67,268.6,0,Second Class,Credit Card,Not Returned,10
O00686,C1938,P1009,03-06-2023,2,899.32,37.46,0,Standard Class,Net Banking,Not Returned,12
O00687,C0883,P1046,03-04-2022,6,3004.92,602.61,0.15,Same Day,UPI,Returned,7
O06611,C2293,P1175,14-11-2022,6,2330.01,-619.64,0.5,First Class,Credit Card,Not Returned,7
O00689,C0792,P1173,09-10-2022,7,3889.46,497.29,0.15,Second Class,Cash on Delivery,Returned,3
O00690,C0817,P1178,27-04-2023,9,5513.72,1167.65,0.05,First Class,Debit Card,Not Returned,3
O00691,C1810,P1113,16-06-2023,7,3184.09,1376.43,0.05,Standard Class,Credit Card,Returned,8
O00692,C0180,P1173,18-01-2023,4,2353.28,395,0.1,First Class,UPI,Not Returned,1
O00693,C2134,P1173,22-01-2023,3,1666.91,208.48,0.15,First Class,Credit Card,Returned,7
O00694,C2413,P1163,21-04-2023,2,669.56,275.43,0,Standard Class,Debit Card,Not Returned,8
O00695,C1851,P1190,07-07-2023,5,2360.66,527.73,0.05,Second Class,Credit Card,Returned,9
O04717,C0658,P1181,05-03-2024,9,2155.82,-618.18,0.5,Standard Class,Credit Card,Returned,3
O00697,C0534,P1008,03-12-2022,3,404.06,15.33,0.3,First Class,Credit Card,Not Returned,7
O01276,C1121,P1166,24-05-2023,9,2985.57,-616.03,0.3,Standard Class,Net Banking,Returned,7
O00699,C1997,P1061,24-03-2024,3,1296.9,115.77,0,First Class,Credit Card,Not Returned,8
O00700,C0915,P1105,13-07-2023,4,859.18,266.42,0.15,First Class,Debit Card,Returned,5
O05423,C0350,P1020,20-01-2024,4,810.82,-615.44,0.5,First Class,Net Banking,Returned,1
O00702,C1729,P1112,21-08-2022,1,49.44,0.75,0.2,Second Class,Debit Card,Not Returned,8
O00370,C0330,P1148,21-10-2022,6,730.32,-613.19,0.5,Second Class,Debit Card,Returned,5
O03084,C1642,P1004,11-02-2024,6,732.69,-611.61,0.5,Second Class,Cash on Delivery,Not Returned,6
O00705,C0001,P1189,13-04-2022,9,2609.72,1113.49,0.05,Second Class,Cash on Delivery,Not Returned,4
O00706,C1795,P1005,15-02-2023,5,910.6,276.79,0,Same Day,Debit Card,Returned,12
O00707,C1322,P1089,27-12-2023,5,1653.75,557.63,0,Standard Class,UPI,Not Returned,3
O00708,C1090,P1125,22-02-2024,3,747.23,210.43,0.15,Second Class,Net Banking,Not Returned,10
O00709,C0235,P1176,14-03-2022,4,2151.07,227.61,0.05,Second Class,Credit Card,Not Returned,3
O02964,C1315,P1180,27-05-2023,5,1268.23,-611.6,0.5,Second Class,Debit Card,Returned,11
O04020,C0816,P1093,22-11-2023,4,1144.34,-611.03,0.5,Same Day,Net Banking,Returned,4
O05712,C2276,P1055,07-10-2023,4,1174.38,-608.94,0.5,Second Class,Cash on Delivery,Returned,4
O00713,C2107,P1102,05-09-2022,10,2563.68,40.15,0.2,Same Day,UPI,Returned,5
O00714,C1699,P1119,03-12-2022,5,2247.3,706.94,0.1,Standard Class,Net Banking,Returned,10
O00715,C1896,P1058,13-11-2023,8,1989,707.48,0.05,Same Day,Cash on Delivery,Not Returned,1
O00716,C1032,P1166,23-03-2024,10,4739,749.33,0,Second Class,Debit Card,Not Returned,7
O00717,C2216,P1108,27-03-2023,1,443.8,127.35,0.1,Same Day,UPI,Returned,10
O00718,C0874,P1125,03-12-2022,3,879.09,350.93,0,First Class,Debit Card,Not Returned,6
O00719,C0490,P1084,18-02-2022,4,504.61,19.62,0.1,Second Class,Credit Card,Not Returned,12
O05718,C1267,P1056,08-09-2023,6,965.61,-603.06,0.5,First Class,Credit Card,Not Returned,1
O04553,C1799,P1040,07-03-2024,6,1142.97,-602.37,0.5,Standard Class,Debit Card,Returned,2
O05655,C1816,P1030,19-02-2024,7,2902.9,-600.32,0.5,First Class,Debit Card,Returned,2
O00723,C0346,P1150,06-04-2022,10,5044.41,506.69,0.3,First Class,Credit Card,Not Returned,9
O00724,C2240,P1085,30-01-2023,6,3855.45,1034.06,0.15,First Class,Cash on Delivery,Returned,6
O00725,C1124,P1131,09-09-2022,4,806.82,0.36,0.15,Second Class,Credit Card,Returned,8
O00726,C1993,P1025,07-09-2022,4,937.16,166.04,0.05,Second Class,Net Banking,Returned,9
O01333,C0487,P1055,14-05-2024,4,1174.38,-597.52,0.5,Same Day,Credit Card,Returned,8
O00728,C0268,P1175,20-03-2022,4,2796.01,803.65,0.1,Second Class,Cash on Delivery,Returned,2
O00729,C2095,P1122,18-11-2022,9,1209.98,192.76,0.3,Second Class,Net Banking,Not Returned,10
O00730,C2014,P1177,25-05-2023,1,520.27,1.92,0.15,Same Day,Cash on Delivery,Returned,6
O00267,C2094,P1177,15-04-2022,10,4284.56,-594.87,0.3,Standard Class,Cash on Delivery,Not Returned,4
O00732,C1035,P1176,08-04-2023,3,1443.48,18.11,0.15,Same Day,Credit Card,Not Returned,1
O00733,C2287,P1103,02-01-2023,10,2380.6,278.45,0,Same Day,Credit Card,Returned,4
O02256,C0059,P1020,07-06-2022,8,2270.3,-594.85,0.3,Standard Class,Debit Card,Not Returned,5
O00286,C2496,P1056,07-10-2022,6,965.61,-593.52,0.5,First Class,UPI,Not Returned,9
O00736,C0817,P1142,16-09-2022,3,1002.77,230.26,0.3,Standard Class,Debit Card,Not Returned,2
O00737,C1934,P1151,13-09-2023,9,5511.89,1735.42,0.1,Standard Class,Cash on Delivery,Returned,1
O00738,C0991,P1113,30-03-2024,6,2441.93,884.75,0.15,Second Class,Cash on Delivery,Not Returned,3
O00739,C2175,P1191,10-04-2022,9,2027.03,524.17,0.05,Same Day,Credit Card,Returned,8
O00740,C1965,P1043,05-07-2023,1,621.92,116.39,0.2,First Class,UPI,Not Returned,11
O04703,C0570,P1187,28-10-2022,7,767.16,-591.7,0.5,Standard Class,UPI,Returned,3
O00742,C0162,P1161,13-12-2022,2,1079.53,235.02,0.3,Same Day,UPI,Not Returned,1
O00979,C0975,P1019,23-11-2023,7,2450.21,-590.78,0.5,Standard Class,UPI,Not Returned,7
O00744,C0333,P1155,04-04-2023,4,2090.48,269.19,0.1,Same Day,UPI,Not Returned,1
O00745,C1320,P1132,11-05-2023,8,5803.28,2435.49,0,Standard Class,Cash on Delivery,Returned,4
O00746,C1475,P1057,05-02-2024,2,1549.98,590.46,0.1,Standard Class,UPI,Not Returned,7
O00747,C0229,P1008,23-02-2022,4,692.68,172.21,0.1,Second Class,Cash on Delivery,Not Returned,11
O00748,C1241,P1029,10-07-2022,1,123.35,23.84,0.05,Second Class,Cash on Delivery,Returned,1
O04806,C1499,P1069,01-09-2023,10,3278.1,-586.38,0.3,First Class,Net Banking,Not Returned,2
O00751,C0101,P1158,02-03-2023,5,1474.11,392.45,0.15,Same Day,Debit Card,Returned,11
O00752,C1700,P1000,05-04-2023,7,2540.51,240.95,0,Second Class,Net Banking,Returned,3
O00753,C0528,P1018,28-01-2024,9,5587.79,1827.57,0.1,First Class,Debit Card,Not Returned,2
O00754,C2318,P1081,26-07-2022,2,397.73,111.34,0.15,Standard Class,Net Banking,Not Returned,2
O00755,C0665,P1100,02-02-2023,2,1781.23,804.9,0.05,First Class,Net Banking,Returned,8
O04265,C1256,P1150,03-02-2024,6,2161.89,-584.96,0.5,Standard Class,Net Banking,Not Returned,2
O00757,C1043,P1175,22-10-2023,3,2097.01,598.94,0.1,Second Class,Credit Card,Returned,6
O00758,C2130,P1130,13-03-2022,8,6682,3104.83,0,First Class,UPI,Returned,11
O00759,C1749,P1057,18-01-2022,2,1463.87,521.18,0.15,Second Class,UPI,Returned,1
O00760,C2352,P1144,13-04-2024,7,2054.36,501.19,0,Standard Class,Cash on Delivery,Returned,1
O00756,C1312,P1027,31-05-2023,10,2699.3,-582.95,0.5,Standard Class,Credit Card,Not Returned,5
O00762,C0823,P1144,06-06-2022,8,1995.66,208.89,0.15,Second Class,Net Banking,Not Returned,3
O00763,C0274,P1127,04-04-2024,6,4186.27,1184.89,0.3,Second Class,Net Banking,Returned,11
O00764,C0318,P1026,08-03-2023,6,1559.58,667.28,0.05,Same Day,Debit Card,Not Returned,6
O00765,C1473,P1100,30-07-2022,7,6234.31,2803.09,0.05,First Class,Net Banking,Not Returned,6
O00766,C1937,P1155,27-04-2023,5,2758.28,483.25,0.05,Same Day,UPI,Returned,4
O00767,C1112,P1182,07-11-2023,6,1544.45,306.9,0.2,Second Class,Net Banking,Returned,5
O03004,C1260,P1075,19-09-2022,7,2934.54,-581.8,0.5,First Class,UPI,Returned,1
O03453,C0384,P1181,08-02-2024,8,1916.28,-580.98,0.5,Same Day,Cash on Delivery,Not Returned,11
O00770,C0445,P1157,01-01-2023,2,1338.52,507.08,0.1,First Class,Cash on Delivery,Not Returned,10
O00771,C1360,P1066,29-06-2022,8,5844.06,2302.06,0.15,Second Class,Credit Card,Not Returned,2
O03962,C0818,P1072,20-08-2022,7,981.75,-576.94,0.5,First Class,Credit Card,Not Returned,9
O01009,C2149,P1056,13-05-2024,6,965.61,-576.54,0.5,First Class,Cash on Delivery,Not Returned,11
O00774,C0215,P1114,04-08-2023,1,145.52,10.78,0.15,Second Class,Credit Card,Not Returned,11
O00775,C0813,P1017,20-03-2024,7,2075.8,697.45,0.05,Standard Class,Debit Card,Not Returned,1
O00776,C0617,P1024,23-06-2022,10,3673.6,434.9,0.2,Standard Class,Net Banking,Not Returned,3
O06933,C1984,P1038,03-03-2022,5,1732.85,-573.62,0.5,Same Day,UPI,Not Returned,4
O00779,C1655,P1063,11-01-2023,5,132.4,12.82,0.3,First Class,Credit Card,Not Returned,12
O00780,C0123,P1185,16-10-2022,5,1914.12,531.24,0.2,First Class,Cash on Delivery,Returned,1
O06076,C0637,P1132,16-05-2023,10,3627.05,-573.26,0.5,First Class,UPI,Returned,11
O00782,C0022,P1016,10-06-2024,1,377.23,63.17,0.3,Same Day,Debit Card,Returned,10
O03482,C0199,P1151,16-09-2022,7,2381.68,-569.26,0.5,Same Day,UPI,Not Returned,5
O00784,C0297,P1019,23-03-2022,4,2660.23,924.02,0.05,Same Day,Cash on Delivery,Returned,8
O00785,C0314,P1182,04-06-2024,5,1126.16,96.98,0.3,Second Class,Debit Card,Returned,9
O00786,C1104,P1044,21-12-2023,10,592.04,10.04,0.05,Second Class,Credit Card,Not Returned,11
O00787,C0776,P1160,03-06-2023,10,7722.27,3353.6,0.1,Second Class,Cash on Delivery,Returned,11
O00788,C0221,P1176,08-03-2022,5,2547.32,157.23,0.1,Same Day,UPI,Not Returned,1
O00789,C1735,P1036,06-01-2023,2,1094.06,183.75,0.1,First Class,Net Banking,Not Returned,12
O00790,C0131,P1189,21-02-2024,8,2197.66,859.61,0.1,Second Class,UPI,Not Returned,7
O00791,C1188,P1074,26-03-2024,8,1019.12,131.04,0.15,Same Day,Credit Card,Returned,12
O00792,C1359,P1042,13-06-2024,7,1588,100.3,0.15,Same Day,Debit Card,Returned,7
O00794,C0292,P1158,24-05-2024,3,936.5,266.8,0.1,Same Day,Net Banking,Returned,8
O00795,C1109,P1161,10-03-2022,1,693.98,238.44,0.1,Same Day,Credit Card,Not Returned,8
O00796,C0646,P1136,13-12-2022,1,586.53,218.05,0.1,Second Class,Cash on Delivery,Not Returned,6
O05911,C1894,P1065,30-07-2023,8,740.48,-565.46,0.5,Second Class,Debit Card,Not Returned,7
O06308,C1471,P1003,22-06-2022,3,790.32,-565.05,0.5,Second Class,Cash on Delivery,Not Returned,11
O00799,C0472,P1133,17-09-2023,10,5850.86,2716.8,0.05,Standard Class,Debit Card,Returned,7
O02182,C0355,P1187,07-02-2022,7,767.16,-559.47,0.5,First Class,UPI,Not Returned,6
O01681,C1871,P1009,14-05-2024,6,1888.57,-558.07,0.3,Standard Class,Cash on Delivery,Not Returned,10
O00802,C1052,P1144,07-10-2022,8,1878.27,126.29,0.2,Second Class,Credit Card,Returned,5
O04999,C2190,P1124,21-04-2023,5,1161.53,-557.53,0.5,First Class,Net Banking,Returned,12
O00804,C2340,P1018,30-10-2023,3,1862.6,607.23,0.1,Second Class,Net Banking,Not Returned,9
O05821,C0619,P1072,23-01-2023,7,981.75,-551.84,0.5,Same Day,Net Banking,Returned,4
O00806,C2074,P1081,07-05-2022,3,631.69,217.13,0.1,Same Day,Cash on Delivery,Returned,11
O00807,C0797,P1094,02-07-2022,7,760.43,18.46,0.3,Standard Class,Cash on Delivery,Returned,12
O01282,C1147,P1188,27-10-2022,5,1171.82,-551.13,0.5,First Class,Cash on Delivery,Returned,7
O00809,C1931,P1106,13-03-2022,2,586.38,100.02,0.15,Same Day,Credit Card,Returned,4
O00810,C0111,P1078,08-06-2024,8,2175.35,759.88,0.05,Standard Class,Credit Card,Not Returned,1
O00811,C0301,P1140,06-06-2022,1,440.86,40.1,0.05,Same Day,UPI,Not Returned,8
O06780,C1191,P1089,17-04-2023,10,1653.75,-545.55,0.5,Second Class,UPI,Not Returned,11
O00813,C2229,P1111,06-06-2023,2,782.13,186.1,0.2,First Class,Debit Card,Not Returned,9
O00814,C2087,P1181,12-02-2024,7,3185.82,993.97,0.05,Standard Class,Debit Card,Not Returned,1
O00815,C1699,P1178,19-11-2023,8,4127.23,225.56,0.2,Standard Class,Credit Card,Returned,10
O02378,C0230,P1027,03-01-2023,9,2429.37,-544.72,0.5,Second Class,UPI,Returned,7
O00817,C1634,P1111,10-08-2022,9,4399.47,1899.4,0,Same Day,Debit Card,Not Returned,7
O00384,C1110,P1124,27-09-2022,5,1161.53,-544.3,0.5,Standard Class,Cash on Delivery,Returned,4
O00819,C1319,P1133,12-01-2022,1,492.7,175.73,0.2,Second Class,UPI,Returned,6
O06373,C2347,P1019,04-11-2022,6,2100.18,-531.23,0.5,Same Day,UPI,Returned,11
O00821,C0959,P1060,30-03-2024,3,1642.19,465.74,0.1,Standard Class,Net Banking,Returned,1
O00822,C1323,P1053,12-04-2023,2,192.86,25.92,0,Same Day,UPI,Returned,4
O00823,C0195,P1118,31-01-2022,2,1002.58,74.59,0.15,Standard Class,Cash on Delivery,Returned,11
O02422,C2074,P1002,28-01-2024,9,2852.24,-530.82,0.5,Second Class,Net Banking,Not Returned,4
O01232,C1558,P1132,10-02-2022,9,3264.34,-530.62,0.5,Standard Class,Cash on Delivery,Not Returned,3
O00826,C1765,P1049,13-04-2023,6,5464.74,2517.85,0,Second Class,Debit Card,Not Returned,7
O00827,C2412,P1163,24-04-2023,3,803.47,262.08,0.2,Same Day,Cash on Delivery,Not Returned,6
O00828,C1600,P1092,21-05-2022,7,2039.17,556.11,0,Second Class,UPI,Not Returned,9
O00829,C0614,P1072,10-10-2023,3,673.2,0.81,0.2,Second Class,Net Banking,Returned,7
O00831,C0584,P1172,27-03-2024,2,577.51,197.88,0.1,Second Class,Cash on Delivery,Not Returned,12
O00029,C0439,P1106,17-06-2024,8,1379.72,-528.38,0.5,Same Day,Cash on Delivery,Returned,4
O00833,C0418,P1132,10-11-2022,3,2176.23,884.34,0,Standard Class,Credit Card,Returned,1
O00834,C1061,P1181,10-07-2022,1,431.16,113.67,0.1,Standard Class,Net Banking,Not Returned,11
O00835,C2279,P1017,04-11-2022,7,2185.05,780.29,0,Same Day,Cash on Delivery,Returned,11
O00836,C0786,P1104,26-12-2022,8,3110.48,1517.38,0,Standard Class,Net Banking,Not Returned,11
O00837,C1811,P1043,15-05-2023,8,6219.2,2206.78,0,Second Class,UPI,Not Returned,7
O00838,C1919,P1188,26-04-2023,6,2671.76,626.72,0.05,Second Class,Cash on Delivery,Not Returned,2
O00839,C0400,P1046,02-06-2024,1,412.44,3.54,0.3,Second Class,Net Banking,Not Returned,12
O02680,C1148,P1188,10-03-2023,5,1171.82,-527.51,0.5,First Class,Cash on Delivery,Returned,4
O00841,C2002,P1027,06-12-2022,3,1619.58,618.9,0,Same Day,Net Banking,Returned,1
O01860,C2010,P1001,10-02-2023,10,941.6,-526.86,0.5,Standard Class,Debit Card,Not Returned,1
O01416,C1921,P1046,21-01-2024,5,1473,-526.3,0,Same Day,Net Banking,Returned,7
O00844,C0321,P1055,12-12-2023,7,4110.33,999.26,0,Same Day,Cash on Delivery,Not Returned,2
O00845,C0484,P1021,12-11-2023,2,331.06,70.9,0,Second Class,UPI,Returned,3
O00846,C1856,P1010,21-07-2022,2,1119.54,296.43,0.2,Standard Class,Credit Card,Not Returned,2
O00847,C1277,P1106,31-05-2022,9,3104.37,992.37,0,Standard Class,UPI,Not Returned,10
O00848,C2387,P1143,10-04-2024,9,4520.88,680.92,0,Second Class,Net Banking,Not Returned,8
O00849,C2047,P1133,21-07-2023,4,2463.52,1211.88,0,Second Class,Cash on Delivery,Returned,2
O05770,C1359,P1001,05-08-2022,10,941.6,-521.92,0.5,First Class,Credit Card,Not Returned,11
O06274,C1305,P1143,01-07-2022,7,2461.37,-521.22,0.3,Same Day,Debit Card,Not Returned,6
O05771,C1585,P1019,08-12-2023,6,2100.18,-520.72,0.5,First Class,UPI,Not Returned,9
O00853,C1122,P1183,04-03-2023,2,398.29,96.68,0.15,Standard Class,Debit Card,Not Returned,7
O00086,C2302,P1175,02-02-2023,5,1941.68,-519.93,0.5,Same Day,UPI,Not Returned,4
O01106,C0401,P1011,08-11-2023,7,766.92,-519.58,0.5,Second Class,UPI,Returned,7
O00856,C1208,P1039,15-09-2022,9,1330.56,39.04,0.2,Second Class,Debit Card,Not Returned,4
O00857,C1124,P1191,10-11-2022,10,2252.26,616.08,0.05,Same Day,Credit Card,Returned,12
O00858,C0528,P1147,06-01-2023,5,2830.15,928.23,0.05,Second Class,UPI,Not Returned,11
O00859,C1305,P1019,11-10-2023,4,2660.23,899.35,0.05,Second Class,Net Banking,Not Returned,12
O00860,C1434,P1107,16-12-2022,5,3824.84,1403.73,0.2,Same Day,UPI,Returned,4
O00750,C0330,P1061,09-06-2022,6,1852.71,-519.56,0.5,Same Day,Cash on Delivery,Not Returned,4
O00862,C1334,P1078,17-11-2022,2,486.59,110.6,0.15,Standard Class,UPI,Returned,5
O04445,C0967,P1002,14-12-2023,9,2852.24,-519.12,0.5,Same Day,Debit Card,Not Returned,8
O00864,C0550,P1182,17-03-2023,10,2252.32,247.35,0.3,First Class,Credit Card,Returned,1
O06201,C0274,P1015,11-10-2022,10,3561.75,-516.22,0.5,Same Day,Credit Card,Not Returned,8
O00866,C1735,P1147,08-05-2022,10,5362.38,1588.95,0.1,Second Class,Credit Card,Returned,5
O00867,C1336,P1070,12-11-2022,2,774.74,273.22,0,Second Class,UPI,Returned,7
O02005,C2167,P1156,25-12-2023,9,709.78,-514.56,0.5,Same Day,UPI,Not Returned,9
O00869,C0870,P1136,04-06-2023,6,3519.18,1502.89,0.1,Standard Class,Cash on Delivery,Not Returned,3
O00870,C1215,P1103,28-12-2022,7,1583.1,122.72,0.05,Same Day,UPI,Returned,11
O00871,C1344,P1058,23-01-2022,2,444.91,95.34,0.15,Same Day,Net Banking,Returned,7
O00872,C0042,P1108,11-01-2023,5,2219,792.06,0.1,Second Class,UPI,Not Returned,6
O01499,C1534,P1076,09-05-2022,10,1758.95,-512.07,0.5,Second Class,Net Banking,Returned,9
O00874,C1411,P1136,23-03-2023,3,1759.59,743.04,0.1,Standard Class,Credit Card,Returned,10
O02113,C2338,P1002,01-09-2022,9,2852.24,-511.64,0.5,Second Class,UPI,Returned,5
O00909,C1963,P1181,28-11-2022,7,1676.74,-509.45,0.5,First Class,Cash on Delivery,Returned,1
O00971,C1555,P1082,27-06-2023,6,2107.73,-507.81,0.3,First Class,Cash on Delivery,Returned,6
O00878,C1311,P1006,21-06-2022,9,264.78,35.06,0,First Class,Cash on Delivery,Not Returned,8
O00879,C1727,P1046,23-04-2022,4,2003.28,397.92,0.15,Same Day,Credit Card,Returned,5
O00880,C2061,P1076,25-11-2023,8,2251.46,413.15,0.2,Same Day,Cash on Delivery,Not Returned,10
O00698,C0338,P1091,25-01-2024,6,2457.25,-507.72,0.3,Standard Class,Credit Card,Returned,1
O03836,C2340,P1090,16-01-2024,9,2819.43,-506.92,0.5,Second Class,Debit Card,Returned,1
O01016,C1642,P1004,10-03-2022,10,1709.61,-504.75,0.3,First Class,UPI,Returned,4
O00884,C2121,P1118,26-03-2023,3,1769.25,385.01,0,Second Class,Net Banking,Returned,7
O04648,C0965,P1090,26-04-2022,9,2819.43,-502.42,0.5,Same Day,Cash on Delivery,Returned,9
O00886,C2474,P1111,19-07-2023,5,2199.74,779.39,0.1,First Class,Debit Card,Returned,5
O00887,C1451,P1009,14-04-2022,9,3844.59,179.51,0.05,Second Class,Cash on Delivery,Not Returned,1
O00888,C1553,P1069,20-09-2023,8,3184.44,82.33,0.15,Standard Class,Net Banking,Not Returned,7
O00889,C1935,P1080,16-07-2023,9,672.39,234.3,0,Same Day,Debit Card,Not Returned,12
O00890,C0049,P1147,21-07-2022,5,2830.15,952.75,0.05,First Class,UPI,Returned,4
O01670,C0730,P1069,27-02-2022,8,2622.48,-501.84,0.3,First Class,Cash on Delivery,Not Returned,1
O00892,C2360,P1032,16-03-2024,1,684.65,223.92,0.1,Same Day,UPI,Returned,11
O03024,C0405,P1003,07-05-2024,6,2212.9,-501.52,0.3,First Class,Cash on Delivery,Not Returned,10
O00894,C1699,P1158,05-04-2024,10,2774.8,647.88,0.2,Same Day,Debit Card,Not Returned,9
O00895,C1919,P1163,19-02-2023,5,1422.81,510.19,0.15,Second Class,Cash on Delivery,Returned,4
O01453,C1023,P1034,08-03-2022,9,993.06,-501.11,0.5,Same Day,Net Banking,Not Returned,1
O04766,C1382,P1065,13-12-2022,7,647.92,-500.86,0.5,First Class,Credit Card,Returned,5
O00898,C0083,P1052,02-05-2022,1,212.4,24.47,0.1,Same Day,Cash on Delivery,Returned,7
O01265,C1571,P1004,06-01-2023,5,610.57,-499.56,0.5,Standard Class,Debit Card,Returned,7
O04050,C1084,P1166,28-02-2022,3,710.85,-495.86,0.5,Same Day,Net Banking,Not Returned,6
O00901,C1514,P1187,13-05-2024,3,657.57,81.15,0,Standard Class,UPI,Returned,5
O00902,C2007,P1006,20-08-2023,6,176.52,31.77,0,Second Class,Net Banking,Not Returned,2
O00903,C1013,P1179,06-05-2024,5,376.48,42.77,0.2,First Class,Credit Card,Returned,8
O00904,C1848,P1094,02-02-2022,10,1474.3,406.29,0.05,Same Day,Debit Card,Not Returned,5
O00905,C2067,P1136,29-08-2022,7,3877.62,1490.89,0.15,Same Day,Credit Card,Returned,1
O00906,C0913,P1021,01-05-2022,2,331.06,56.27,0,First Class,Debit Card,Not Returned,10
O00907,C1768,P1149,24-02-2023,4,248.67,34.52,0.3,First Class,Credit Card,Not Returned,11
O00908,C2145,P1072,16-07-2022,1,252.45,23.07,0.1,Same Day,Credit Card,Not Returned,8
O04677,C1185,P1027,04-01-2022,8,2159.44,-484.51,0.5,Second Class,Debit Card,Returned,2
O00910,C0351,P1179,14-05-2023,3,254.12,41.05,0.1,Same Day,Debit Card,Returned,12
O00911,C0790,P1030,10-01-2022,3,2114.97,623.63,0.15,Standard Class,UPI,Not Returned,9
O00912,C1217,P1063,28-11-2023,4,143.75,53.94,0.05,Second Class,Net Banking,Returned,8
O00913,C0379,P1036,13-02-2024,10,4862.48,450.22,0,Standard Class,Net Banking,Not Returned,8
O00914,C0303,P1184,19-11-2022,10,167.44,43.75,0.2,Standard Class,Credit Card,Not Returned,7
O00915,C0430,P1169,11-02-2022,,1619,412.37,0,Standard Class,UPI,Not Returned,9
O00916,C0960,P1077,08-06-2024,9,690.26,60.91,0.15,Standard Class,Net Banking,Returned,9
O00917,C1033,P1048,25-05-2024,9,6359.39,1836.4,0.1,Second Class,UPI,Not Returned,2
O00919,C2280,P1125,06-01-2023,7,1948.65,756.33,0.05,Standard Class,UPI,Returned,2
O00920,C0261,P1150,28-02-2024,1,684.6,223.7,0.05,Same Day,Debit Card,Returned,9
O00921,C0130,P1174,08-05-2023,9,3621.74,674.78,0.15,First Class,Credit Card,Not Returned,4
O00922,C0365,P1080,28-09-2023,9,605.15,164.4,0.1,Second Class,Debit Card,Returned,9
O00923,C1163,P1110,15-02-2024,9,6718.42,2329.85,0.05,Same Day,UPI,Not Returned,4
O00924,C2222,P1161,11-05-2023,3,2197.61,942.82,0.05,Second Class,Net Banking,Not Returned,7
O00925,C0489,P1060,12-02-2022,6,2554.52,231.14,0.3,First Class,Debit Card,Not Returned,12
O00926,C2384,P1178,29-03-2022,1,580.39,54.96,0.1,Second Class,Net Banking,Not Returned,9
O00927,C0223,P1037,03-05-2022,9,3037.8,18.09,0.3,First Class,Cash on Delivery,Not Returned,5
O03910,C1401,P1085,29-11-2022,5,1889.93,-483.75,0.5,Standard Class,Debit Card,Not Returned,6
O00929,C1135,P1153,26-05-2023,2,491.94,148.47,0.2,First Class,Credit Card,Returned,3
O00930,C2475,P1031,13-04-2022,9,3495.74,917.57,0.2,Standard Class,Credit Card,Returned,10
O00931,C1578,P1143,15-11-2022,2,954.41,98.02,0.05,First Class,Cash on Delivery,Not Returned,2
O02015,C0054,P1166,31-08-2023,7,2322.11,-483.3,0.3,Second Class,Credit Card,Returned,12
O00933,C1842,P1168,04-05-2023,10,2183.4,983.69,0,Second Class,Cash on Delivery,Returned,2
O00934,C1906,P1009,06-08-2023,6,2563.06,110.01,0.05,Second Class,Credit Card,Returned,7
O01626,C1320,P1043,08-12-2023,4,1554.8,-482.14,0.5,Second Class,Cash on Delivery,Not Returned,5
O06253,C2362,P1089,31-05-2022,9,1488.38,-481.87,0.5,Second Class,Credit Card,Returned,5
O00937,C0671,P1047,26-10-2023,2,83.12,,0.3,First Class,Credit Card,Returned,11
O00938,C0409,P1108,12-09-2022,10,4931.1,2059.28,0,Standard Class,Net Banking,Returned,4
O00939,C0198,P1095,30-10-2023,5,1463.6,349.14,0,First Class,Credit Card,Not Returned,3
O00940,C0323,P1071,07-05-2022,3,553.77,99.97,0.3,First Class,Net Banking,Returned,11
O00941,C2329,P1105,12-07-2022,3,720.2,277.84,0.05,First Class,Net Banking,Returned,5
O05632,C1246,P1166,24-04-2023,7,2322.11,-481.75,0.3,First Class,Credit Card,Not Returned,11
O00943,C1363,P1114,13-03-2023,3,462.24,183.25,0.1,Same Day,Debit Card,Not Returned,11
O00944,C2181,P1054,03-06-2024,4,1546.93,603.61,0.15,Second Class,Net Banking,Returned,1
O00945,C1876,P1038,13-08-2022,4,1940.79,81.4,0.3,First Class,Debit Card,Not Returned,12
O00946,C2198,P1167,13-06-2023,2,1474.31,555.8,0.1,Standard Class,Credit Card,Not Returned,5
O03571,C0718,P1007,10-04-2024,7,1828.3,-479.97,0.5,Second Class,Credit Card,Returned,4
O00948,C2110,P1174,28-02-2024,1,426.09,62.18,0,Standard Class,Debit Card,Not Returned,5
O00949,C0691,P1113,16-02-2023,5,1915.24,619.26,0.2,Same Day,Net Banking,Returned,4
O00950,C2198,P1101,01-01-2023,6,3193.14,594.38,0,Standard Class,UPI,Returned,10
O00951,C2353,P1120,14-02-2022,3,997.84,328.1,0.05,Same Day,Credit Card,Returned,12
O00952,C0004,P1069,07-02-2022,4,1779.54,216.81,0.05,Same Day,Credit Card,Returned,6
O00953,C0620,P1108,04-04-2024,4,1577.95,438.28,0.2,Second Class,UPI,Not Returned,12
O00955,C0683,P1114,13-08-2023,2,273.92,68.41,0.2,Same Day,Cash on Delivery,Returned,1
O04411,C0191,P1092,24-07-2022,7,1019.58,-479.91,0.5,First Class,Credit Card,Not Returned,2
O00957,C1934,P1053,09-11-2023,3,260.36,40.64,0.1,Second Class,Debit Card,Not Returned,11
O00958,C1206,P1069,03-05-2024,7,3114.2,381.42,0,Second Class,Net Banking,Returned,2
O00959,C2358,P1142,02-03-2023,3,1360.9,604.47,0.05,First Class,Net Banking,Returned,10
O02910,C1375,P1176,14-11-2023,6,2377.49,-479.87,0.3,First Class,Credit Card,Not Returned,12
O03779,C0204,P1034,11-11-2022,8,882.72,-479.62,0.5,Second Class,Cash on Delivery,Returned,1
O05098,C1134,P1040,26-08-2023,5,952.48,-479.46,0.5,First Class,Credit Card,Not Returned,1
O04886,C0207,P1169,10-08-2022,6,971.4,-478.41,0.5,First Class,Credit Card,Returned,7
O00964,C2123,P1153,27-04-2024,5,1383.57,548.62,0.1,Second Class,UPI,Returned,10
O00965,C0068,P1062,12-10-2023,8,114.48,8.24,0,First Class,Debit Card,Returned,1
O05879,C2048,P1146,13-07-2022,4,860.74,-476.81,0.5,Standard Class,UPI,Returned,9
O00967,C0416,P1140,11-04-2022,4,1577.8,83.39,0.15,Standard Class,Credit Card,Not Returned,6
O00968,C0280,P1126,01-06-2023,7,337.56,8.53,0.3,Second Class,Cash on Delivery,Not Returned,5
O00969,C0991,P1175,20-03-2022,8,4970.69,998.65,0.2,Standard Class,Debit Card,Not Returned,8
O00970,C1528,P1186,27-01-2022,1,509.1,110.98,0.2,Same Day,Debit Card,Not Returned,2
O02361,C1040,P1009,24-01-2023,5,1573.81,-473.93,0.3,First Class,Net Banking,Returned,4
O06949,C1123,P1132,28-07-2023,8,2901.64,-473.72,0.5,Same Day,Net Banking,Not Returned,7
O00973,C2046,P1107,26-05-2024,4,3633.6,1693.78,0.05,Second Class,Credit Card,Returned,1
O02533,C0039,P1024,30-12-2022,5,1148,-470.37,0.5,First Class,Net Banking,Not Returned,9
O02998,C0878,P1027,07-01-2024,8,2159.44,-468.96,0.5,Same Day,Credit Card,Returned,7
O00976,C0083,P1178,09-03-2022,5,3063.18,643.01,0.05,First Class,Net Banking,Not Returned,3
O00977,C1427,P1092,14-02-2024,1,276.74,24.88,0.05,Second Class,UPI,Not Returned,5
O00978,C0158,P1099,21-04-2024,2,1573.45,529.85,0.15,First Class,Debit Card,Returned,3
O05080,C2122,P1004,17-05-2024,10,1709.61,-468.21,0.3,Same Day,Net Banking,Not Returned,9
O00980,C0072,P1182,02-06-2024,5,1367.48,333.09,0.15,Standard Class,Credit Card,Returned,6
O05807,C0321,P1043,11-03-2022,4,1554.8,-467.44,0.5,Standard Class,Cash on Delivery,Not Returned,9
O00982,C0364,P1177,17-10-2023,6,3672.48,741.44,0,Second Class,Debit Card,Returned,9
O00983,C0676,P1102,27-12-2023,5,1281.84,22.86,0.2,Standard Class,UPI,Not Returned,9
O00984,C2060,P1189,07-05-2022,8,1709.29,354.19,0.3,Second Class,Net Banking,Returned,3
O00985,C0640,P1112,20-08-2022,7,302.82,17.21,0.3,Standard Class,Cash on Delivery,Not Returned,6
O00986,C0978,P1093,28-05-2023,7,4005.19,953.87,0,Standard Class,UPI,Returned,4
O00582,C1549,P1014,26-11-2022,6,2096.61,-466.79,0.5,Second Class,Cash on Delivery,Not Returned,9
O00988,C0322,P1174,28-09-2022,8,2651.21,19.94,0.3,Same Day,UPI,Returned,7
O00989,C1928,P1064,18-05-2022,6,3909.07,1225.01,0.2,First Class,UPI,Not Returned,4
O00990,C1173,P1045,18-12-2022,4,360.71,76.95,0.15,Second Class,Credit Card,Returned,10
O00991,C1797,P1021,03-09-2022,10,1324.24,95.89,0.2,Standard Class,Debit Card,Returned,9
O00992,C0114,P1182,13-02-2022,9,2461.46,625.38,0.15,Same Day,Net Banking,Not Returned,7
O00373,C1136,P1124,02-01-2024,4,929.22,-465.87,0.5,Standard Class,Cash on Delivery,Not Returned,3
O00994,C1387,P1121,01-04-2022,7,3074.25,1166.33,0.15,Standard Class,Debit Card,Returned,2
O06483,C0354,P1132,05-02-2022,8,2901.64,-464,0.5,First Class,Credit Card,Not Returned,2
O01946,C0270,P1048,10-05-2022,,1570.22,-462.91,0.5,Same Day,Credit Card,Returned,5
O00997,C2052,P1111,04-04-2023,9,4399.47,1877.63,0,Second Class,Net Banking,Returned,4
O00998,C0796,P1018,12-01-2024,4,1931.58,244.1,0.3,Standard Class,Cash on Delivery,Returned,9
O06186,C0270,P1085,03-01-2024,5,1889.93,-462.89,0.5,Standard Class,Debit Card,Not Returned,1
O01000,C1876,P1058,03-10-2023,10,1831.97,238.79,0.3,First Class,Cash on Delivery,Not Returned,2
O01001,C1777,P1143,13-03-2024,9,4068.79,235.95,0.1,First Class,Cash on Delivery,Returned,5
O06007,C1235,P1141,30-11-2022,4,858.14,-458.54,0.5,Same Day,Debit Card,Returned,4
O03074,C2380,P1012,18-03-2024,3,1008.08,-456.96,0.5,Same Day,Debit Card,Not Returned,7
O01004,C2059,P1125,22-02-2024,7,1435.85,271.04,0.3,Second Class,Debit Card,Returned,9
O01005,C0080,P1026,10-11-2023,10,2599.3,1171.44,0.05,Second Class,Cash on Delivery,Returned,5
O01006,C0245,P1116,11-11-2023,1,463.49,113.72,0.1,First Class,UPI,Returned,7
O02482,C2129,P1091,06-09-2023,5,2047.71,-454.06,0.3,First Class,Cash on Delivery,Not Returned,10
O06890,C0707,P1131,29-01-2023,6,711.9,-453.4,0.5,Same Day,Debit Card,Not Returned,6
O05923,C0338,P1131,19-05-2023,6,711.9,-451.4,0.5,Same Day,Credit Card,Returned,11
O02197,C0096,P1039,11-05-2022,9,831.6,-449.73,0.5,First Class,Cash on Delivery,Returned,8
O01011,C1283,P1044,21-02-2024,2,124.64,5.28,0,First Class,UPI,Returned,2
O01012,C1016,P1010,26-10-2023,7,3918.38,1076.91,0.2,First Class,UPI,Not Returned,7
O00418,C0106,P1087,27-04-2023,9,3249.29,-449.43,0.3,First Class,UPI,Returned,1
O01014,C1828,P1039,23-05-2023,5,831.6,126.89,0.1,Same Day,Credit Card,Not Returned,7
O01015,C1299,P1093,20-01-2022,3,1373.21,65.38,0.2,Same Day,Net Banking,Returned,3
O05163,C1142,P1055,09-06-2022,3,880.79,-449.35,0.5,First Class,Debit Card,Not Returned,6
O01017,C0798,P1180,16-05-2022,4,1724.79,241.38,0.15,First Class,Net Banking,Returned,8
O01018,C1594,P1005,29-07-2022,9,1639.08,559.02,0,Second Class,UPI,Not Returned,2
O02152,C0055,P1048,04-05-2023,4,1570.22,-448.32,0.5,Same Day,Cash on Delivery,Not Returned,2
O01020,C0153,P1086,15-11-2023,4,1483.73,508.94,0.15,Second Class,Cash on Delivery,Not Returned,1
O04422,C2226,P1174,13-11-2022,5,1183.58,-447.98,0.5,First Class,Net Banking,Returned,2
O05046,C1416,P1106,17-03-2023,7,1207.26,-445.74,0.5,Standard Class,Net Banking,Not Returned,1
O01023,C2157,P1158,17-10-2023,2,693.7,232.93,0,Second Class,UPI,Returned,5
O02917,C2450,P1082,15-04-2023,5,1756.44,-443.29,0.3,Second Class,Cash on Delivery,Not Returned,6
O01025,C1979,P1108,18-05-2024,9,4216.09,1630.67,0.05,First Class,Credit Card,Not Returned,12
O01026,C0312,P1120,26-08-2023,1,297.6,41.83,0.15,Standard Class,Net Banking,Not Returned,12
O02637,C2044,P1034,06-09-2022,8,882.72,-442.52,0.5,First Class,Credit Card,Returned,9
O01028,C0875,P1137,10-05-2024,9,780.19,89.19,0.05,Standard Class,Net Banking,Not Returned,1
O01029,C1195,P1043,18-04-2022,6,3731.52,689.28,0.2,Second Class,UPI,Returned,6
O01030,C0195,P1077,13-02-2024,10,766.96,25.46,0.15,First Class,Credit Card,Not Returned,10
O01031,C1921,P1074,14-07-2023,10,1198.96,95.36,0.2,First Class,UPI,Returned,11
O01032,C1918,P1019,05-09-2023,9,5355.46,1416.42,0.15,First Class,Cash on Delivery,Not Returned,12
O05603,C2291,P1116,15-08-2023,9,2317.46,-440.22,0.5,Second Class,Cash on Delivery,Returned,12
O01034,C0167,P1167,12-07-2023,6,4668.64,2028.89,0.05,Second Class,UPI,Not Returned,5
O01550,C2263,P1042,18-11-2023,6,800.67,-439.58,0.5,Same Day,UPI,Not Returned,11
O01036,C0602,P1190,06-01-2024,10,4224.33,569.77,0.15,Second Class,Net Banking,Returned,11
O01037,C0542,P1047,01-01-2022,9,480.9,75.06,0.1,Standard Class,Debit Card,Returned,11
O02974,C1791,P1124,22-02-2024,4,929.22,-437.79,0.5,Standard Class,Credit Card,Returned,5
O04946,C0587,P1141,08-05-2023,4,858.14,-437.23,0.5,First Class,Cash on Delivery,Not Returned,4
O01040,C0311,P1104,10-09-2022,10,3499.29,1528.93,0.1,First Class,Net Banking,Returned,4
O01041,C1186,P1047,15-12-2022,9,427.46,10.24,0.2,Second Class,Cash on Delivery,Not Returned,12
O01042,C1355,P1069,18-12-2022,8,3559.08,430.87,0.05,Second Class,Credit Card,Not Returned,9
O04238,C0334,P1095,31-07-2023,6,878.16,-436.57,0.5,Second Class,Debit Card,Not Returned,5
O01044,C1162,P1096,31-01-2023,8,1636.35,560.24,0,Same Day,Debit Card,Not Returned,4
O01045,C0253,P1040,01-10-2023,1,361.94,58.07,0.05,Standard Class,Net Banking,Not Returned,3
O01046,C0042,P1127,23-12-2023,1,946.89,419.18,0.05,First Class,Credit Card,Not Returned,5
O01047,C1403,P1138,21-04-2022,2,179.62,36.51,0.1,First Class,Cash on Delivery,Returned,7
O06604,C1380,P1191,26-11-2023,9,1066.86,-436.54,0,Same Day,Credit Card,Returned,8
O01049,C1583,P1151,22-03-2024,2,1224.86,339.19,0.1,Standard Class,Cash on Delivery,Not Returned,9
O01050,C2235,P1018,15-05-2022,1,551.88,,0.2,First Class,Net Banking,Returned,3
O01051,C1570,P1035,08-04-2024,6,1060.46,338.77,0.2,Same Day,Net Banking,Not Returned,5
O01884,C1930,P1065,10-03-2023,6,555.36,-435.12,0.5,First Class,UPI,Returned,7
O01053,C0472,P1091,26-03-2024,10,4973.01,2.21,0.15,Second Class,Debit Card,Returned,2
O01055,C1883,P1170,25-04-2024,4,1981.97,349.17,0.05,Standard Class,Credit Card,Returned,6
O01056,C1395,P1038,28-07-2022,6,3535.01,779.71,0.15,First Class,Debit Card,Not Returned,9
O01057,C1332,P1079,24-08-2023,9,1147.46,20.38,0.2,Second Class,Net Banking,Not Returned,11
O05222,C1945,P1098,21-12-2023,7,1569.76,-433.87,0.3,Same Day,UPI,Returned,12
O01059,C0589,P1096,13-04-2024,2,409.09,129.44,0.2,Second Class,UPI,Returned,4
O01061,C1958,P1172,05-01-2024,5,1363.57,497.11,0.15,Same Day,Cash on Delivery,Returned,11
O01062,C1698,P1050,25-12-2022,8,207.71,42.26,0.05,First Class,Net Banking,Returned,7
O01991,C0761,P1032,04-04-2022,9,3423.24,-431.72,0.5,Second Class,Cash on Delivery,Returned,5
O01064,C0354,P1021,08-06-2024,2,281.4,30.67,0.15,Standard Class,Net Banking,Returned,4
O06713,C0840,P1140,03-10-2022,3,696.09,-431.72,0.5,Second Class,Credit Card,Returned,6
O01066,C1115,P1121,22-09-2023,3,1240.03,393.57,0.2,Same Day,Debit Card,Returned,11
O01067,C1065,P1053,28-05-2022,5,458.04,104.85,0.05,Second Class,Cash on Delivery,Returned,6
O01068,C2292,P1085,06-05-2022,9,6123.36,1890.75,0.1,Second Class,Credit Card,Not Returned,5
O01069,C2383,P1063,25-09-2022,4,151.32,42.46,0,Standard Class,Credit Card,Not Returned,10
O01070,C1648,P1146,08-08-2023,10,3658.14,431.12,0.15,Same Day,Cash on Delivery,Not Returned,12
O00252,C2213,P1151,26-12-2022,5,1701.2,-429.15,0.5,Second Class,Cash on Delivery,Returned,5
O01072,C1503,P1175,11-02-2023,2,1475.67,453.45,0.05,Standard Class,UPI,Not Returned,9
O01073,C1546,P1063,04-12-2023,8,242.11,44.3,0.2,First Class,Credit Card,Not Returned,11
O00284,C1301,P1119,12-08-2022,8,1997.6,-428.43,0.5,First Class,Debit Card,Returned,3
O01075,C0334,P1019,23-10-2023,5,3325.28,1117.57,0.05,Same Day,UPI,Not Returned,3
O00640,C1244,P1135,23-01-2024,3,842.98,-428.15,0.5,First Class,Debit Card,Not Returned,11
O01077,C1668,P1133,07-06-2024,4,2093.99,837.64,0.15,Standard Class,Cash on Delivery,Not Returned,8
O04720,C1189,P1061,15-06-2024,5,1543.93,-427.92,0.5,First Class,Net Banking,Returned,2
O01079,C2481,P1041,19-12-2023,3,1696.92,763.57,0,Standard Class,Cash on Delivery,Returned,2
O01163,C0549,P1002,20-11-2022,7,2218.41,-426.89,0.5,Standard Class,Net Banking,Not Returned,3
O01081,C1376,P1078,08-08-2022,4,915.94,174.7,0.2,Standard Class,Credit Card,Not Returned,11
O04077,C0556,P1001,25-11-2022,8,753.28,-426.79,0.5,First Class,Cash on Delivery,Not Returned,7
O00832,C0254,P1098,19-04-2022,7,1569.76,-426.68,0.3,Second Class,UPI,Returned,8
O00464,C0724,P1036,20-03-2024,3,911.71,-426.07,0.5,Second Class,Debit Card,Returned,1
O01085,C1405,P1190,02-05-2022,2,944.26,170.3,0.05,First Class,Net Banking,Not Returned,3
O01678,C0070,P1119,23-07-2023,8,1997.6,-424.48,0.5,Same Day,Debit Card,Not Returned,1
O01087,C1629,P1017,25-07-2023,10,2965.42,984.05,0.05,Standard Class,Net Banking,Not Returned,10
O01088,C2025,P1055,10-05-2022,1,499.11,44.67,0.15,First Class,Debit Card,Returned,11
O01089,C0286,P1188,06-06-2024,1,445.29,73.26,0.05,Same Day,Net Banking,Not Returned,6
O02369,C2355,P1014,03-03-2024,5,1747.18,-424.29,0.5,First Class,Credit Card,Not Returned,8
O02559,C1347,P1031,24-02-2024,10,2427.6,-423.38,0.5,Standard Class,UPI,Returned,3
O01092,C0921,P1087,25-01-2024,4,2063.04,399.09,0,Standard Class,Net Banking,Returned,7
O01093,C1429,P1081,14-06-2023,9,2105.64,976.52,0,Standard Class,UPI,Not Returned,12
O01094,C0968,P1150,05-06-2023,1,612.54,150.81,0.15,Second Class,Debit Card,Returned,1
O01095,C2169,P1176,10-10-2022,5,2547.32,147.52,0.1,Second Class,UPI,Returned,10
O01096,C1650,P1174,30-05-2024,7,3148.31,857.3,0.05,First Class,Net Banking,Returned,4
O01097,C0705,P1106,23-07-2022,2,551.89,80.74,0.2,Second Class,Net Banking,Not Returned,7
O01098,C1406,P1104,22-03-2022,7,2313.42,901.48,0.15,Same Day,UPI,Returned,1
O01099,C1109,P1001,13-04-2022,5,800.36,52.89,0.15,Standard Class,UPI,Not Returned,10
O01100,C0913,P1108,16-09-2022,8,2761.42,476.75,0.3,Standard Class,Cash on Delivery,Not Returned,10
O01101,C2120,P1015,26-12-2023,1,641.12,219.41,0.1,Standard Class,Cash on Delivery,Not Returned,11
O04287,C1121,P1188,07-11-2023,4,937.46,-423.36,0.5,Second Class,Debit Card,Not Returned,6
O01103,C0222,P1151,01-03-2023,8,3810.69,448.68,0.3,Same Day,UPI,Returned,4
O01104,C0177,P1085,12-05-2023,8,5442.98,1647.92,0.1,First Class,Net Banking,Returned,4
O01105,C1132,P1037,24-10-2022,9,3037.8,25.77,0.3,Standard Class,UPI,Not Returned,3
O00627,C2027,P1014,10-07-2023,5,1747.18,-421.03,0.5,First Class,UPI,Returned,6
O02798,C0675,P1079,15-02-2024,9,717.16,-417.38,0.5,Second Class,Debit Card,Not Returned,10
O01108,C0489,P1068,01-06-2023,10,626.88,159.7,0.2,Standard Class,UPI,Not Returned,1
O01109,C1923,P1070,24-10-2022,9,2789.06,569.88,0.2,Same Day,Debit Card,Not Returned,9
O01110,C1147,P1127,08-04-2023,3,2840.68,1303.86,0.05,Second Class,Cash on Delivery,Not Returned,9
O01111,C1780,P1087,07-07-2023,6,2630.38,149.4,0.15,Same Day,Debit Card,Not Returned,11
O02143,C1240,P1169,05-02-2023,5,809.5,-417.07,0.5,Same Day,Cash on Delivery,Not Returned,12
O01113,C1156,P1135,07-09-2023,10,5057.91,913.49,0.1,Same Day,Cash on Delivery,Not Returned,11
O01114,C1359,P1107,30-12-2022,1,860.59,374.56,0.1,Same Day,UPI,Not Returned,7
O01115,C1207,P1096,20-10-2023,1,217.33,39.44,0.15,Second Class,Debit Card,Not Returned,6
O01463,C1321,P1001,27-07-2022,8,753.28,-416.76,0.5,First Class,Net Banking,Not Returned,2
O04315,C1369,P1090,08-09-2023,7,2192.89,-415.68,0.5,Second Class,Cash on Delivery,Not Returned,2
O01118,C2491,P1028,29-07-2023,2,280.23,86.99,0.15,Second Class,Net Banking,Not Returned,9
O01119,C0024,P1122,11-08-2023,9,1642.11,646.28,0.05,Second Class,Cash on Delivery,Returned,7
O01120,C0232,P1147,04-06-2022,3,1608.71,466.33,0.1,Same Day,UPI,Returned,2
O01121,C2167,P1037,29-04-2024,5,2410.95,740.5,0,Second Class,Credit Card,Not Returned,2
O01122,C0379,P1070,22-02-2023,4,1472.01,474.07,0.05,First Class,Debit Card,Returned,7
O00343,C0506,P1099,08-03-2022,10,4627.8,-415.27,0.5,Same Day,Cash on Delivery,Not Returned,4
O01124,C1905,P1058,28-10-2023,10,2617.1,1030.4,0,Same Day,Net Banking,Returned,8
O01125,C1550,P1008,13-06-2023,8,1077.5,125.4,0.3,Standard Class,Cash on Delivery,Returned,7
O06785,C0864,P1134,24-04-2024,5,1280.37,-414.97,0.3,Same Day,UPI,Returned,6
O01127,C0923,P1012,29-09-2022,3,1713.73,243.44,0.15,Second Class,Cash on Delivery,Not Returned,12
O01128,C2127,P1052,03-06-2023,10,1888,455.78,0.2,First Class,Cash on Delivery,Not Returned,6
O01129,C0495,P1069,19-05-2022,1,468.3,72.45,0,Same Day,Debit Card,Returned,12
O06456,C0826,P1116,21-09-2023,9,2317.46,-414.32,0.5,Second Class,Credit Card,Not Returned,10
O01131,C1632,P1155,26-10-2023,4,1974.35,123.56,0.15,Standard Class,Net Banking,Not Returned,1
O01132,C1338,P1169,29-10-2023,1,323.8,56.51,0,First Class,Credit Card,Returned,5
O01133,C1884,P1016,08-10-2022,7,3206.45,1261.49,0.15,Same Day,Net Banking,Returned,6
O01134,C2204,P1120,19-04-2024,7,2205.76,685.54,0.1,Same Day,Debit Card,Returned,10
O02228,C0086,P1148,25-12-2022,8,1363.26,-411.99,0.3,First Class,Net Banking,Not Returned,3
O01136,C2095,P1083,15-06-2024,6,1163.81,363.14,0.1,First Class,Debit Card,Returned,2
O01137,C0824,P1111,15-09-2023,7,2395.27,445.48,0,Same Day,Credit Card,Returned,2
O01138,C2372,P1063,20-02-2024,3,107.82,30.96,0.05,Same Day,Debit Card,Not Returned,3
O01139,C0846,P1141,29-01-2022,6,2059.54,126.83,0.2,First Class,Cash on Delivery,Not Returned,9
O01141,C1537,P1187,27-06-2022,3,624.69,14.92,0.05,Standard Class,Debit Card,Not Returned,3
O00676,C0383,P1004,08-07-2022,8,1367.69,-411.04,0.3,First Class,Debit Card,Returned,3
O01143,C1150,P1016,06-05-2023,5,2559.78,1157.94,0.05,Standard Class,Net Banking,Not Returned,11
O01144,C1171,P1090,11-06-2023,3,1691.66,540.66,0.1,Second Class,Cash on Delivery,Not Returned,5
O02318,C1078,P1106,04-04-2023,6,1034.79,-409.51,0.5,Standard Class,Credit Card,Not Returned,6
O01612,C1849,P1085,15-02-2024,4,1511.94,-409.08,0.5,Standard Class,Cash on Delivery,Returned,7
O01147,C0259,P1081,28-03-2022,10,1637.72,374.22,0.3,First Class,Credit Card,Not Returned,3
O01148,C1793,P1090,23-07-2023,1,595.21,183.92,0.05,First Class,UPI,Returned,2
O06098,C2040,P1090,28-03-2024,7,2192.89,-407.47,0.5,First Class,Debit Card,Returned,9
O01150,C1964,P1024,01-10-2022,9,3306.24,370.49,0.2,Standard Class,UPI,Returned,9
O01151,C0136,P1017,28-03-2023,2,437.01,1.78,0.3,First Class,Credit Card,Not Returned,5
O00440,C1264,P1031,23-07-2022,9,2184.84,-406.57,0.5,First Class,UPI,Returned,8
O01153,C0183,P1127,14-03-2024,10,9468.94,,0.05,First Class,Credit Card,Returned,3
O01154,C0436,P1107,09-06-2023,9,7315.01,2954.98,0.15,Same Day,Cash on Delivery,Returned,12
O01155,C1206,P1075,19-11-2022,10,8384.4,3389.43,0,Same Day,Credit Card,Not Returned,7
O01156,C1951,P1177,01-06-2024,4,2448.32,464.86,0,First Class,Credit Card,Not Returned,3
O06900,C1455,P1147,08-10-2022,5,1489.55,-406.05,0.5,Second Class,Net Banking,Not Returned,11
O01158,C0204,P1160,16-04-2024,9,6563.93,2654.64,0.15,Standard Class,Cash on Delivery,Returned,3
O05868,C0770,P1020,18-02-2022,5,1418.94,-405.1,0.3,Standard Class,UPI,Returned,1
O01161,C0369,P1107,13-07-2022,9,8605.89,4252.28,0,Second Class,Cash on Delivery,Not Returned,6
O05200,C2290,P1089,30-11-2023,7,1157.62,-405,0.5,First Class,Cash on Delivery,Not Returned,1
O04145,C1135,P1075,22-01-2024,5,2096.1,-404.58,0.5,Second Class,Credit Card,Not Returned,3
O01164,C0821,P1075,13-10-2022,1,754.6,215.2,0.1,Standard Class,Debit Card,Returned,12
O01165,C0755,P1186,16-11-2023,1,540.92,142.88,0.15,Same Day,Debit Card,Not Returned,2
O01167,C2313,P1131,16-01-2022,8,1898.4,341.31,0,Second Class,Debit Card,Returned,7
O01168,C1992,P1106,29-09-2023,9,2173.06,45.97,0.3,Second Class,Cash on Delivery,Not Returned,9
O01169,C0166,P1058,03-08-2023,9,1884.31,432.75,0.2,Standard Class,Debit Card,Returned,6
O01170,C1634,P1062,10-04-2023,10,121.64,5.71,0.15,Second Class,Credit Card,Returned,2
O01171,C1438,P1025,22-02-2024,3,628.88,10.06,0.15,Second Class,Net Banking,Returned,5
O01172,C2386,P1163,19-02-2024,2,535.65,146.64,0.2,Standard Class,Net Banking,Not Returned,6
O01173,C1300,P1102,01-05-2022,9,2595.73,315.37,0.1,Second Class,Net Banking,Not Returned,7
O01174,C2081,P1032,09-04-2022,10,7226.84,2956.56,0.05,Standard Class,Cash on Delivery,Not Returned,3
O01175,C0716,P1111,25-05-2022,7,3079.63,1136.9,0.1,Standard Class,Debit Card,Not Returned,5
O01176,C2372,P1172,21-12-2022,3,962.52,407.92,0,Same Day,Cash on Delivery,Returned,1
O01177,C2486,P1047,09-06-2024,10,564.01,142.03,0.05,Standard Class,UPI,Not Returned,4
O01178,C1638,P1180,24-02-2022,6,2587.18,367.86,0.15,Same Day,Credit Card,Returned,9
O01179,C1604,P1141,17-03-2024,10,3861.63,608.9,0.1,Second Class,Credit Card,Not Returned,12
O01180,C1748,P1026,06-03-2023,8,2079.44,943.83,0.05,First Class,UPI,Not Returned,2
O03481,C1162,P1144,24-07-2023,5,733.7,-402.69,0.5,First Class,Credit Card,Not Returned,8
O01483,C1184,P1177,31-07-2022,2,612.08,-401.49,0.5,Same Day,Net Banking,Returned,6
O01183,C0801,P1064,19-04-2023,3,2321.01,992.33,0.05,Same Day,Debit Card,Returned,9
O05974,C1211,P1176,20-07-2023,2,566.07,-400.26,0.5,Standard Class,Net Banking,Returned,4
O01185,C2459,P1096,13-10-2022,6,1457.38,631.14,0.05,Second Class,Net Banking,Returned,5
O01186,C0398,P1156,29-02-2024,9,1419.57,214.55,0,First Class,Cash on Delivery,Not Returned,4
O01187,C1275,P1123,31-10-2022,3,554.64,147.69,0,First Class,Cash on Delivery,Returned,6
O05446,C0501,P1024,15-10-2022,4,918.4,-399.14,0.5,Second Class,Cash on Delivery,Not Returned,2
O01189,C1009,P1049,31-05-2023,5,4098.56,1622.52,0.1,Same Day,Debit Card,Not Returned,3
O01190,C1720,P1141,24-02-2022,9,3861.63,954.72,0,First Class,Net Banking,Not Returned,6
O04557,C2168,P1033,16-10-2023,7,482.93,-398.77,0.5,Same Day,Cash on Delivery,Returned,4
O01194,C1603,P1130,15-01-2023,1,709.96,231.07,0.15,Standard Class,Credit Card,Returned,2
O01195,C2028,P1164,18-11-2022,3,2157.11,923.11,0.05,Standard Class,Credit Card,Not Returned,12
O01196,C1712,P1109,12-12-2022,1,117.36,12.13,0,First Class,Net Banking,Not Returned,1
O01197,C0125,P1107,04-05-2024,8,6884.71,3045.02,0.1,Same Day,Cash on Delivery,Returned,6
O01198,C2240,P1127,29-01-2022,10,6977.11,1963.23,0.3,Same Day,Debit Card,Returned,5
O01199,C0942,P1161,16-08-2023,1,732.54,289.21,0.05,Second Class,Net Banking,Returned,9
O01986,C1933,P1056,26-03-2022,4,643.74,-398.5,0.5,Same Day,Debit Card,Not Returned,8
O01201,C1640,P1118,07-09-2022,6,3184.65,468.01,0.1,Same Day,UPI,Returned,1
O01203,C0539,P1063,07-03-2024,8,257.24,84.1,0.15,Second Class,Credit Card,Returned,10
O01204,C2042,P1140,19-01-2023,5,2088.27,248.97,0.1,Second Class,Debit Card,Not Returned,1
O01206,C2325,P1191,08-07-2022,2,403.04,50.76,0.15,Second Class,Credit Card,Returned,5
O02979,C0508,P1010,03-09-2022,7,2448.98,-396.81,0.5,Second Class,Net Banking,Not Returned,6
O06805,C1299,P1108,06-08-2023,10,2465.55,-394.15,0.5,First Class,Cash on Delivery,Not Returned,11
O01209,C1674,P1173,24-09-2023,8,4968.04,1057.04,0.05,Same Day,Debit Card,Not Returned,6
O03008,C2377,P1150,09-10-2023,4,1441.26,-393.96,0.5,First Class,Cash on Delivery,Not Returned,9
O04868,C0297,P1099,25-09-2022,10,4627.8,-391.82,0.5,Same Day,Debit Card,Not Returned,12
O01212,C0317,P1116,01-04-2023,10,4892.4,1871.65,0.05,Standard Class,Credit Card,Returned,7
O01213,C1362,P1190,15-09-2023,3,1490.94,368.78,0,Standard Class,Cash on Delivery,Not Returned,12
O02001,C0050,P1099,30-05-2022,10,4627.8,-390.87,0.5,Standard Class,UPI,Returned,6
O01215,C0762,P1145,20-04-2023,10,189.54,41.54,0.1,Standard Class,UPI,Not Returned,4
O01216,C0018,P1124,18-12-2023,8,2973.5,221.01,0.2,Second Class,Cash on Delivery,Not Returned,3
O01217,C1309,P1043,15-11-2022,9,6296.94,1787.9,0.1,Same Day,Credit Card,Returned,1
O01218,C1856,P1016,29-10-2022,3,1293.36,460.49,0.2,Second Class,UPI,Not Returned,2
O01219,C1325,P1041,13-10-2022,5,2545.38,1036.2,0.1,Standard Class,UPI,Not Returned,6
O01221,C0966,P1108,14-05-2022,3,1405.36,515.01,0.05,Standard Class,Credit Card,Not Returned,12
O01222,C1251,P1097,17-02-2024,4,1703.68,749.73,0,First Class,Net Banking,Returned,1
O01223,C2320,P1159,02-09-2023,1,149.45,26.53,0.1,Standard Class,Cash on Delivery,Returned,3
O05023,C2281,P1059,21-02-2024,9,2404.46,-389.66,0.3,Standard Class,Cash on Delivery,Returned,11
O01225,C0401,P1022,12-06-2022,10,643,108.27,0,Standard Class,Debit Card,Returned,12
O01328,C2406,P1185,05-06-2024,10,2392.65,-389.53,0.5,Same Day,Cash on Delivery,Not Returned,10
O01227,C0588,P1089,20-02-2023,1,264.6,39.54,0.2,Same Day,Net Banking,Returned,7
O02053,C0448,P1001,19-08-2022,7,659.12,-389.46,0.5,Standard Class,Debit Card,Returned,4
O01229,C0656,P1184,18-03-2023,5,73.26,12.48,0.3,Second Class,Cash on Delivery,Not Returned,6
O01230,C1202,P1161,21-01-2023,1,693.98,252.57,0.1,Same Day,UPI,Returned,5
O01231,C0641,P1081,25-02-2023,3,631.69,250.41,0.1,First Class,Debit Card,Returned,2
O06999,C0498,P1131,13-11-2022,5,593.25,-384.63,0.5,Standard Class,Debit Card,Returned,11
O06857,C1031,P1033,02-01-2024,7,482.93,-383.28,0.5,Same Day,Cash on Delivery,Not Returned,3
O01234,C2206,P1147,16-10-2022,3,1251.22,83.16,0.3,Standard Class,Debit Card,Returned,4
O01235,C1674,P1032,14-04-2024,4,2738.59,998.87,0.1,First Class,Cash on Delivery,Not Returned,7
O01236,C1836,P1130,01-10-2022,1,751.72,260.99,0.1,First Class,Net Banking,Not Returned,8
O01237,C2276,P1053,08-01-2024,7,540.01,50.35,0.2,First Class,Credit Card,Not Returned,4
O01238,C2102,P1010,27-05-2024,7,4408.17,1543.83,0.1,Same Day,UPI,Not Returned,4
O01239,C1632,P1051,18-12-2022,,2587.37,858.61,0.05,First Class,Cash on Delivery,Not Returned,9
O01287,C1036,P1095,17-07-2022,5,731.8,-380.14,0.5,Second Class,Credit Card,Returned,4
O05128,C2174,P1064,13-01-2023,10,4071.95,-379.84,0.5,Same Day,UPI,Not Returned,7
O01243,C1587,P1156,09-04-2024,6,851.74,43.51,0.1,Second Class,UPI,Returned,1
O01244,C1612,P1161,05-05-2022,9,4857.87,1156.47,0.3,Standard Class,UPI,Not Returned,12
O01245,C2348,P1058,25-07-2023,9,2002.08,586.76,0.15,First Class,Credit Card,Not Returned,9
O01246,C0910,P1004,28-11-2023,8,1758.46,7.52,0.1,Second Class,UPI,Not Returned,6
O01247,C2153,P1027,19-04-2023,3,1538.6,510.26,0.05,Second Class,Credit Card,Not Returned,1
O01248,C1714,P1095,24-10-2023,2,526.9,47.46,0.1,Second Class,Net Banking,Returned,1
O01249,C1230,P1070,06-11-2023,6,2091.8,600.25,0.1,Second Class,Credit Card,Returned,5
O01250,C0459,P1169,17-05-2024,3,874.26,141.77,0.1,Standard Class,Credit Card,Not Returned,9
O02446,C1715,P1033,09-07-2023,7,482.93,-379.59,0.5,Standard Class,Cash on Delivery,Returned,5
O01149,C0452,P1158,10-09-2022,10,1734.25,-379.37,0.5,Same Day,Cash on Delivery,Returned,6
O01253,C0938,P1127,04-06-2022,4,3787.57,1778.93,0.05,Second Class,Cash on Delivery,Returned,1
O01254,C1595,P1112,09-12-2023,5,278.1,44.67,0.1,Second Class,Credit Card,Returned,7
O01255,C1413,P1177,05-02-2022,7,4284.56,858.23,0,Standard Class,Cash on Delivery,Returned,7
O01256,C0285,P1016,04-05-2022,10,4580.65,1812.69,0.15,Standard Class,UPI,Returned,8
O01257,C1522,P1186,29-12-2022,2,1209.12,439.16,0.05,Second Class,UPI,Not Returned,11
O01258,C1185,P1068,01-07-2023,7,383.96,37.3,0.3,First Class,Credit Card,Returned,4
O02417,C1906,P1144,27-02-2024,5,733.7,-379.18,0.5,First Class,Cash on Delivery,Not Returned,11
O01260,C2154,P1120,03-08-2023,9,2205.76,223.37,0.3,Second Class,Credit Card,Not Returned,7
O01261,C0031,P1076,25-09-2023,1,299.02,61.11,0.15,Same Day,Credit Card,Not Returned,4
O06979,C0693,P1143,21-08-2023,2,502.32,-378.58,0.5,Same Day,UPI,Not Returned,12
O01263,C1579,P1016,09-11-2022,6,3071.73,1391.68,0.05,Standard Class,Credit Card,Not Returned,3
O03797,C0729,P1085,04-11-2023,4,1511.94,-378.13,0.5,Standard Class,Debit Card,Not Returned,9
O04500,C0964,P1143,26-03-2023,2,502.32,-378.03,0.5,Standard Class,Cash on Delivery,Returned,12
O01266,C0109,P1141,24-02-2024,5,2145.35,532.96,0,Standard Class,Cash on Delivery,Not Returned,10
O01267,C2384,P1158,15-07-2023,4,1109.92,253.99,0.2,Second Class,UPI,Not Returned,3
O01268,C0151,P1177,14-03-2022,7,4070.33,636.83,0.05,Standard Class,Credit Card,Not Returned,2
O01269,C1784,P1025,04-01-2024,4,789.18,7.66,0.2,Same Day,Net Banking,Returned,10
O01270,C1096,P1060,18-06-2022,9,4652.88,1185.51,0.15,Second Class,Credit Card,Not Returned,11
O01271,C0036,P1049,17-04-2023,7,4462.87,1022.65,0.3,Same Day,Cash on Delivery,Not Returned,6
O04217,C1287,P1011,27-08-2022,5,547.8,-376.69,0.5,Same Day,Net Banking,Not Returned,9
O01273,C0238,P1007,03-12-2022,2,731.32,34.79,0.3,First Class,Credit Card,Returned,2
O01274,C1026,P1160,24-08-2023,3,2574.09,1260.98,0,Same Day,Debit Card,Not Returned,10
O06026,C0185,P1187,23-04-2022,10,1534.33,-375.38,0.3,Same Day,Credit Card,Not Returned,12
O01277,C0314,P1160,04-02-2022,6,4375.95,1737.91,0.15,First Class,Credit Card,Not Returned,4
O01278,C1824,P1086,06-10-2022,1,349.11,69.24,0.2,Standard Class,Cash on Delivery,Not Returned,3
O01279,C1516,P1035,25-11-2022,10,1546.51,390.6,0.3,Second Class,Debit Card,Not Returned,2
O01280,C0354,P1185,28-02-2023,3,1148.47,314.7,0.2,First Class,Cash on Delivery,Not Returned,9
O03259,C0826,P1084,11-02-2023,8,560.68,-375.14,0.5,Same Day,Credit Card,Not Returned,9
O02035,C1855,P1177,06-10-2022,6,2570.74,-372.93,0.3,Standard Class,Net Banking,Returned,6
O03265,C2190,P1144,02-04-2023,5,733.7,-371.54,0.5,Standard Class,Debit Card,Not Returned,8
O01284,C0826,P1191,23-06-2023,5,1007.59,182.97,0.15,Second Class,UPI,Not Returned,9
O01285,C0947,P1073,04-05-2023,7,3204.37,1252.31,0.05,First Class,UPI,Returned,3
O01286,C1414,P1146,18-02-2024,2,860.74,166.46,0,Same Day,UPI,Not Returned,6
O05619,C1119,P1101,02-09-2022,2,532.19,-369.51,0.5,Second Class,Credit Card,Returned,4
O01288,C2407,P1139,04-08-2023,1,235.88,73.85,0,Second Class,Cash on Delivery,Returned,1
O01289,C1783,P1070,20-04-2022,3,813.48,40.45,0.3,Same Day,Debit Card,Not Returned,4
O02205,C0543,P1155,29-04-2022,2,580.69,-368.99,0.5,First Class,UPI,Returned,6
O04817,C0721,P1101,11-01-2023,2,532.19,-368.41,0.5,Second Class,Credit Card,Returned,5
O01292,C0423,P1057,15-07-2022,4,3099.96,1226.14,0.1,Second Class,Credit Card,Not Returned,8
O01294,C0385,P1180,29-10-2023,1,507.29,110.45,0,Same Day,Cash on Delivery,Returned,3
O00720,C2488,P1117,15-04-2024,7,529.52,-367.91,0.5,Second Class,Debit Card,Not Returned,2
O05501,C2342,P1101,06-09-2023,2,532.19,-362.76,0.5,Second Class,Credit Card,Returned,3
O01297,C0723,P1092,18-01-2024,3,742.84,82.18,0.15,Second Class,Cash on Delivery,Returned,1
O01298,C0508,P1154,15-02-2023,,2250.12,1038.77,0,Standard Class,Credit Card,Returned,5
O01299,C1733,P1087,22-01-2024,7,3068.77,204.24,0.15,Standard Class,Net Banking,Not Returned,3
O01300,C1596,P1078,08-02-2024,8,1831.87,394.14,0.2,First Class,Credit Card,Returned,2
O01301,C0090,P1130,24-07-2023,3,2380.46,1017.54,0.05,First Class,Credit Card,Returned,3
O01302,C1787,P1066,29-03-2024,9,6961.3,2973.69,0.1,Standard Class,Net Banking,Returned,3
O01303,C1751,P1160,18-01-2023,3,2316.68,1008.35,0.1,First Class,Cash on Delivery,Not Returned,12
O01993,C0582,P1060,10-05-2024,4,1216.44,-361.19,0.5,Second Class,Net Banking,Returned,5
O00843,C2060,P1120,29-04-2022,8,1400.48,-359.42,0.5,Standard Class,Net Banking,Not Returned,6
O01306,C0945,P1059,01-04-2024,3,1030.48,73.33,0.1,First Class,Debit Card,Returned,4
O01307,C1214,P1153,08-04-2023,8,2336.7,1015.08,0.05,Standard Class,UPI,Returned,2
O01308,C0800,P1039,12-02-2022,9,1413.72,107.14,0.15,Standard Class,UPI,Not Returned,1
O01309,C2062,P1077,28-03-2024,8,649.66,59.13,0.1,First Class,Debit Card,Returned,10
O03257,C1429,P1065,27-06-2023,5,462.8,-359.07,0.5,First Class,Net Banking,Not Returned,9
O01311,C0667,P1129,22-01-2022,9,2076.9,804.17,0.15,Same Day,Debit Card,Not Returned,10
O01313,C0708,P1018,16-06-2023,1,620.86,176.85,0.1,Same Day,UPI,Returned,1
O01314,C0916,P1086,24-02-2024,6,2094.67,609.27,0.2,Second Class,Net Banking,Not Returned,5
O06314,C1760,P1095,10-04-2023,5,731.8,-358.32,0.5,Standard Class,Debit Card,Not Returned,4
O01316,C0040,P1189,01-05-2023,3,778.34,240.42,0.15,Standard Class,Net Banking,Returned,7
O01317,C2053,P1053,08-04-2024,6,462.86,66.13,0.2,Second Class,Credit Card,Not Returned,2
O01318,C0721,P1182,27-02-2024,2,579.17,135.09,0.1,Same Day,Credit Card,Not Returned,4
O01319,C2045,P1037,07-06-2022,8,2700.26,13.57,0.3,Second Class,UPI,Not Returned,7
O01320,C1538,P1132,01-10-2023,2,1305.74,433.81,0.1,Second Class,UPI,Returned,11
O02472,C2193,P1098,05-10-2022,6,1345.51,-358.21,0.3,Same Day,UPI,Returned,11
O01322,C0033,P1082,27-06-2022,3,1505.52,164.12,0,Standard Class,Debit Card,Returned,7
O01323,C2002,P1048,16-02-2023,9,6006.09,,0.15,First Class,Debit Card,Returned,7
O01325,C2281,P1177,25-01-2024,6,2937.98,5.25,0.2,First Class,UPI,Not Returned,12
O01326,C0032,P1057,04-07-2022,3,2454.14,1064.24,0.05,Second Class,UPI,Returned,3
O01971,C1441,P1059,17-09-2022,8,2137.3,-355.59,0.3,Same Day,Net Banking,Not Returned,7
O04774,C1422,P1010,20-12-2023,6,2099.13,-355.1,0.5,Same Day,Debit Card,Returned,2
O01329,C1372,P1056,11-06-2023,9,2896.83,564.89,0,Same Day,Net Banking,Not Returned,1
O01330,C2017,P1132,06-01-2022,3,1523.36,262.64,0.3,Same Day,Credit Card,Returned,1
O02445,C2293,P1061,16-06-2023,4,1235.14,-354.98,0.5,Standard Class,Debit Card,Not Returned,12
O01332,C2393,P1138,02-08-2023,10,948,288.8,0.05,Same Day,Credit Card,Not Returned,7
O06646,C2357,P1191,08-05-2023,8,948.32,-353.8,0.5,Same Day,Cash on Delivery,Returned,1
O01334,C0292,P1027,11-12-2022,7,2645.31,343.78,0.3,Same Day,Credit Card,Not Returned,8
O01335,C1119,P1004,09-11-2022,2,464.04,6.03,0.05,Second Class,Credit Card,Returned,12
O01336,C0922,P1117,08-07-2023,10,1437.26,175.3,0.05,Same Day,Cash on Delivery,Returned,9
O01337,C2418,P1048,22-02-2024,8,5652.79,1631.12,0.1,Same Day,Net Banking,Returned,11
O06781,C2280,P1073,26-12-2023,10,2409.3,-353.2,0.5,First Class,Net Banking,Not Returned,9
O01339,C1553,P1146,01-04-2023,10,4088.51,840.59,0.05,First Class,Cash on Delivery,Not Returned,10
O01340,C0629,P1015,11-12-2023,9,4487.8,822.28,0.3,Second Class,Net Banking,Not Returned,6
O01341,C0812,P1021,24-06-2022,7,926.97,52.98,0.2,Same Day,Credit Card,Not Returned,10
O01342,C1539,P1190,16-06-2022,9,3578.26,283.69,0.2,Standard Class,Net Banking,Not Returned,3
O02976,C1487,P1137,29-12-2022,10,456.25,-351.72,0.5,Standard Class,Credit Card,Not Returned,10
O05790,C2255,P1180,29-08-2022,3,760.94,-351.29,0.5,Same Day,Credit Card,Not Returned,2
O01346,C1491,P1164,16-06-2023,4,2724.77,1069.62,0.1,Standard Class,Net Banking,Not Returned,10
O02968,C1081,P1148,07-11-2023,,1192.86,-351.1,0.3,Same Day,Cash on Delivery,Returned,11
O01349,C2119,P1044,03-05-2024,,532.84,24.71,0.05,Second Class,UPI,Not Returned,8
O01350,C1232,P1113,19-07-2023,5,1675.84,352.17,0.3,Standard Class,Cash on Delivery,Not Returned,7
O01351,C0547,P1068,03-04-2023,4,313.44,126.08,0,First Class,Net Banking,Not Returned,2
O02587,C1664,P1191,27-08-2022,7,829.78,-350.66,0.5,Same Day,UPI,Not Returned,8
O01354,C0286,P1108,29-04-2023,1,345.18,52.53,0.3,Second Class,Net Banking,Not Returned,12
O01355,C2126,P1121,30-10-2022,2,1033.36,485.65,0,Standard Class,Net Banking,Not Returned,5
O04945,C0284,P1134,26-04-2023,8,2341.25,-349.62,0.2,Second Class,UPI,Returned,11
O01357,C2250,P1160,12-06-2024,6,4118.54,1484.7,0.2,Second Class,UPI,Returned,6
O01358,C0868,P1089,26-10-2023,4,1256.85,339.72,0.05,Same Day,Net Banking,Not Returned,9
O01063,C0594,P1141,03-02-2022,3,643.6,-349.44,0.5,Same Day,Net Banking,Returned,12
O01360,C1668,P1155,21-05-2022,1,493.59,0.75,0.15,Standard Class,UPI,Returned,7
O01361,C0322,P1147,04-04-2022,3,1251.22,118.3,0.3,Second Class,Net Banking,Not Returned,3
O04993,C2391,P1175,14-09-2022,3,1165,-349.18,0.5,Standard Class,Net Banking,Not Returned,9
O04228,C1171,P1132,09-04-2022,6,2176.23,-348.07,0.5,Standard Class,Net Banking,Not Returned,2
O01364,C1692,P1104,10-03-2022,6,1866.29,683.31,0.2,First Class,Debit Card,Returned,5
O01365,C2221,P1142,28-04-2023,8,3247.07,1233.2,0.15,First Class,Net Banking,Not Returned,2
O01366,C1341,P1167,04-11-2022,8,6552.48,3032.56,0,Second Class,UPI,Not Returned,4
O01367,C0096,P1130,16-08-2022,8,5345.6,1783.6,0.2,Standard Class,Credit Card,Returned,11
O04701,C2448,P1152,21-01-2022,10,501.5,-347.6,0.5,First Class,Cash on Delivery,Not Returned,6
O01369,C1053,P1079,20-10-2022,9,1219.18,100.51,0.15,Second Class,UPI,Not Returned,12
O01370,C2479,P1005,08-11-2023,5,774.01,168.66,0.15,Standard Class,UPI,Returned,6
O01371,C0042,P1127,27-10-2022,7,4883.98,1362.77,0.3,Same Day,Credit Card,Not Returned,10
O01372,C0357,P1008,13-04-2024,2,346.34,95.2,0.1,Same Day,Debit Card,Not Returned,1
O06687,C0979,P1180,27-05-2024,3,760.94,-347.02,0.5,Same Day,Credit Card,Not Returned,4
O01375,C2147,P1005,11-10-2022,3,382.45,12.79,0.3,Same Day,Cash on Delivery,Not Returned,8
O06747,C0166,P1007,27-10-2023,5,1305.92,-345.33,0.5,Same Day,Debit Card,Returned,10
O04676,C1748,P1108,20-09-2022,9,2219,-345.24,0.5,Same Day,Credit Card,Not Returned,12
O01378,C2066,P1085,30-05-2024,9,6463.54,2214.17,0,First Class,Debit Card,Not Returned,2
O01157,C1120,P1151,20-08-2022,4,1360.96,-344.89,0.5,Standard Class,Credit Card,Returned,11
O02443,C0915,P1092,07-09-2023,5,728.28,-342.94,0.5,Standard Class,UPI,Not Returned,11
O03880,C1899,P1155,15-12-2023,2,580.69,-341.57,0.5,Second Class,Cash on Delivery,Not Returned,1
O01382,C2337,P1143,01-06-2022,10,5023.2,755.63,0,First Class,UPI,Not Returned,12
O01383,C1550,P1039,12-02-2024,9,1330.56,33.66,0,First Class,Credit Card,Returned,11
O01384,C1501,P1165,05-05-2022,7,3820.53,931.06,0,Second Class,Cash on Delivery,Not Returned,5
O06044,C2384,P1020,26-12-2023,2,405.41,-341.35,0.5,Second Class,Credit Card,Returned,2
O01386,C1542,P1158,04-03-2022,2,693.7,257.71,0,Standard Class,Debit Card,Not Returned,4
O05652,C1413,P1073,26-08-2022,9,2168.37,-341.1,0.5,Second Class,Net Banking,Returned,10
O01388,C1626,P1138,04-10-2023,10,997.9,336.71,0,Same Day,UPI,Not Returned,11
O01389,C0261,P1043,30-03-2022,5,3303.95,775.05,0.15,Same Day,Cash on Delivery,Returned,6
O04686,C2350,P1056,08-04-2024,10,2253.09,-340.93,0.3,Second Class,Debit Card,Returned,6
O01391,C1211,P1173,25-05-2024,8,4968.04,1072.24,0.05,Same Day,UPI,Not Returned,4
O01392,C2295,P1031,22-01-2023,5,2306.22,863.21,0.05,Standard Class,UPI,Returned,10
O01393,C2493,P1146,29-07-2022,8,3098.66,487.58,0.1,First Class,UPI,Not Returned,2
O02230,C0895,P1187,05-07-2022,9,1380.9,-339.92,0.3,Standard Class,Credit Card,Returned,8
O03864,C2159,P1101,25-10-2023,2,532.19,-337.18,0.5,First Class,Net Banking,Returned,2
O03253,C0107,P1169,19-12-2023,4,647.6,-336.63,0.5,First Class,Debit Card,Not Returned,2
O01398,C1117,P1107,20-05-2022,9,6024.12,1667.14,0.3,Same Day,Cash on Delivery,Returned,2
O06023,C1980,P1079,13-09-2022,7,557.8,-334.43,0.5,Second Class,Cash on Delivery,Not Returned,3
O01400,C0141,P1140,30-03-2023,8,3526.86,604.14,0.05,Second Class,Net Banking,Not Returned,8
O01402,C2364,P1092,17-05-2022,3,699.14,66.55,0.2,Standard Class,Credit Card,Returned,2
O01403,C0826,P1096,31-12-2022,10,2556.8,1195.11,0,Standard Class,UPI,Not Returned,12
O02173,C1382,P1146,02-12-2022,3,645.56,-332.87,0.5,First Class,UPI,Returned,4
O01405,C0899,P1149,12-10-2023,10,799.29,321.14,0.1,Standard Class,Cash on Delivery,Not Returned,3
O01406,C2495,P1170,12-08-2023,7,3285.89,443.9,0.1,First Class,Credit Card,Returned,5
O05955,C1050,P1069,21-10-2023,5,1639.05,-332.1,0.3,Standard Class,Net Banking,Not Returned,1
O01408,C0614,P1037,06-12-2023,7,2700.26,357.72,0,Same Day,Credit Card,Returned,3
O01409,C0486,P1176,09-03-2024,1,566.07,64.08,0,Standard Class,Cash on Delivery,Not Returned,4
O04516,C0131,P1155,25-02-2023,2,580.69,-331.9,0.5,Same Day,Credit Card,Returned,1
O01411,C2110,P1023,18-04-2023,10,803.2,202.13,0,Same Day,Credit Card,Returned,2
O01145,C2172,P1076,02-10-2022,6,1055.37,-331.51,0.5,First Class,Debit Card,Not Returned,6
O01413,C1710,P1147,17-09-2022,2,1191.64,404.05,0,Standard Class,Net Banking,Returned,10
O01414,C0851,P1146,12-03-2022,3,1032.89,,0.2,Standard Class,Credit Card,Returned,5
O03687,C2230,P1148,09-09-2022,3,365.16,-331.06,0.5,Standard Class,Debit Card,Not Returned,4
O01930,C0969,P1087,28-01-2024,2,515.76,-327.59,0.5,First Class,Net Banking,Not Returned,3
O01417,C1256,P1182,07-07-2022,10,3217.6,1215.73,0,Second Class,Net Banking,Not Returned,2
O04299,C1402,P1155,25-01-2023,2,580.69,-325.73,0.5,Second Class,Credit Card,Not Returned,8
O01419,C1946,P1015,19-04-2022,7,4986.45,2137.11,0,Standard Class,Credit Card,Not Returned,9
O02069,C1106,P1103,02-11-2022,8,1333.14,-324.64,0.3,Same Day,UPI,Returned,9
O01421,C0310,P1126,02-03-2022,4,234.23,29.96,0.15,Standard Class,Cash on Delivery,Returned,8
O01422,C0852,P1034,23-04-2022,9,1986.12,456.04,0,Standard Class,Net Banking,Not Returned,1
O01423,C0633,P1153,14-01-2024,1,261.34,69.58,0.15,Second Class,Net Banking,Returned,4
O01424,C0248,P1060,03-10-2022,6,3466.85,1147.53,0.05,Second Class,UPI,Returned,10
O01425,C0080,P1141,19-03-2023,9,3282.39,376.03,0,Second Class,Credit Card,Not Returned,11
O01381,C1106,P1099,09-10-2022,8,3702.24,-324.2,0,Second Class,UPI,Not Returned,8
O05961,C0710,P1056,31-08-2022,3,482.8,-323.47,0.5,First Class,Net Banking,Returned,9
O01429,C0222,P1085,30-01-2024,8,5745.37,1951.15,0.05,Same Day,Cash on Delivery,Returned,7
O02486,C1288,P1093,19-08-2022,9,3604.67,-322.97,0.3,Same Day,Debit Card,Not Returned,6
O01431,C2124,P1074,04-09-2023,4,599.48,157.96,0,Second Class,Net Banking,Returned,2
O01432,C0166,P1041,09-04-2022,4,1923.18,728.67,0.15,First Class,Debit Card,Not Returned,9
O00600,C2010,P1065,24-01-2024,10,1295.84,-322.85,0.3,Standard Class,UPI,Not Returned,11
O02185,C1583,P1055,21-08-2023,10,4110.33,-322.23,0.3,Same Day,UPI,Not Returned,11
O01435,C0172,P1030,24-02-2022,7,4934.93,1459.17,0.15,Standard Class,Credit Card,Returned,12
O01436,C2029,P1168,31-10-2023,9,1866.81,749.47,0.05,Standard Class,Credit Card,Not Returned,3
O01437,C1428,P1160,13-03-2022,1,686.42,232.16,0.2,First Class,Credit Card,Not Returned,5
O01439,C0860,P1170,13-03-2022,9,4694.13,1060.75,0,Standard Class,Debit Card,Not Returned,2
O01440,C1907,P1088,27-06-2022,1,85.56,2.15,0,Second Class,Cash on Delivery,Returned,9
O01441,C0549,P1115,02-04-2022,3,159.15,2.5,0.15,Second Class,Cash on Delivery,Not Returned,2
O01442,C1759,P1092,02-11-2023,6,1747.86,493.55,0,Same Day,Net Banking,Not Returned,4
O01443,C1280,P1104,17-02-2022,5,1749.64,748.96,0.1,Same Day,Net Banking,Returned,11
O01444,C0594,P1124,26-01-2022,5,1974.59,236.81,0.15,Second Class,Debit Card,Not Returned,3
O01445,C0378,P1030,08-03-2023,5,3939.65,1444.56,0.05,First Class,UPI,Returned,8
O01446,C0574,P1075,04-01-2022,3,2138.02,619.77,0.15,First Class,Net Banking,Returned,3
O01447,C0346,P1118,29-09-2023,5,2948.75,669.51,0,First Class,Cash on Delivery,Not Returned,8
O04210,C1481,P1072,05-07-2022,4,561,-322.18,0.5,First Class,Net Banking,Not Returned,7
O01449,C0740,P1129,30-05-2022,10,2307.66,858.46,0.15,Standard Class,Debit Card,Not Returned,12
O01450,C1676,P1173,24-04-2022,7,3660.66,262.34,0.2,First Class,Credit Card,Not Returned,5
O03529,C1930,P1020,20-02-2022,9,2918.95,-321.9,0.2,First Class,Credit Card,Not Returned,7
O03788,C1548,P1021,19-12-2022,8,662.12,-321.7,0.5,Second Class,Cash on Delivery,Returned,7
O04875,C2157,P1143,27-05-2023,4,1406.5,-321.22,0.3,First Class,Credit Card,Not Returned,3
O01455,C2422,P1031,02-05-2022,3,1383.73,491.16,0.05,Same Day,UPI,Returned,8
O01456,C1685,P1110,20-10-2023,3,2357.34,866.22,0,Standard Class,Credit Card,Returned,10
O01457,C0829,P1146,30-09-2023,8,2754.37,134.59,0.2,Standard Class,UPI,Returned,5
O06749,C0253,P1059,24-12-2022,7,1870.13,-321.03,0.3,Same Day,Cash on Delivery,Returned,9
O01459,C1477,P1157,30-12-2022,7,4945.07,2160.02,0.05,First Class,UPI,Not Returned,11
O01460,C0335,P1036,07-06-2024,8,2431.24,,0.5,Same Day,Debit Card,Returned,6
O01461,C0195,P1039,24-01-2022,9,1580.04,285.15,0.05,Same Day,Cash on Delivery,Returned,8
O06623,C1363,P1076,24-04-2023,6,1055.37,-320.72,0.5,First Class,Credit Card,Not Returned,2
O06782,C2230,P1000,24-03-2022,4,1016.2,-320.44,0.3,Second Class,UPI,Not Returned,5
O01464,C1708,P1031,07-05-2024,9,4151.2,1578.18,0.05,Standard Class,Credit Card,Not Returned,9
O01465,C0677,P1081,17-07-2023,1,163.77,4.06,0.3,Standard Class,Credit Card,Not Returned,11
O05895,C1429,P1191,24-12-2023,7,829.78,-316.26,0.5,Standard Class,Cash on Delivery,Returned,4
O01467,C1902,P1162,19-07-2023,10,273.35,12.5,0.3,Same Day,Net Banking,Not Returned,2
O06191,C1959,P1098,02-09-2023,5,1121.26,-315.75,0.3,Standard Class,Credit Card,Not Returned,3
O00704,C1428,P1000,23-06-2023,4,1016.2,-315.59,0.3,First Class,Cash on Delivery,Returned,12
O03514,C0744,P1079,26-09-2022,7,557.8,-315.59,0.5,Second Class,Credit Card,Returned,9
O01472,C1989,P1089,14-03-2022,1,314.21,87.12,0.05,Same Day,Debit Card,Not Returned,12
O01473,C0545,P1005,22-09-2023,4,692.06,188.49,0.05,First Class,UPI,Returned,5
O01474,C2296,P1153,09-06-2022,8,2090.73,785.65,0.15,Standard Class,Debit Card,Not Returned,4
O01475,C2470,P1111,23-02-2024,9,3959.52,1458.96,0.1,Same Day,Net Banking,Not Returned,2
O01476,C2122,P1134,23-02-2024,3,1042.59,19.59,0.05,Same Day,UPI,Not Returned,3
O01477,C0179,P1120,07-06-2022,4,980.34,96.41,0.3,First Class,Debit Card,Not Returned,8
O01478,C1185,P1072,08-03-2022,8,2131.8,386.43,0.05,Same Day,UPI,Not Returned,7
O04125,C0087,P1118,30-03-2024,8,3302.6,-315.08,0.3,Same Day,Net Banking,Not Returned,2
O01480,C0741,P1101,05-03-2024,5,2527.9,369.75,0.05,First Class,Net Banking,Returned,7
O01481,C2150,P1116,07-12-2022,1,489.24,157.35,0.05,Second Class,Net Banking,Returned,9
O01427,C2341,P1098,17-02-2023,,1121.26,-314.18,0.3,Standard Class,UPI,Not Returned,2
O01065,C1207,P1185,11-08-2022,8,1914.12,-313.87,0.5,Standard Class,Debit Card,Returned,3
O01484,C2487,P1004,26-06-2023,10,2320.18,137.98,0.05,Standard Class,Debit Card,Not Returned,10
O01485,C2424,P1024,09-12-2022,4,1744.96,451.41,0.05,Standard Class,Cash on Delivery,Returned,8
O01486,C1859,P1058,27-03-2022,4,837.47,188.69,0.2,First Class,UPI,Not Returned,4
O04855,C0620,P1018,22-02-2022,4,1379.7,-313.46,0.5,Second Class,UPI,Not Returned,10
O05624,C0908,P1069,16-03-2022,2,468.3,-313.43,0.5,Same Day,UPI,Not Returned,3
O01489,C0157,P1008,04-07-2022,3,490.65,98.8,0.15,Standard Class,UPI,Returned,8
O05373,C1996,P1134,30-01-2024,4,1024.3,-309.64,0.3,Standard Class,Cash on Delivery,Returned,4
O01491,C1973,P1071,18-02-2023,5,1186.65,444.58,0.1,Same Day,Cash on Delivery,Returned,4
O01493,C2375,P1077,21-03-2022,7,568.45,56.12,0.1,Standard Class,Credit Card,Returned,7
O01494,C1821,P1036,10-02-2022,4,2066.55,263.95,0.15,Second Class,Credit Card,Returned,7
O01495,C1561,P1079,14-10-2022,8,1211.21,212.71,0.05,Second Class,Cash on Delivery,Not Returned,8
O01496,C1374,P1138,06-01-2022,7,663.6,180.24,0.05,First Class,Debit Card,Returned,3
O02674,C1644,P1033,06-04-2023,5,344.95,-309.42,0.5,Same Day,Net Banking,Returned,11
O00541,C1521,P1176,11-06-2024,4,1585,-308.77,0.3,Same Day,Cash on Delivery,Not Returned,1
O00995,C1979,P1148,15-12-2022,3,365.16,-308.39,0.5,Standard Class,Net Banking,Not Returned,7
O04007,C1478,P1015,07-12-2023,6,2137.05,-307.91,0.5,Second Class,UPI,Returned,7
O01501,C1005,P1104,08-01-2023,1,330.49,96.12,0.15,Standard Class,UPI,Returned,10
O01502,C0185,P1029,21-03-2022,1,123.35,19.9,0.05,Second Class,Cash on Delivery,Returned,5
O01503,C0128,P1130,05-02-2022,5,3341,1102.14,0.2,Second Class,Credit Card,Returned,1
O01504,C1316,P1189,11-02-2022,3,869.91,357.36,0.05,Standard Class,UPI,Returned,6
O01505,C2458,P1130,01-12-2023,5,3758.62,1509.69,0.1,First Class,Credit Card,Returned,4
O01506,C1094,P1140,10-09-2022,,1763.43,298.66,0.05,Standard Class,Debit Card,Returned,2
O06973,C1341,P1137,07-09-2023,9,410.62,-307.67,0.5,First Class,Net Banking,Not Returned,9
O01508,C1970,P1072,27-02-2022,10,2244,37.93,0.2,Same Day,Net Banking,Not Returned,10
O01509,C0565,P1188,16-01-2022,6,2531.14,506.06,0.1,Second Class,Net Banking,Not Returned,10
O01510,C0260,P1172,10-02-2023,2,513.34,160.68,0.2,Same Day,Credit Card,Not Returned,5
O01511,C0491,P1091,23-05-2024,8,4212.43,262.71,0.1,Second Class,UPI,Not Returned,2
O01513,C0631,P1024,19-04-2022,1,436.24,102.27,0.05,First Class,UPI,Not Returned,4
O01514,C1142,P1114,18-04-2022,3,513.6,221,0,Same Day,Cash on Delivery,Not Returned,11
O01515,C0504,P1067,10-05-2022,3,215.73,33.84,0.1,Standard Class,Cash on Delivery,Returned,12
O01516,C1162,P1161,26-11-2022,5,2698.82,621.51,0.3,Standard Class,Debit Card,Not Returned,8
O01517,C0586,P1185,27-01-2023,1,406.75,105.74,0.15,Second Class,Cash on Delivery,Not Returned,6
O01518,C0752,P1080,28-02-2022,2,134.48,0.63,0.1,Same Day,Debit Card,Returned,9
O01519,C2483,P1061,14-03-2024,6,2593.79,216.95,0.3,Second Class,Debit Card,Not Returned,12
O04821,C0443,P1009,22-03-2024,6,2158.37,-307.42,0.2,First Class,Debit Card,Returned,1
O01522,C1823,P1018,11-11-2023,3,1862.6,575.55,0.1,Same Day,Credit Card,Not Returned,4
O02853,C1340,P1027,21-09-2022,5,1349.65,-305.19,0.5,Second Class,Cash on Delivery,Not Returned,2
O01524,C0443,P1112,12-01-2022,10,494.4,101.42,0.2,Same Day,UPI,Returned,7
O01525,C1204,P1154,30-04-2024,7,5250.28,2432.78,0,Same Day,Credit Card,Returned,2
O05658,C1752,P1020,25-10-2022,9,2918.95,-304.44,0.2,Standard Class,Debit Card,Not Returned,3
O01528,C0694,P1038,26-06-2023,1,589.17,82.61,0.15,Same Day,UPI,Not Returned,1
O01529,C0744,P1138,05-02-2023,8,678.57,134.81,0.15,Standard Class,Cash on Delivery,Not Returned,4
O01530,C0216,P1074,10-03-2023,8,1139.01,256.54,0.05,Standard Class,Credit Card,Returned,7
O01531,C1935,P1141,22-03-2024,2,858.14,182.65,0,Second Class,Credit Card,Returned,7
O01532,C1081,P1104,22-10-2022,6,2099.57,879.87,0.1,Same Day,Cash on Delivery,Not Returned,8
O06309,C1002,P1152,11-02-2023,9,451.35,-304.1,0.5,First Class,Credit Card,Not Returned,2
O01534,C1563,P1011,13-04-2022,8,1577.66,120.27,0.1,Same Day,Cash on Delivery,Returned,3
O03476,C2357,P1191,08-06-2023,6,711.24,-300.96,0.5,First Class,Credit Card,Returned,2
O01536,C2342,P1180,10-12-2022,5,2282.81,423.58,0.1,Standard Class,Credit Card,Not Returned,5
O01537,C0031,P1175,23-01-2023,9,6291.03,1835.65,0.1,Same Day,Credit Card,Returned,9
O01538,C0396,P1183,06-03-2022,7,1148.02,167.58,0,First Class,Debit Card,Not Returned,12
O01539,C0718,P1055,14-01-2024,5,2789.15,584.19,0.05,Standard Class,Cash on Delivery,Returned,8
O01540,C1956,P1098,14-03-2023,9,2883.24,349.52,0,Standard Class,Debit Card,Returned,8
O03078,C0182,P1148,28-07-2023,6,1022.45,-300.44,0.3,Second Class,Cash on Delivery,Not Returned,8
O04618,C0054,P1187,01-11-2022,8,1227.46,-298.96,0.3,Standard Class,Net Banking,Returned,12
O01543,C0307,P1127,14-06-2023,2,1594.77,574.52,0.2,Same Day,Credit Card,Returned,1
O01544,C1721,P1045,16-12-2023,9,859.33,265.71,0.1,Second Class,Debit Card,Not Returned,7
O02751,C2143,P1021,09-11-2022,7,579.36,-298.88,0.5,Second Class,UPI,Not Returned,4
O01547,C0123,P1109,28-05-2024,3,299.27,18.26,0.15,Standard Class,Cash on Delivery,Not Returned,9
O01548,C0549,P1108,30-05-2023,9,3772.29,1211.51,0.15,Same Day,Credit Card,Not Returned,4
O01549,C0600,P1159,15-12-2023,5,581.17,110.93,0.3,Same Day,UPI,Not Returned,11
O00242,C1624,P1012,26-01-2022,2,672.05,-298.46,0.5,Standard Class,Cash on Delivery,Returned,4
O01551,C0345,P1027,23-02-2024,9,4129.93,1142.65,0.15,Same Day,Net Banking,Returned,3
O06947,C0415,P1156,16-03-2023,5,394.32,-298.21,0.5,Same Day,Credit Card,Not Returned,9
O01553,C1646,P1144,04-08-2023,10,2934.8,724.02,0,Same Day,Debit Card,Returned,4
O01554,C1475,P1041,07-01-2022,8,4525.12,2127.93,0,Same Day,Cash on Delivery,Not Returned,3
O01555,C0319,P1182,29-08-2023,1,305.67,69.61,0.05,Second Class,Debit Card,Not Returned,11
O01556,C2110,P1184,17-10-2022,10,146.51,32.34,0.3,Same Day,Cash on Delivery,Returned,2
O01557,C0222,P1097,26-03-2023,10,3833.28,1520.1,0.1,First Class,Credit Card,Not Returned,11
O04114,C1259,P1170,06-12-2023,8,2920.79,-297.86,0.3,Standard Class,Credit Card,Not Returned,1
O01559,C1941,P1142,19-10-2023,1,405.88,122.97,0.15,Standard Class,UPI,Not Returned,11
O06967,C1932,P1093,15-11-2023,2,572.17,-297.7,0.5,Standard Class,Net Banking,Not Returned,4
O01561,C0687,P1179,06-09-2023,2,160,26.31,0.15,Standard Class,Credit Card,Returned,9
O01562,C0121,P1035,05-06-2024,9,1988.37,939.66,0,Second Class,Cash on Delivery,Not Returned,9
O03641,C2417,P1027,25-09-2023,5,1349.65,-297.41,0.5,Second Class,Net Banking,Not Returned,5
O01564,C1471,P1041,14-12-2022,9,3563.53,864.4,0.3,Standard Class,UPI,Not Returned,9
O05838,C1671,P1158,21-10-2023,7,1213.98,-297.31,0.5,Standard Class,UPI,Not Returned,11
O01566,C0098,P1130,28-06-2023,3,2505.75,,0,Second Class,Net Banking,Returned,11
O01567,C2187,P1086,30-11-2022,5,1963.76,738.59,0.1,First Class,Cash on Delivery,Not Returned,1
O01568,C1774,P1131,04-02-2024,2,450.87,63.24,0.05,First Class,Credit Card,Not Returned,10
O01569,C1831,P1053,09-06-2022,1,77.14,3.43,0.2,First Class,Cash on Delivery,Not Returned,7
O01570,C0106,P1108,27-10-2023,1,468.45,,0.05,Same Day,Debit Card,Returned,12
O01571,C1519,P1157,16-08-2022,5,3718.1,1735.96,0,Same Day,Debit Card,Not Returned,11
O00404,C1941,P1055,30-04-2024,2,587.19,-296.76,0.5,Second Class,Cash on Delivery,Returned,1
O01573,C1079,P1163,31-12-2023,4,1071.3,358.6,0.2,Same Day,UPI,Not Returned,7
O01574,C0328,P1120,26-06-2023,8,2240.77,477.51,0.2,Same Day,Credit Card,Returned,12
O01575,C0694,P1010,22-06-2023,1,629.74,211.52,0.1,Standard Class,Net Banking,Not Returned,7
O01576,C0038,P1048,06-08-2023,2,1334.69,290.8,0.15,Second Class,Cash on Delivery,Returned,4
O03607,C1483,P1057,27-01-2022,10,4305.5,-295.91,0,Same Day,Debit Card,Not Returned,5
O01578,C0577,P1060,10-09-2022,7,4257.54,1553.58,0,First Class,Cash on Delivery,Returned,2
O01579,C1685,P1135,03-02-2024,6,3203.34,708.92,0.05,Same Day,UPI,Returned,1
O01580,C2141,P1079,31-10-2023,2,286.87,22.96,0.1,Standard Class,Debit Card,Returned,1
O00877,C0913,P1049,03-07-2022,,4098.56,-295.51,0.5,Second Class,Debit Card,Returned,9
O01582,C2198,P1157,29-08-2023,9,5688.69,2147.39,0.15,First Class,Credit Card,Returned,5
O01583,C2248,P1144,28-12-2023,1,264.13,13.63,0.1,Second Class,UPI,Not Returned,7
O01584,C0819,P1185,15-04-2022,7,2679.77,715.48,0.2,Standard Class,Debit Card,Not Returned,9
O01585,C1647,P1105,06-11-2023,3,758.1,329.42,0,Same Day,UPI,Not Returned,10
O01586,C2029,P1092,22-02-2024,6,1485.68,230.12,0.15,Standard Class,Debit Card,Returned,5
O01587,C1454,P1116,17-06-2022,8,3707.93,1284.95,0.1,First Class,Net Banking,Returned,1
O01588,C0963,P1144,21-07-2022,1,249.46,4.85,0.15,Second Class,Net Banking,Returned,10
O01589,C1772,P1147,08-12-2022,3,1787.46,656.26,0,Second Class,Cash on Delivery,Not Returned,4
O01590,C1238,P1023,02-11-2022,4,273.09,28.32,0.15,Same Day,Debit Card,Returned,5
O01591,C0231,P1097,07-02-2024,8,2896.26,1073.06,0.15,Standard Class,UPI,Not Returned,7
O01592,C0084,P1076,15-09-2023,6,2110.74,722.74,0,First Class,UPI,Not Returned,12
O01593,C2194,P1086,06-07-2023,4,1221.89,242.96,0.3,First Class,UPI,Returned,9
O01594,C1553,P1060,21-12-2022,6,2919.46,612.61,0.2,Same Day,Debit Card,Not Returned,12
O01595,C2392,P1186,12-09-2022,10,5409.23,1638.52,0.15,Same Day,UPI,Returned,5
O01596,C2019,P1190,28-04-2024,1,397.58,18.84,0.2,First Class,UPI,Returned,10
O01597,C1615,P1011,03-04-2024,9,1873.48,269.98,0.05,Second Class,UPI,Returned,9
O04191,C0538,P1004,22-09-2022,3,366.34,-295.34,0.5,Second Class,Credit Card,Returned,5
O01599,C2125,P1034,16-12-2023,7,1390.28,226.2,0.1,Second Class,Credit Card,Returned,6
O01600,C1886,P1176,14-07-2022,7,3764.37,458.76,0.05,Standard Class,Net Banking,Not Returned,1
O05594,C0313,P1020,01-01-2022,4,1135.15,-294.56,0.3,Standard Class,UPI,Returned,3
O05725,C1701,P1056,29-07-2022,9,2027.78,-292.34,0.3,Same Day,Cash on Delivery,Returned,3
O01603,C2396,P1090,18-02-2022,5,2506.16,649.68,0.2,Standard Class,Cash on Delivery,Not Returned,1
O01604,C0608,P1095,20-11-2023,5,1244.06,119.52,0.15,Same Day,UPI,Not Returned,8
O01605,C2212,P1106,31-10-2022,5,1552.19,350.44,0.1,Second Class,Credit Card,Returned,8
O01606,C2372,P1052,17-03-2022,2,424.8,120.75,0.1,Same Day,Net Banking,Not Returned,7
O06203,C0794,P1187,16-09-2022,8,1227.46,-291.38,0.3,Standard Class,UPI,Returned,11
O01609,C0464,P1082,12-04-2024,7,3512.88,474.46,0,Standard Class,Debit Card,Returned,3
O01610,C0920,P1038,11-10-2023,9,4366.78,234.66,0.3,Standard Class,Credit Card,Returned,10
O01611,C1292,P1089,29-01-2024,2,628.42,185.68,0.05,First Class,Debit Card,Returned,12
O03694,C2142,P1099,05-06-2024,7,3239.46,-289.67,0.5,First Class,Credit Card,Returned,5
O01616,C0958,P1002,20-02-2023,5,1584.58,-289.63,0.5,Standard Class,Net Banking,Not Returned,1
O02946,C0607,P1155,13-09-2022,6,2438.9,-288.4,0.3,Same Day,Debit Card,Not Returned,8
O01615,C1040,P1086,08-10-2023,2,872.78,359.48,0,First Class,Cash on Delivery,Returned,5
O01523,C2243,P1109,04-07-2022,10,586.8,-288.04,0.5,Second Class,Debit Card,Returned,5
O00696,C1835,P1060,19-08-2022,3,912.33,-285.96,0.5,Standard Class,Credit Card,Returned,5
O01618,C0638,P1184,03-06-2024,8,167.44,62.47,0,Second Class,Credit Card,Not Returned,2
O01619,C2485,P1081,14-03-2022,6,1123.01,368.5,0,Standard Class,Net Banking,Not Returned,2
O01620,C1053,P1142,24-06-2023,6,2435.3,931.59,0.15,Standard Class,Credit Card,Returned,10
O01621,C0206,P1122,29-09-2022,6,1037.12,351.67,0.1,Second Class,UPI,Not Returned,12
O04294,C2219,P1178,10-07-2022,,3611.33,-285.29,0.3,Standard Class,Credit Card,Returned,4
O01623,C0600,P1041,05-12-2022,7,3167.58,1077.76,0.2,Same Day,Debit Card,Not Returned,7
O01624,C0969,P1156,25-04-2023,9,1419.57,207.3,0,Same Day,Net Banking,Returned,9
O01625,C0061,P1131,05-04-2024,5,1127.18,128.33,0.05,Same Day,Net Banking,Returned,4
O05920,C2168,P1025,19-04-2023,4,493.24,-285.16,0.5,First Class,Net Banking,Returned,2
O01627,C1147,P1161,29-07-2023,5,3855.45,1805.68,0,Same Day,Net Banking,Returned,5
O01628,C0024,P1160,31-08-2022,3,2187.98,860.7,0.15,First Class,Credit Card,Returned,3
O01629,C2235,P1019,13-08-2023,4,1960.17,218,0,Second Class,Credit Card,Returned,9
O01630,C0980,P1045,01-11-2022,5,477.4,147.53,0.1,Standard Class,Net Banking,Not Returned,6
O01631,C1725,P1037,08-12-2023,2,867.94,162.7,0.1,First Class,Net Banking,Returned,4
O01632,C2183,P1101,04-01-2022,9,4550.22,706.89,0.05,Second Class,Credit Card,Not Returned,11
O01633,C0025,P1017,24-04-2023,3,889.63,276.02,0.05,Standard Class,Net Banking,Not Returned,5
O01635,C2465,P1158,19-05-2022,10,2774.8,642.77,0.2,First Class,UPI,Returned,8
O01636,C1438,P1072,08-06-2024,5,1402.5,280.41,0,Same Day,Net Banking,Returned,6
O05359,C1243,P1116,17-06-2022,6,1544.97,-285.13,0.5,First Class,Credit Card,Returned,1
O01639,C2062,P1070,17-12-2023,9,3312.01,1076.86,0.05,First Class,Cash on Delivery,Returned,5
O03345,C0778,P1178,27-10-2023,9,4062.74,-284.84,0.3,Standard Class,UPI,Not Returned,7
O00097,C1100,P1029,06-03-2022,10,649.2,-284.2,0.5,Same Day,Debit Card,Returned,11
O01642,C1193,P1061,22-12-2023,3,1296.9,92.65,0.3,Standard Class,Debit Card,Not Returned,9
O01643,C0273,P1054,05-01-2022,6,2593.39,1183.15,0.05,Second Class,Credit Card,Returned,10
O01644,C0488,P1076,25-05-2023,9,2216.28,148.06,0.3,Same Day,Net Banking,Not Returned,2
O00682,C1863,P1065,28-02-2024,8,1036.67,-283.71,0.3,Second Class,Credit Card,Returned,4
O02233,C1607,P1148,03-09-2023,5,852.04,-283.7,0.3,Same Day,Net Banking,Not Returned,8
O01647,C1508,P1045,12-08-2023,5,450.88,93.59,0.15,First Class,Cash on Delivery,Not Returned,11
O01648,C1326,P1173,04-03-2024,8,4183.62,296.26,0.2,Standard Class,Cash on Delivery,Not Returned,3
O01649,C0504,P1055,21-02-2022,4,1996.45,198.59,0.15,Same Day,Net Banking,Returned,1
O01650,C0572,P1101,23-11-2022,2,904.72,33.48,0.15,Same Day,Cash on Delivery,Not Returned,6
O01008,C0994,P1165,30-07-2023,2,545.79,-283.5,0.5,Second Class,Credit Card,Not Returned,10
O01652,C0315,P1083,18-06-2023,7,1206.91,295.48,0.2,Standard Class,Debit Card,Returned,7
O01653,C0026,P1185,20-04-2022,7,3014.74,1081.37,0.1,Same Day,Debit Card,Returned,3
O01654,C1406,P1171,02-07-2023,4,104.54,,0.05,Same Day,UPI,Returned,8
O01655,C1202,P1039,16-02-2022,1,175.56,12.4,0.05,Second Class,Cash on Delivery,Not Returned,1
O01656,C2095,P1168,07-12-2022,3,655.02,257.17,0,First Class,UPI,Returned,5
O01657,C0945,P1007,20-03-2023,10,5223.7,1908.03,0,Same Day,Credit Card,Not Returned,6
O04185,C1133,P1182,02-08-2023,7,1126.16,-283.31,0.5,Same Day,Net Banking,Returned,3
O03870,C1683,P1056,12-01-2024,8,1802.47,-281.17,0.3,Standard Class,Debit Card,Not Returned,6
O05426,C2295,P1187,27-07-2023,3,328.78,-281.14,0.5,Second Class,Net Banking,Not Returned,11
O01661,C0876,P1086,27-05-2024,3,916.42,147.35,0.3,Second Class,Debit Card,Not Returned,10
O01662,C1907,P1142,16-11-2022,1,405.88,142.9,0.15,Same Day,Net Banking,Not Returned,9
O01663,C0886,P1019,10-01-2023,7,4165.36,1118.36,0.15,Same Day,Debit Card,Returned,4
O01664,C1295,P1026,12-01-2024,1,218.89,49.58,0.2,Same Day,Cash on Delivery,Not Returned,2
O01665,C1265,P1114,25-10-2023,10,1455.2,571.64,0.15,First Class,Cash on Delivery,Not Returned,12
O00590,C1350,P1173,02-10-2023,10,4575.83,-280.73,0.3,Second Class,UPI,Returned,2
O01667,C1444,P1116,07-08-2022,7,3424.68,1270.74,0.05,Standard Class,Net Banking,Returned,5
O01668,C1204,P1026,21-04-2024,3,697.71,233.2,0.15,Standard Class,Net Banking,Returned,4
O01669,C2162,P1169,14-08-2022,3,825.69,81.42,0.15,Standard Class,Credit Card,Returned,4
O01184,C1362,P1005,30-12-2023,10,910.6,-279.75,0.5,Same Day,Net Banking,Returned,7
O01086,C0325,P1065,18-03-2022,4,370.24,-278.7,0.5,Standard Class,Net Banking,Returned,6
O03540,C2246,P1056,04-01-2022,8,1802.47,-278.52,0.3,First Class,Net Banking,Returned,9
O03160,C2140,P1011,06-04-2023,4,438.24,-278.47,0.5,Second Class,Credit Card,Returned,2
O03941,C1736,P1165,04-06-2022,10,3820.53,-277.95,0.3,Second Class,Cash on Delivery,Not Returned,4
O01675,C1161,P1090,29-11-2023,3,1785.64,652.17,0.05,Standard Class,Debit Card,Returned,9
O01676,C0930,P1108,04-08-2023,9,4437.99,1885.06,0,Standard Class,Cash on Delivery,Returned,1
O01677,C0546,P1072,02-02-2023,8,2244,459.09,0,Standard Class,Net Banking,Returned,4
O01641,C1683,P1073,31-10-2022,7,1686.51,-277.57,0.5,Same Day,UPI,Returned,2
O00047,C2399,P1034,20-01-2023,5,551.7,-277.55,0.5,Standard Class,Debit Card,Not Returned,12
O01680,C0290,P1020,29-03-2023,8,3243.28,360.34,0,Second Class,UPI,Not Returned,6
O05299,C2122,P1030,11-07-2023,3,1244.1,-276.77,0.5,Standard Class,Net Banking,Not Returned,9
O01682,C2123,P1045,16-08-2022,10,742.63,60.86,0.3,First Class,Cash on Delivery,Returned,2
O01683,C1958,P1037,10-05-2023,2,867.94,197.74,0.1,Second Class,Debit Card,Returned,4
O01684,C1536,P1005,27-04-2022,7,1019.87,150.39,0.2,Standard Class,UPI,Not Returned,8
O01685,C0761,P1124,13-06-2024,10,3949.19,528.69,0.15,First Class,Debit Card,Not Returned,9
O01686,C2237,P1041,30-04-2023,5,2545.38,1039.59,0.1,Same Day,Net Banking,Not Returned,1
O01687,C1045,P1158,18-05-2022,2,589.64,156.59,0.15,Second Class,UPI,Not Returned,10
O01688,C0900,P1109,14-06-2022,8,844.99,132.8,0.1,Standard Class,Cash on Delivery,Not Returned,9
O00881,C0128,P1011,19-02-2023,10,1533.84,-276.05,0.3,Same Day,Credit Card,Returned,4
O01690,C0941,P1176,25-05-2024,3,1528.39,108.63,0.1,First Class,Cash on Delivery,Returned,10
O03315,C1229,P1098,07-04-2024,10,2562.88,-275.1,0.2,Standard Class,UPI,Returned,11
O01692,C0476,P1172,10-08-2023,2,577.51,197.37,0.1,First Class,Cash on Delivery,Returned,7
O03396,C0048,P1154,08-04-2022,10,3750.2,-274.84,0.5,Standard Class,UPI,Returned,3
O01694,C1943,P1070,21-02-2024,5,1936.85,707.14,0,Standard Class,Cash on Delivery,Not Returned,9
O00268,C0602,P1130,11-01-2022,10,4176.25,-274.64,0.5,Standard Class,Debit Card,Returned,8
O01696,C0376,P1024,30-01-2022,4,1744.96,419.32,0.05,Standard Class,Cash on Delivery,Not Returned,12
O01697,C0670,P1068,13-07-2022,3,235.08,73.25,0,Same Day,Net Banking,Not Returned,2
O01698,C1198,P1018,04-02-2024,1,655.36,189.07,0.05,Standard Class,Credit Card,Returned,3
O01699,C2025,P1136,12-07-2023,4,2346.12,973.26,0.1,Same Day,Cash on Delivery,Returned,7
O01700,C0286,P1132,17-01-2022,8,5222.95,1841.86,0.1,First Class,Debit Card,Not Returned,2
O01701,C2083,P1051,18-06-2022,5,2451.2,724.79,0.1,Same Day,Debit Card,Not Returned,5
O00564,C1612,P1152,21-11-2023,7,351.05,-274.38,0.5,Same Day,Debit Card,Returned,4
O05453,C1117,P1082,03-04-2024,9,3613.25,-273.91,0.2,Same Day,Credit Card,Not Returned,11
O01704,C0136,P1138,27-09-2022,8,678.57,135.68,0.15,First Class,UPI,Returned,12
O01705,C1654,P1056,10-01-2024,6,1738.1,198.5,0.1,First Class,Debit Card,Not Returned,8
O01707,C2105,P1163,14-12-2023,5,1422.81,521.06,0.15,Second Class,Debit Card,Returned,2
O05977,C2359,P1130,04-04-2023,10,4176.25,-273.21,0.5,Standard Class,Debit Card,Returned,10
O00147,C0003,P1057,11-08-2022,10,4305.5,-272.03,0.5,Standard Class,UPI,Returned,9
O01710,C0290,P1030,07-05-2023,2,1161.16,135.07,0.3,Standard Class,UPI,Not Returned,4
O01711,C2198,P1185,24-06-2022,7,2847.25,901.3,0,Standard Class,Cash on Delivery,Not Returned,2
O06848,C1789,P1013,19-05-2023,10,329.1,-272.03,0.5,First Class,Debit Card,Returned,6
O03336,C2101,P1119,01-11-2022,5,1248.5,-271.59,0.5,First Class,Debit Card,Not Returned,6
O01714,C1597,P1023,25-02-2022,1,80.32,7.52,0,First Class,UPI,Not Returned,3
O01715,C0659,P1059,09-04-2022,3,1030.48,66.94,0.1,Standard Class,Debit Card,Returned,5
O06565,C1379,P1118,25-08-2022,7,2889.77,-271.04,0.3,Standard Class,Cash on Delivery,Returned,8
O01718,C0690,P1091,08-04-2022,7,3890.65,410.49,0.05,Standard Class,Credit Card,Not Returned,9
O01719,C2014,P1157,14-04-2022,5,3532.2,1555.84,0.05,Standard Class,Credit Card,Returned,4
O01720,C0981,P1117,30-05-2024,10,1361.61,89.01,0.1,Same Day,Debit Card,Not Returned,10
O02120,C0057,P1039,02-03-2022,5,462,-270.28,0.5,Standard Class,Net Banking,Returned,3
O03448,C1740,P1032,23-10-2023,6,2282.16,-269.63,0.5,Standard Class,Credit Card,Not Returned,7
O05424,C2145,P1187,26-06-2022,7,1074.03,-269.53,0.3,First Class,UPI,Returned,3
O01749,C0786,P1137,18-05-2023,8,365,-269.35,0.5,Standard Class,UPI,Not Returned,5
O01725,C2219,P1105,14-01-2023,5,1073.97,334,0.15,First Class,Net Banking,Not Returned,7
O01726,C2173,P1051,27-08-2022,7,2669.08,241.5,0.3,Same Day,Credit Card,Not Returned,12
O01727,C0952,P1004,17-06-2024,4,928.07,43.08,0.05,Second Class,Debit Card,Returned,6
O01728,C1367,P1006,14-04-2023,8,235.36,39.31,0,Second Class,Debit Card,Not Returned,4
O01729,C0574,P1051,28-05-2023,5,2315.02,565.14,0.15,Standard Class,Net Banking,Returned,5
O01730,C2279,P1106,31-08-2022,10,2931.9,570.84,0.15,Standard Class,Net Banking,Returned,6
O05908,C1696,P1084,03-05-2023,5,350.42,-268.74,0.5,First Class,Cash on Delivery,Not Returned,8
O04245,C2096,P1058,10-06-2023,9,1177.7,-268.42,0.5,Second Class,Net Banking,Not Returned,7
O01733,C1793,P1026,22-07-2023,10,2325.69,,0.15,First Class,Cash on Delivery,Returned,2
O01734,C1946,P1011,12-02-2023,3,657.36,78.14,0,Same Day,Credit Card,Not Returned,11
O00768,C0168,P1094,16-02-2023,10,775.95,-268.06,0.5,Second Class,Credit Card,Not Returned,6
O01736,C0033,P1036,06-02-2024,10,6078.1,1658.2,0,Standard Class,Credit Card,Not Returned,10
O01737,C2227,P1083,23-03-2022,5,862.08,185.89,0.2,Same Day,Debit Card,Not Returned,2
O01739,C0935,P1120,25-12-2022,2,595.2,154.53,0.15,Second Class,Cash on Delivery,Not Returned,12
O01740,C1831,P1059,25-03-2022,10,3816.6,693.34,0,Same Day,Net Banking,Returned,11
O01741,C1749,P1174,16-10-2022,5,1893.72,231.31,0.2,Standard Class,UPI,Not Returned,8
O01742,C1228,P1126,15-09-2022,10,654.45,192.25,0.05,Standard Class,UPI,Returned,5
O01743,C0299,P1031,30-07-2023,3,1456.56,596.06,0,Standard Class,UPI,Returned,4
O01744,C0205,P1080,15-05-2024,5,354.87,120.43,0.05,First Class,Cash on Delivery,Not Returned,3
O01745,C2050,P1140,18-03-2022,1,440.86,59.86,0.05,Same Day,Cash on Delivery,Returned,4
O01746,C1934,P1108,28-11-2022,9,3772.29,1223.68,0.15,Same Day,UPI,Returned,3
O02929,C1258,P1134,27-02-2024,6,1755.94,-267.2,0.2,Standard Class,UPI,Not Returned,4
O01748,C1069,P1050,01-07-2023,2,54.66,12.44,0,Standard Class,Cash on Delivery,Returned,7
O03618,C0825,P1004,22-09-2023,5,854.8,-266.5,0.3,Standard Class,Debit Card,Returned,10
O01750,C1013,P1103,24-01-2023,10,2380.6,280.91,0,Second Class,UPI,Not Returned,5
O02388,C1536,P1058,01-01-2024,9,1177.7,-266.45,0.5,Second Class,UPI,Not Returned,12
O01752,C0849,P1017,19-12-2022,7,1748.04,363.28,0.2,First Class,UPI,Returned,3
O01753,C0898,P1138,08-04-2024,6,538.87,137.27,0.1,First Class,Cash on Delivery,Not Returned,7
O01754,C1771,P1127,07-08-2023,7,5581.69,2069.31,0.2,Standard Class,Cash on Delivery,Not Returned,7
O01755,C1980,P1092,16-02-2023,8,2097.43,391.93,0.1,Second Class,Net Banking,Returned,8
O01756,C1226,P1012,18-02-2024,3,1713.73,253.45,0.15,Standard Class,Net Banking,Returned,11
O01757,C0802,P1189,01-11-2023,1,305.23,123.18,0,Same Day,Cash on Delivery,Not Returned,3
O01758,C0225,P1166,09-06-2023,,2369.5,350.01,0,Same Day,Net Banking,Returned,11
O01207,C1656,P1032,16-01-2022,6,2282.16,-265.13,0.5,Same Day,UPI,Not Returned,4
O01760,C0409,P1110,20-07-2023,3,2239.47,770.14,0.05,First Class,Net Banking,Not Returned,3
O01761,C0522,P1045,13-09-2023,9,907.07,312.39,0,First Class,Net Banking,Returned,4
O05421,C0868,P1075,29-12-2023,3,1257.66,-265.05,0.5,Same Day,Credit Card,Returned,1
O01763,C1998,P1069,28-06-2023,3,1334.66,139.4,0,First Class,UPI,Not Returned,8
O01764,C0371,P1180,21-04-2023,9,4565.61,1230.75,0,Standard Class,UPI,Not Returned,2
O01765,C2173,P1127,31-12-2023,10,8970.57,3932.22,0.1,Second Class,Cash on Delivery,Returned,11
O01766,C0414,P1169,24-02-2023,5,1457.1,253.22,0.1,Standard Class,Credit Card,Returned,11
O01767,C0305,P1110,17-09-2023,9,4950.41,558.38,0.3,Standard Class,Credit Card,Not Returned,9
O03281,C0876,P1118,07-06-2022,7,2889.77,-264.99,0.3,Second Class,Net Banking,Not Returned,11
O01769,C1059,P1122,23-11-2022,7,1075.54,274,0.2,First Class,Cash on Delivery,Not Returned,12
O01770,C2195,P1182,11-07-2022,1,257.41,19.48,0.2,Same Day,Cash on Delivery,Returned,12
O01771,C0124,P1105,17-06-2023,5,1137.15,392.18,0,Standard Class,Net Banking,Not Returned,7
O01772,C1910,P1132,14-02-2024,8,5513.12,2149.29,0.05,Second Class,Net Banking,Not Returned,2
O01773,C0505,P1026,12-03-2022,4,930.27,332.12,0.15,Standard Class,Cash on Delivery,Not Returned,4
O05088,C1428,P1057,03-07-2023,9,3874.95,-264.79,0.5,First Class,Net Banking,Not Returned,1
O01775,C1956,P1068,08-07-2022,1,62.69,1.09,0.2,Standard Class,UPI,Not Returned,2
O01776,C0888,P1043,24-04-2022,8,4353.44,352.45,0.3,Standard Class,Debit Card,Not Returned,6
O01777,C0950,P1035,22-08-2023,8,1590.7,640.6,0.1,Same Day,UPI,Returned,5
O01778,C1249,P1029,02-09-2022,3,350.57,55.01,0.1,First Class,Cash on Delivery,Not Returned,6
O01779,C0062,P1092,26-11-2022,3,830.23,165.22,0.05,Standard Class,Debit Card,Returned,3
O01780,C0754,P1144,08-12-2023,10,2494.58,296.43,0.15,Second Class,Cash on Delivery,Returned,3
O01781,C1259,P1191,21-04-2023,1,213.37,42.9,0.1,Second Class,Cash on Delivery,Returned,7
O01782,C1359,P1058,29-05-2024,7,1465.58,,0.2,First Class,UPI,Returned,2
O01783,C1790,P1138,16-02-2022,,319.33,57.47,0.2,Second Class,UPI,Not Returned,2
O01784,C0320,P1031,03-09-2022,10,4855.2,2016.32,0,Same Day,UPI,Returned,1
O01013,C1025,P1072,20-07-2022,3,420.75,-264.6,0.5,Standard Class,Debit Card,Returned,11
O01786,C0455,P1092,13-01-2023,8,2330.48,644.1,0,Second Class,Credit Card,Returned,5
O01787,C2374,P1130,11-08-2022,6,3508.05,817.16,0.3,Same Day,Net Banking,Returned,5
O01788,C0317,P1180,22-01-2024,6,2587.18,367.21,0,First Class,Debit Card,Returned,11
O01789,C2492,P1026,24-03-2022,10,1915.27,461.01,0.3,Same Day,Debit Card,Returned,6
O02731,C1229,P1017,25-05-2022,6,936.45,-263.76,0.5,Second Class,Credit Card,Returned,1
O01791,C0644,P1132,27-03-2024,1,616.6,163.26,0.15,Standard Class,Net Banking,Not Returned,11
O04507,C1161,P1070,12-06-2022,5,968.42,-263.24,0.5,First Class,UPI,Returned,11
O01793,C2421,P1139,23-08-2023,8,1887.04,710.18,0,First Class,Cash on Delivery,Not Returned,7
O01794,C0837,P1157,20-10-2022,4,2528.31,950.5,0.15,Second Class,Net Banking,Not Returned,4
O03191,C1037,P1108,06-04-2022,6,1479.33,-262.72,0.5,First Class,Debit Card,Not Returned,7
O06499,C2168,P1030,17-08-2022,3,1244.1,-262.06,0.5,Same Day,Credit Card,Returned,12
O01797,C1099,P1089,24-05-2023,9,2827.91,828.89,0.05,Second Class,Cash on Delivery,Returned,1
O01798,C1459,P1064,15-11-2023,2,1628.78,707.59,0,Same Day,Net Banking,Not Returned,3
O01799,C0623,P1177,16-06-2024,7,3641.88,199.42,0.15,Second Class,Debit Card,Not Returned,6
O03143,C1147,P1131,16-03-2024,3,355.95,-261.27,0.5,First Class,Net Banking,Not Returned,6
O02656,C1301,P1055,07-02-2024,8,3288.26,-260.79,0.3,Second Class,Net Banking,Not Returned,10
O04781,C1563,P1091,04-06-2022,10,4680.48,-259.9,0.2,Second Class,UPI,Not Returned,12
O01804,C0801,P1052,28-03-2023,6,991.2,140.78,0.3,Second Class,UPI,Returned,10
O01805,C1825,P1161,12-03-2024,2,1387.96,548.73,0.1,First Class,Net Banking,Not Returned,9
O01806,C1202,P1024,20-05-2023,1,413.28,45.81,0.1,First Class,UPI,Not Returned,1
O01807,C2453,P1152,27-06-2023,4,381.14,16.62,0.05,Second Class,Credit Card,Returned,8
O04312,C1240,P1032,26-03-2024,5,1901.8,-259.87,0.5,Same Day,Credit Card,Not Returned,1
O01809,C0293,P1082,13-08-2022,7,3337.24,295.39,0.05,Same Day,Credit Card,Returned,2
O01810,C2223,P1130,25-04-2024,2,1586.98,658.99,0.05,First Class,Cash on Delivery,Not Returned,3
O05083,C2044,P1058,15-12-2022,9,1177.7,-259.79,0.5,Same Day,Cash on Delivery,Not Returned,4
O01812,C0849,P1146,09-12-2023,9,3679.66,732.72,0.05,Second Class,Net Banking,Returned,6
O06582,C0847,P1173,24-02-2023,9,4118.25,-259.46,0.3,Second Class,Cash on Delivery,Not Returned,12
O01814,C2366,P1066,14-01-2023,4,3265.8,1488.15,0.05,Standard Class,UPI,Returned,2
O01815,C0012,P1097,02-05-2023,6,2299.97,914.57,0.1,Standard Class,Cash on Delivery,Returned,4
O01816,C1257,P1067,17-10-2023,9,503.37,7.71,0.3,Standard Class,Debit Card,Returned,5
O01817,C0039,P1052,30-01-2023,4,944,360.35,0,Second Class,Cash on Delivery,Returned,5
O01818,C1115,P1172,14-11-2022,9,2021.29,468.86,0.3,Standard Class,UPI,Not Returned,9
O01819,C0897,P1190,23-04-2022,6,2534.6,340.84,0.15,Standard Class,Credit Card,Not Returned,11
O01820,C0271,P1111,24-06-2023,2,831.01,234.26,0.15,Same Day,UPI,Returned,6
O01821,C0321,P1126,29-03-2024,9,527.01,92.97,0.15,Same Day,Net Banking,Not Returned,10
O01822,C1424,P1132,13-06-2022,9,6202.26,2400.52,0.05,Standard Class,Debit Card,Returned,6
O01823,C1025,P1073,07-07-2023,4,1734.7,616.62,0.1,First Class,Credit Card,Not Returned,4
O01824,C2298,P1141,28-02-2024,4,1373.02,55.37,0.2,Second Class,UPI,Not Returned,12
O01825,C0818,P1163,10-03-2022,8,2410.42,998.08,0.1,Same Day,Cash on Delivery,Returned,1
O01826,C1536,P1132,12-06-2023,4,2901.64,1215.66,0,Same Day,Net Banking,Returned,5
O01827,C0375,P1153,10-04-2024,6,1844.76,844.75,0,First Class,Debit Card,Not Returned,2
O01828,C1217,P1017,24-04-2023,4,1248.6,425.51,0,Same Day,Credit Card,Returned,11
O01321,C0838,P1130,14-02-2022,9,3758.62,-259.27,0.5,Second Class,UPI,Returned,3
O01830,C2373,P1082,12-05-2022,9,4064.9,172.61,0.1,Standard Class,Cash on Delivery,Returned,1
O01831,C1274,P1089,19-02-2022,8,2646,894.01,0,First Class,Net Banking,Returned,11
O01832,C0720,P1058,11-05-2023,1,235.54,41.05,0.1,Same Day,UPI,Not Returned,2
O01833,C1015,P1023,21-03-2023,7,506.02,52.65,0.1,Standard Class,Cash on Delivery,Not Returned,9
O01835,C0987,P1051,02-10-2023,6,3104.85,1000.5,0.05,Standard Class,Debit Card,Returned,10
O01836,C1872,P1182,11-12-2023,1,273.5,68.79,0.15,First Class,Net Banking,Returned,2
O01837,C1770,P1074,09-04-2022,6,899.22,209.33,0,Standard Class,UPI,Returned,3
O01838,C0238,P1111,05-01-2024,7,3079.63,1119.65,0.1,Same Day,Cash on Delivery,Returned,4
O01839,C0767,P1189,01-01-2024,6,1648.24,637.48,0.1,First Class,Cash on Delivery,Not Returned,8
O01840,C0572,P1156,29-01-2023,10,1577.3,212.78,0,Same Day,Debit Card,Returned,3
O01841,C1030,P1037,22-05-2023,1,458.08,117.8,0.05,Second Class,Debit Card,Not Returned,9
O01842,C0883,P1184,30-08-2023,6,113.02,4.42,0.1,Standard Class,UPI,Returned,12
O01843,C1705,P1184,12-11-2023,3,62.79,0.73,0,First Class,UPI,Returned,9
O01844,C0357,P1062,27-05-2022,6,77.27,1.21,0.1,Standard Class,Credit Card,Returned,6
O03813,C0156,P1075,05-04-2023,3,1257.66,-258.76,0.5,Standard Class,Debit Card,Returned,10
O05156,C1941,P1058,01-12-2023,9,1177.7,-258.03,0.5,Same Day,UPI,Returned,5
O01847,C1943,P1018,25-08-2022,9,4346.06,549.16,0.3,Second Class,Cash on Delivery,Returned,10
O01848,C0998,P1108,25-12-2023,4,1972.44,796.56,0,Same Day,Net Banking,Returned,9
O04968,C0688,P1061,14-12-2022,3,926.36,-257.84,0,Second Class,Net Banking,Not Returned,11
O04224,C2108,P1011,03-02-2024,10,1533.84,-257.25,0.3,Standard Class,Net Banking,Returned,9
O01851,C2119,P1001,30-01-2024,9,1610.14,271.95,0.05,Same Day,Cash on Delivery,Not Returned,3
O00234,C0893,P1064,05-04-2022,7,2850.36,-257.17,0.5,First Class,Cash on Delivery,Not Returned,10
O01853,C1375,P1018,14-03-2023,2,1172.75,298.38,0.15,Second Class,Cash on Delivery,Returned,7
O01854,C0360,P1037,12-11-2023,4,1639.45,285.3,0.15,Second Class,Net Banking,Not Returned,3
O01855,C0791,P1065,19-03-2023,10,1758.64,138.56,0.05,Second Class,Net Banking,Not Returned,2
O02962,C1598,P1178,03-08-2022,8,3611.33,-256.4,0,Same Day,UPI,Returned,8
O01857,C1878,P1170,03-08-2023,10,4954.92,916.34,0.05,Same Day,Credit Card,Not Returned,6
O01859,C0954,P1173,22-04-2022,5,3268.45,809.76,0,Second Class,Cash on Delivery,Returned,3
O06413,C0126,P1154,12-02-2022,10,3750.2,-256.03,0.5,First Class,UPI,Returned,8
O03190,C1739,P1072,21-06-2023,10,1963.5,-255.86,0.3,Second Class,UPI,Not Returned,2
O01862,C1785,P1072,20-02-2022,8,2019.6,247.1,0.1,Standard Class,UPI,Returned,12
O00801,C2358,P1002,30-12-2023,4,1267.66,-255.47,0.5,Standard Class,Debit Card,Not Returned,10
O01864,C0072,P1024,05-07-2022,10,4132.8,906.18,0.1,Standard Class,Cash on Delivery,Returned,7
O01866,C1291,P1189,08-04-2023,5,1068.3,207.98,0.3,Standard Class,Debit Card,Not Returned,12
O03679,C2168,P1082,01-02-2024,3,1053.86,-255.42,0.3,First Class,Cash on Delivery,Returned,12
O01868,C1449,P1189,18-03-2024,7,1709.29,516.91,0.2,First Class,Debit Card,Returned,5
O01869,C2351,P1107,17-07-2023,7,4685.43,1307.49,0.3,Second Class,Debit Card,Returned,5
O01870,C2274,P1002,09-11-2023,9,3993.13,611.77,0.3,Second Class,Net Banking,Not Returned,4
O01871,C1656,P1075,15-06-2023,7,4988.72,1463.04,0.15,Same Day,Debit Card,Not Returned,1
O02957,C1174,P1098,02-09-2022,9,2306.59,-255.3,0.2,Same Day,Credit Card,Returned,4
O06617,C0131,P1072,20-02-2024,10,1963.5,-254.78,0.3,Second Class,Debit Card,Returned,10
O01874,C2296,P1147,03-10-2022,1,476.66,90.59,0.2,Second Class,Debit Card,Returned,10
O01875,C0972,P1124,24-04-2023,4,1486.75,123.17,0.2,First Class,Debit Card,Not Returned,11
O01021,C1058,P1072,07-06-2023,3,420.75,-254.07,0.5,Standard Class,Credit Card,Not Returned,4
O01877,C2006,P1159,24-01-2022,1,149.45,14.06,0.1,Second Class,UPI,Returned,8
O01878,C0976,P1064,05-12-2023,10,7329.51,2884.08,0.1,First Class,Credit Card,Returned,12
O01879,C1054,P1189,04-11-2023,2,610.46,271.42,0,First Class,Credit Card,Not Returned,5
O01880,C1557,P1127,23-11-2023,3,2392.15,869.89,0.2,Standard Class,Cash on Delivery,Not Returned,8
O01873,C1883,P1020,06-06-2024,7,2270.3,-252.45,0.2,First Class,UPI,Not Returned,12
O01882,C2063,P1040,04-05-2023,4,1371.56,222.06,0.1,Second Class,Net Banking,Returned,7
O01883,C0622,P1041,15-05-2024,3,1442.38,539.64,0.15,Standard Class,Credit Card,Returned,11
O05699,C1828,P1033,08-10-2022,8,772.69,-252.13,0.3,First Class,Credit Card,Returned,2
O00109,C2104,P1095,19-09-2023,3,439.08,-251.84,0.5,Same Day,Cash on Delivery,Not Returned,4
O02920,C1949,P1044,07-06-2022,10,311.6,-251.71,0.5,First Class,Credit Card,Not Returned,1
O01887,C1530,P1138,04-12-2022,5,449.06,130.35,0.1,Second Class,Net Banking,Not Returned,4
O01888,C1784,P1109,09-08-2022,2,222.98,3.43,0.05,Standard Class,Debit Card,Not Returned,2
O06877,C1637,P1118,24-05-2022,6,2476.95,-248.74,0.3,Same Day,Debit Card,Returned,11
O01890,C0804,P1029,16-05-2022,4,519.36,143,0,Standard Class,UPI,Not Returned,5
O01891,C2246,P1077,06-10-2023,10,902.3,170.72,0,First Class,Credit Card,Not Returned,10
O01892,C2034,P1169,28-03-2022,6,1845.66,386.17,0.05,Same Day,Net Banking,Returned,11
O01893,C2230,P1114,31-05-2022,2,308.16,128.17,0.1,Second Class,Net Banking,Not Returned,2
O01894,C0601,P1179,06-06-2023,8,715.31,166.77,0.05,Standard Class,Cash on Delivery,Not Returned,4
O01895,C1717,P1167,31-08-2023,10,7781.07,3395.42,0.05,Same Day,Credit Card,Not Returned,7
O01896,C1856,P1101,03-01-2023,,4257.52,810.86,0,First Class,Debit Card,Returned,6
O01897,C0580,P1001,22-11-2022,4,753.28,157.8,0,Same Day,Cash on Delivery,Returned,9
O04360,C1327,P1055,12-03-2022,8,3288.26,-248,0.3,Standard Class,Debit Card,Not Returned,10
O01900,C1201,P1047,04-07-2023,6,320.6,40.68,0.1,Standard Class,UPI,Returned,4
O01901,C2172,P1105,26-06-2022,9,1592.01,321.51,0.3,First Class,Net Banking,Returned,2
O01902,C1371,P1127,03-01-2022,9,8073.51,3568.16,0.1,Second Class,Credit Card,Returned,9
O01903,C1267,P1046,10-02-2024,4,1649.76,19.38,0.3,Second Class,Net Banking,Returned,4
O01904,C1810,P1179,28-11-2023,9,677.66,74.13,0.2,Same Day,Cash on Delivery,Returned,8
O01905,C1515,P1154,26-10-2023,9,5400.29,1762.6,0.2,Second Class,UPI,Not Returned,12
O06451,C1750,P1058,19-01-2022,9,1177.7,-247.87,0.5,Same Day,Net Banking,Returned,9
O01907,C0984,P1021,26-06-2023,3,471.76,81.1,0.05,Standard Class,Cash on Delivery,Not Returned,11
O01908,C2382,P1093,08-01-2023,5,2574.76,396.98,0.1,Same Day,UPI,Returned,8
O01909,C1310,P1112,26-03-2023,7,367.71,93.12,0.15,Same Day,Credit Card,Not Returned,4
O01910,C1954,P1057,18-05-2022,10,7749.9,3154.96,0.1,Second Class,UPI,Not Returned,6
O01911,C2255,P1025,20-07-2022,8,1874.31,317.55,0.05,Standard Class,Credit Card,Returned,4
O01912,C0949,P1032,12-03-2022,5,2662.52,525.38,0.3,Same Day,Credit Card,Returned,1
O01913,C1596,P1164,04-04-2024,5,2649.08,623.61,0.3,Standard Class,Debit Card,Returned,5
O01914,C1444,P1170,11-02-2023,9,4459.42,851.87,0.05,First Class,Net Banking,Returned,5
O01915,C1394,P1052,02-08-2023,7,1486.8,479.65,0.1,Same Day,Cash on Delivery,Returned,1
O01916,C0426,P1070,14-05-2023,1,348.63,76.38,0.1,Standard Class,Debit Card,Returned,12
O01152,C0490,P1103,25-09-2022,5,833.21,-247.34,0.3,First Class,UPI,Not Returned,10
O01918,C0436,P1123,21-02-2022,2,369.76,69.99,0,Same Day,Credit Card,Returned,9
O01919,C0532,P1144,16-06-2023,3,792.4,113.16,0.1,Same Day,UPI,Not Returned,6
O01920,C0842,P1123,20-03-2024,8,1183.23,134.97,0.2,First Class,Cash on Delivery,Not Returned,10
O01921,C0750,P1034,08-06-2024,10,2206.8,541.89,0,Same Day,Debit Card,Not Returned,6
O00135,C1984,P1191,21-05-2023,,592.7,-246.38,0.5,First Class,Debit Card,Not Returned,2
O01923,C1464,P1122,07-04-2022,6,979.51,275.2,0.15,First Class,Debit Card,Not Returned,3
O01924,C0224,P1093,09-11-2022,7,4005.19,955.82,0,Standard Class,Cash on Delivery,Returned,9
O05355,C0674,P1082,23-01-2024,7,2810.3,-245.62,0.2,Second Class,Net Banking,Not Returned,9
O05508,C1892,P1102,07-07-2023,10,2243.22,-245.29,0.3,Same Day,Credit Card,Not Returned,6
O01927,C1082,P1123,24-06-2023,2,314.3,27.75,0.15,Standard Class,Credit Card,Not Returned,11
O04639,C0299,P1116,25-11-2023,5,1287.47,-245.09,0.5,Standard Class,Net Banking,Not Returned,9
O02639,C0160,P1093,27-04-2023,7,2803.63,-244.69,0.3,Same Day,Net Banking,Returned,2
O01482,C0870,P1154,16-02-2022,9,3375.18,-244.23,0.5,Same Day,Credit Card,Returned,8
O05608,C0396,P1156,18-12-2023,10,1104.11,-242.79,0.3,First Class,Cash on Delivery,Returned,2
O01932,C0498,P1087,11-01-2024,5,2578.8,508.33,0,Second Class,UPI,Returned,1
O01933,C1271,P1132,09-11-2023,8,4642.62,1271.3,0.2,Same Day,Debit Card,Not Returned,10
O01934,C0600,P1015,12-10-2022,9,5449.48,1788.97,0.15,Second Class,UPI,Not Returned,8
O01935,C2391,P1151,18-02-2024,4,2449.73,739.64,0.1,Second Class,Credit Card,Not Returned,4
O01936,C1498,P1174,11-12-2023,7,2816.91,540.3,0.15,Standard Class,Credit Card,Not Returned,3
O01937,C1092,P1041,21-05-2024,3,1187.84,285.81,0.3,Second Class,UPI,Not Returned,11
O01938,C1208,P1005,21-03-2023,4,692.06,185.53,0.05,First Class,Debit Card,Not Returned,3
O03283,C0949,P1131,20-03-2024,3,355.95,-242.44,0.5,Standard Class,Net Banking,Returned,6
O01940,C2085,P1030,26-12-2022,10,7464.6,2491.14,0.1,Same Day,UPI,Not Returned,7
O01941,C1660,P1053,13-08-2023,5,482.15,126.28,0,Standard Class,Credit Card,Not Returned,1
O01942,C2472,P1173,18-05-2022,6,3529.93,584.86,0.1,Standard Class,Cash on Delivery,Returned,7
O01906,C2430,P1059,01-05-2023,2,381.66,-242.41,0.5,First Class,UPI,Not Returned,2
O01944,C1536,P1191,30-12-2023,3,675.68,164.42,0.05,Second Class,Credit Card,Not Returned,4
O01945,C2199,P1140,06-08-2023,4,1484.99,16.2,0.2,Second Class,Cash on Delivery,Returned,10
O03134,C1644,P1003,04-10-2023,9,3793.54,-242.19,0.2,Standard Class,Net Banking,Not Returned,10
O01947,C0708,P1184,04-11-2022,7,139.18,49.3,0.05,Second Class,Net Banking,Not Returned,2
O01948,C2170,P1060,19-09-2023,9,4652.88,1175.58,0.15,First Class,Credit Card,Not Returned,4
O01949,C1370,P1042,28-09-2023,9,2281.91,408.25,0.05,Second Class,Debit Card,Returned,10
O01950,C1734,P1130,23-05-2024,6,4760.92,2062.37,0.05,First Class,Cash on Delivery,Not Returned,8
O01951,C1770,P1089,06-04-2024,1,314.21,66.04,0.05,First Class,Cash on Delivery,Returned,8
O01952,C0993,P1014,14-04-2023,7,4402.88,1418.97,0.1,First Class,Debit Card,Returned,9
O01953,C0595,P1075,09-10-2022,9,6414.07,1920.94,0.15,Same Day,Cash on Delivery,Not Returned,7
O01954,C0881,P1135,17-08-2023,8,3596.74,,0.2,Standard Class,Net Banking,Returned,2
O01955,C1618,P1118,26-03-2022,5,2359,102.99,0.2,Same Day,UPI,Not Returned,7
O01956,C0668,P1035,19-03-2023,8,883.72,,0.5,Same Day,UPI,Returned,7
O01957,C0973,P1153,31-07-2023,8,1721.78,415.22,0.3,First Class,Cash on Delivery,Not Returned,10
O01958,C0872,P1141,12-10-2022,9,3475.47,582.61,0.1,Same Day,Cash on Delivery,Returned,8
O01959,C0905,P1069,24-04-2024,6,2528.82,210.21,0.1,Same Day,UPI,Not Returned,12
O01960,C2326,P1175,06-12-2022,9,5592.02,1162.63,0.2,First Class,UPI,Returned,9
O00207,C0133,P1146,27-04-2022,2,430.37,-241.67,0.5,Standard Class,UPI,Not Returned,12
O01872,C1541,P1148,12-06-2022,9,1752.77,-241.44,0.2,Second Class,Debit Card,Not Returned,4
O03914,C1261,P1055,30-12-2022,7,2877.23,-241.29,0.3,Same Day,Net Banking,Not Returned,7
O00963,C1877,P1027,21-02-2022,4,1079.72,-241.13,0.5,Standard Class,Debit Card,Returned,5
O02928,C1879,P1057,19-02-2022,8,3444.4,-241,0.5,Standard Class,Debit Card,Not Returned,2
O01966,C2461,P1079,22-09-2022,5,757.01,109.91,0.05,Second Class,Credit Card,Returned,9
O01967,C1117,P1129,20-07-2022,2,380.09,51.85,0.3,Standard Class,Net Banking,Returned,2
O02298,C1379,P1077,15-03-2023,8,360.92,-240.82,0.5,Same Day,Net Banking,Not Returned,5
O00511,C1977,P1175,21-01-2023,2,776.67,-238.88,0.5,First Class,Credit Card,Not Returned,10
O01970,C1680,P1018,21-10-2022,6,3311.28,795.55,0.2,Second Class,Cash on Delivery,Not Returned,4
O06937,C1043,P1164,18-05-2023,8,3027.52,-238.77,0.5,Standard Class,Cash on Delivery,Returned,7
O05232,C1820,P1090,27-07-2022,4,1253.08,-238.56,0.5,Standard Class,Credit Card,Returned,12
O01973,C0804,P1161,01-04-2022,8,5551.85,2279.62,0.1,Second Class,UPI,Returned,1
O01974,C1945,P1048,27-01-2024,1,628.09,86.69,0.2,Second Class,Credit Card,Not Returned,12
O05668,C1940,P1130,29-04-2024,9,3758.62,-237.79,0.5,Standard Class,Cash on Delivery,Returned,10
O01976,C0757,P1157,19-11-2023,7,5205.34,2426.11,0,Standard Class,UPI,Returned,12
O00402,C0713,P1143,14-11-2022,3,1054.87,-236.59,0.3,Standard Class,Credit Card,Returned,7
O01978,C1678,P1056,22-11-2022,9,2896.83,563.49,0,Same Day,Net Banking,Returned,5
O01979,C0512,P1162,06-04-2022,5,165.96,30.02,0.15,Standard Class,Debit Card,Not Returned,12
O01980,C0455,P1051,29-10-2023,10,4630.04,1166.64,0.15,Standard Class,Debit Card,Returned,6
O01981,C2486,P1143,24-08-2023,7,3164.62,143.48,0.1,Second Class,Credit Card,Returned,1
O01982,C0605,P1136,24-05-2023,3,1564.08,522.2,0,Same Day,Credit Card,Not Returned,3
O01983,C2461,P1029,30-12-2022,3,389.52,102.91,0,First Class,Net Banking,Not Returned,8
O01984,C0901,P1081,08-05-2024,4,889.05,370.5,0.05,First Class,Net Banking,Not Returned,5
O01985,C0170,P1190,13-09-2023,3,1490.94,389.44,0,Second Class,Credit Card,Not Returned,11
O03592,C1708,P1093,16-02-2022,6,2403.11,-235.99,0.3,Same Day,Debit Card,Returned,10
O01987,C1051,P1025,28-07-2022,,1233.1,261.98,0,First Class,Cash on Delivery,Not Returned,4
O01988,C1303,P1114,02-07-2023,5,727.6,252.14,0.15,First Class,Credit Card,Returned,8
O01989,C2262,P1127,16-06-2024,9,7176.46,2663.55,0.2,Standard Class,Credit Card,Not Returned,6
O01792,C1240,P1146,25-01-2022,9,2711.33,-235.11,0.3,Second Class,Credit Card,Returned,4
O03420,C0778,P1150,22-05-2024,2,720.63,-234.97,0.5,Standard Class,UPI,Not Returned,7
O01992,C1427,P1008,22-12-2023,7,1279.53,436.73,0.05,First Class,Cash on Delivery,Not Returned,12
O00629,C1651,P1165,25-04-2024,8,3056.42,-234.52,0.3,Standard Class,UPI,Not Returned,6
O01994,C1422,P1082,16-02-2023,2,1003.68,122.93,0,First Class,Credit Card,Returned,2
O01995,C0002,P1016,02-03-2022,6,3071.73,1428.48,0.05,Standard Class,UPI,Not Returned,6
O01996,C0779,P1189,26-02-2024,10,2441.84,785,0.2,Second Class,Debit Card,Not Returned,5
O01533,C0637,P1078,29-05-2024,7,1001.8,-234.24,0.5,Standard Class,Debit Card,Not Returned,2
O06493,C1308,P1143,19-03-2024,10,4018.56,-233.32,0.2,Second Class,UPI,Returned,7
O03691,C0777,P1044,28-07-2023,9,280.44,-233.04,0.5,Second Class,Credit Card,Returned,8
O02000,C0696,P1055,09-05-2022,3,1497.33,137.73,0.15,Same Day,Credit Card,Not Returned,10
O05924,C1322,P1007,31-10-2023,3,783.56,-232.08,0.5,Second Class,Net Banking,Not Returned,1
O02002,C0674,P1079,29-03-2024,10,1514.02,275.16,0.05,Second Class,Credit Card,Not Returned,1
O02003,C0549,P1006,17-02-2022,4,111.8,8.24,0.05,First Class,Cash on Delivery,Not Returned,12
O02004,C0229,P1029,24-07-2023,3,350.57,39.13,0.1,First Class,Credit Card,Returned,6
O02458,C1912,P1098,06-10-2022,4,897.01,-231.99,0.3,Second Class,Debit Card,Returned,4
O02008,C1589,P1158,03-02-2023,5,1647.54,595.35,0.05,Same Day,Cash on Delivery,Not Returned,12
O02009,C1132,P1081,21-09-2023,7,1473.95,594.54,0.1,Standard Class,Net Banking,Returned,3
O02010,C2297,P1151,11-04-2022,,6804.8,2570.49,0,First Class,Net Banking,Not Returned,11
O06051,C1652,P1070,18-12-2022,4,774.74,-231.57,0.5,Standard Class,Net Banking,Returned,8
O02013,C2098,P1105,29-07-2023,4,909.72,325.1,0.1,Same Day,Credit Card,Returned,10
O02014,C1596,P1014,05-11-2023,6,2935.25,368.68,0.3,Same Day,Cash on Delivery,Not Returned,6
O01617,C0119,P1170,13-01-2022,6,2190.59,-231.06,0.3,Second Class,Debit Card,Not Returned,1
O02016,C1544,P1125,24-04-2022,9,2637.27,1113.69,0,First Class,Net Banking,Not Returned,11
O02018,C0175,P1010,12-08-2023,5,2798.84,754.94,0.2,Standard Class,Net Banking,Not Returned,6
O02019,C1746,P1043,31-05-2023,6,3731.52,705.5,0.2,First Class,UPI,Returned,12
O02020,C1203,P1124,10-06-2022,5,1858.44,140.43,0.2,Standard Class,Cash on Delivery,Not Returned,7
O02021,C1248,P1183,20-09-2023,5,1054.3,365.17,0.1,Same Day,Debit Card,Returned,10
O02022,C0510,P1151,14-03-2023,7,4048.86,1087.39,0.15,Second Class,Debit Card,Returned,1
O02023,C0082,P1161,07-05-2024,2,1310.85,456,0.15,Second Class,Credit Card,Not Returned,3
O02024,C1219,P1099,09-07-2023,3,2221.34,704.76,0.2,Same Day,Net Banking,Not Returned,9
O02025,C0838,P1154,24-02-2024,1,600.03,166.65,0.2,Standard Class,Debit Card,Returned,4
O02026,C2364,P1039,15-03-2022,4,665.28,76.21,0.1,First Class,Cash on Delivery,Not Returned,7
O02027,C1055,P1114,01-12-2022,8,1369.6,625.7,0,Second Class,Net Banking,Returned,10
O02028,C2441,P1155,05-02-2024,7,3455.11,258.31,0.15,Standard Class,Debit Card,Returned,7
O02029,C0365,P1018,20-04-2022,5,2759.4,646.55,0.2,Same Day,Net Banking,Returned,9
O02030,C2300,P1005,29-03-2022,6,764.9,55.2,0.3,Second Class,Cash on Delivery,Returned,1
O04098,C0905,P1187,20-07-2022,6,920.6,-231.03,0.3,Same Day,Credit Card,Not Returned,8
O02033,C0066,P1032,13-04-2022,10,5325.04,1064.41,0.3,Second Class,Cash on Delivery,Not Returned,5
O02863,C0748,P1173,03-03-2024,7,3203.08,-230.07,0.3,First Class,Cash on Delivery,Not Returned,12
O05384,C0948,P1034,09-02-2023,4,441.36,-229.71,0.5,First Class,Debit Card,Not Returned,9
O02036,C1382,P1019,27-09-2022,6,3780.32,1149.24,0.1,Same Day,Cash on Delivery,Not Returned,11
O02037,C1465,P1155,25-02-2023,,4645.52,1021.63,0,First Class,Cash on Delivery,Returned,8
O02038,C1276,P1157,04-06-2024,7,3643.74,882.08,0.3,Standard Class,UPI,Returned,2
O02039,C1090,P1179,11-04-2023,6,395.3,0.23,0.3,Standard Class,Debit Card,Not Returned,3
O02040,C1838,P1160,25-04-2023,3,2316.68,968.28,0.1,First Class,Net Banking,Not Returned,2
O02041,C2284,P1153,27-10-2023,7,1721.78,574.63,0.2,Second Class,Cash on Delivery,Not Returned,6
O01829,C0320,P1086,23-07-2023,8,1745.56,-229.61,0.5,Same Day,Net Banking,Returned,2
O02043,C2017,P1017,15-02-2022,2,437.01,22.65,0.3,Standard Class,Credit Card,Not Returned,3
O02044,C0721,P1149,02-11-2023,4,337.48,111.63,0.05,Same Day,UPI,Not Returned,7
O06939,C0328,P1158,22-03-2022,6,1040.55,-228.92,0.5,Standard Class,Net Banking,Not Returned,10
O00472,C0725,P1004,13-01-2023,4,683.84,-228.72,0,Standard Class,Debit Card,Returned,2
O02047,C2312,P1088,24-04-2024,8,684.48,,0,Standard Class,UPI,Returned,8
O04737,C1799,P1093,03-09-2022,6,2403.11,-227.95,0.3,Second Class,Net Banking,Not Returned,9
O03599,C0912,P1040,16-06-2024,2,380.99,-227.38,0.5,Same Day,UPI,Not Returned,3
O05395,C1724,P1005,19-02-2024,7,637.42,-226.99,0.5,Same Day,UPI,Not Returned,1
O02051,C0097,P1178,17-05-2022,8,5159.04,1280.47,0,Second Class,Debit Card,Returned,4
O02052,C2381,P1104,14-07-2022,10,3888.1,1922.75,0,First Class,Cash on Delivery,Returned,7
O02229,C1798,P1178,23-07-2022,6,2708.5,-225.51,0.3,First Class,Credit Card,Not Returned,6
O00547,C2229,P1085,28-03-2024,2,755.97,-225.36,0.5,First Class,Credit Card,Not Returned,4
O02055,C1289,P1120,20-05-2024,1,280.1,51.85,0.2,Same Day,Cash on Delivery,Not Returned,12
O02056,C1408,P1189,03-06-2024,2,579.94,207.41,0.05,Second Class,Credit Card,Returned,3
O02057,C1566,P1048,20-06-2022,2,1413.2,383.8,0.1,Same Day,Cash on Delivery,Returned,6
O06426,C0144,P1101,03-01-2022,4,1490.13,-225.2,0.3,First Class,Cash on Delivery,Returned,6
O02199,C1391,P1102,15-07-2023,2,320.46,-225.07,0.5,Same Day,Debit Card,Returned,8
O02060,C0762,P1031,19-01-2022,8,3689.95,1398.67,0.05,Standard Class,Cash on Delivery,Returned,8
O06577,C1693,P1175,13-04-2022,2,776.67,-224.78,0.5,Same Day,Credit Card,Returned,12
O02062,C1080,P1106,19-06-2023,1,344.93,95.23,0,Standard Class,UPI,Returned,8
O02064,C1341,P1000,09-11-2023,10,3629.3,346.49,0,Same Day,Net Banking,Returned,12
O02065,C0473,P1045,08-03-2023,10,954.81,312.39,0.1,Standard Class,Net Banking,Returned,1
O02066,C1805,P1151,13-06-2023,5,2721.92,598.61,0.2,Second Class,UPI,Returned,11
O02067,C0096,P1132,02-11-2023,3,1849.8,551.16,0.15,Standard Class,Cash on Delivery,Returned,7
O02068,C0124,P1083,03-12-2023,1,193.97,30.04,0.1,First Class,Cash on Delivery,Returned,10
O04470,C0499,P1040,05-06-2022,10,2666.93,-221.82,0.3,Second Class,Credit Card,Not Returned,6
O02070,C1946,P1158,27-07-2023,2,485.59,23.5,0.3,Same Day,Net Banking,Returned,8
O02071,C0937,P1075,07-12-2022,5,3982.59,1484.19,0.05,Second Class,Debit Card,Returned,7
O02072,C1937,P1101,10-03-2023,1,505.58,66.88,0.05,Same Day,Debit Card,Not Returned,9
O02073,C2401,P1147,10-09-2023,1,566.03,148.91,0.05,First Class,Credit Card,Returned,1
O02074,C0314,P1162,02-04-2024,7,246.02,65.78,0.1,Same Day,Cash on Delivery,Returned,12
O02075,C0883,P1012,16-06-2022,6,4032.3,1151.95,0,Second Class,Cash on Delivery,Returned,4
O02364,C0680,P1079,25-10-2022,5,398.42,-221.61,0.5,First Class,Cash on Delivery,Not Returned,11
O02077,C0530,P1096,13-05-2023,8,1738.62,670.67,0.15,Standard Class,Cash on Delivery,Not Returned,2
O02078,C2468,P1116,17-12-2023,3,1390.47,439.81,0.1,Second Class,Cash on Delivery,Not Returned,4
O02079,C1326,P1021,23-09-2022,4,562.8,53.79,0.15,Same Day,Net Banking,Returned,1
O02080,C0076,P1092,29-11-2022,7,1835.25,369.19,0.1,Same Day,Credit Card,Returned,11
O01541,C1551,P1143,06-08-2022,9,3616.7,-221.4,0.2,Same Day,Debit Card,Not Returned,5
O02082,C1343,P1031,06-11-2022,6,2913.12,1175.58,0,Same Day,Credit Card,Returned,9
O06058,C0022,P1009,19-06-2022,4,1438.91,-220.96,0.2,Same Day,Credit Card,Not Returned,12
O06068,C1656,P1087,03-06-2022,4,1444.13,-220.28,0.3,Same Day,UPI,Not Returned,12
O02085,C1371,P1076,03-06-2022,6,1794.13,425.75,0.15,Second Class,Debit Card,Not Returned,5
O04389,C0319,P1187,22-05-2022,6,920.6,-219.56,0.3,First Class,UPI,Not Returned,5
O02087,C1289,P1132,04-09-2023,7,3554.51,593.17,0.3,Standard Class,Credit Card,Returned,7
O02088,C1485,P1109,25-02-2024,9,897.8,118.63,0.15,First Class,Net Banking,Returned,11
O02089,C1482,P1010,25-04-2024,4,2239.07,589.24,0.2,Same Day,UPI,Returned,1
O05841,C2456,P1137,04-06-2022,6,273.75,-218.91,0.5,Second Class,Net Banking,Returned,11
O02091,C1729,P1057,02-12-2023,4,3272.18,1427.99,0.05,Second Class,Debit Card,Not Returned,7
O03867,C2028,P1098,11-03-2022,9,2306.59,-218.77,0.2,First Class,Net Banking,Not Returned,5
O02093,C1603,P1026,15-07-2022,10,2462.49,1019.84,0.1,First Class,UPI,Returned,9
O02094,C1947,P1043,04-05-2024,6,4431.18,1411.73,0.05,First Class,Debit Card,Not Returned,6
O02095,C2068,P1082,16-08-2023,,2007.36,272.24,0,Second Class,Debit Card,Not Returned,5
O02096,C1886,P1130,28-11-2022,3,2004.6,638.64,0.2,Second Class,Debit Card,Not Returned,1
O02097,C0412,P1097,11-03-2023,8,2725.89,865.17,0.2,Second Class,UPI,Returned,12
O02098,C2224,P1124,13-09-2022,10,4413.8,1009.9,0.05,First Class,Cash on Delivery,Not Returned,7
O02715,C0065,P1102,15-09-2023,9,2018.9,-218.57,0.3,Same Day,UPI,Returned,2
O02100,C0103,P1018,04-04-2024,2,1241.73,367.85,0.1,Standard Class,Net Banking,Not Returned,5
O02101,C2186,P1005,29-08-2022,,910.6,300.73,0,Standard Class,UPI,Not Returned,2
O02102,C1226,P1129,16-11-2022,1,257.92,89.25,0.05,Second Class,UPI,Returned,12
O02103,C1784,P1167,06-10-2022,8,5897.23,2379.96,0.1,Standard Class,UPI,Not Returned,7
O05150,C1269,P1141,13-10-2022,9,2703.14,-218.46,0.3,Standard Class,Credit Card,Returned,11
O02106,C0258,P1110,26-05-2022,6,3771.74,815.86,0.2,Standard Class,Net Banking,Returned,2
O02107,C1337,P1183,01-09-2023,5,1054.3,355.21,0.1,First Class,Cash on Delivery,Returned,10
O02108,C0883,P1174,15-02-2022,8,3787.44,1183.5,0,Same Day,Credit Card,Returned,10
O02109,C1094,P1153,14-05-2022,3,830.14,338.68,0.1,First Class,Credit Card,Returned,4
O02110,C0532,P1017,04-01-2022,3,749.16,137.47,0.2,First Class,Cash on Delivery,Returned,10
O04621,C0855,P1141,06-03-2024,,3003.49,-218.05,0.3,First Class,Debit Card,Returned,2
O02112,C1923,P1168,20-01-2022,5,873.36,265.99,0.2,Standard Class,Debit Card,Returned,5
O04841,C1000,P1004,14-10-2022,9,1758.46,-217.72,0.2,Second Class,Debit Card,Not Returned,5
O04274,C1685,P1118,13-08-2022,6,2476.95,-217.5,0.3,Same Day,UPI,Not Returned,3
O02115,C0128,P1050,22-07-2022,5,129.82,18.08,0.05,Same Day,Credit Card,Not Returned,6
O02116,C0460,P1123,20-02-2023,8,1479.04,443.17,0,Standard Class,Credit Card,Returned,4
O02117,C1579,P1149,19-10-2023,5,355.24,86.76,0.2,Standard Class,UPI,Returned,10
O02118,C1525,P1042,06-03-2023,5,1334.45,273.84,0,Second Class,Net Banking,Not Returned,12
O02119,C2158,P1130,01-09-2023,3,2380.46,1034.13,0.05,Standard Class,Cash on Delivery,Returned,12
O06996,C1829,P1013,01-02-2022,8,263.28,-217.43,0.5,Second Class,Cash on Delivery,Returned,4
O02121,C1735,P1157,22-09-2022,7,4684.81,1892.98,0.1,Standard Class,UPI,Returned,9
O02122,C1956,P1078,27-03-2024,5,1359.59,434.96,0.05,First Class,Net Banking,Not Returned,3
O02123,C1501,P1086,06-09-2022,3,1047.34,293.27,0.2,Same Day,Net Banking,Not Returned,8
O02125,C0852,P1059,27-07-2022,6,2289.96,432.64,0,Standard Class,Net Banking,Not Returned,8
O02126,C0524,P1184,23-10-2023,7,146.51,26.79,0,First Class,Debit Card,Not Returned,11
O02127,C1976,P1164,30-06-2022,1,529.82,80.27,0.3,Standard Class,Net Banking,Not Returned,6
O02128,C1137,P1071,21-07-2022,5,1054.8,340.29,0.2,First Class,Debit Card,Returned,12
O05937,C2270,P1013,19-11-2023,8,263.28,-217.32,0.5,Second Class,Credit Card,Not Returned,7
O02130,C1047,P1088,08-05-2023,2,162.56,31.48,0.05,Second Class,UPI,Returned,4
O02131,C0855,P1139,03-07-2022,7,1486.04,472.32,0.1,First Class,Credit Card,Not Returned,3
O02132,C1923,P1084,15-02-2022,1,133.16,2.82,0.05,Second Class,Debit Card,Returned,1
O02133,C0845,P1138,01-01-2023,8,558.82,50.18,0.3,First Class,UPI,Not Returned,3
O00139,C2428,P1042,11-06-2023,9,1681.41,-217.11,0.3,Second Class,Cash on Delivery,Not Returned,6
O02135,C2317,P1182,31-03-2024,3,868.75,257.03,0.1,Standard Class,Credit Card,Not Returned,1
O02136,C1240,P1076,17-01-2024,6,1477.52,91.07,0.3,Standard Class,Cash on Delivery,Not Returned,2
O02081,C1942,P1029,22-08-2022,8,519.36,-216.84,0.5,Same Day,Debit Card,Not Returned,5
O03275,C0217,P1058,14-09-2023,8,1046.84,-215.89,0.5,Same Day,Cash on Delivery,Not Returned,9
O02139,C0088,P1089,10-01-2022,7,2199.49,,0.05,Standard Class,Debit Card,Returned,1
O03059,C2386,P1157,03-04-2023,9,3346.29,-215.78,0.5,Second Class,Cash on Delivery,Returned,9
O06214,C1960,P1134,18-05-2022,10,3109.47,-213.7,0.15,Same Day,Cash on Delivery,Returned,12
O02217,C1607,P1130,07-10-2023,7,2923.38,-212.92,0.5,First Class,Debit Card,Returned,11
O00197,C0335,P1161,11-11-2023,9,3469.9,-212.9,0.5,Second Class,Net Banking,Returned,4
O02144,C1475,P1037,25-06-2023,9,3037.8,36.51,0.3,First Class,UPI,Not Returned,6
O01038,C0344,P1109,26-01-2023,6,352.08,-212.77,0.5,Standard Class,Credit Card,Not Returned,9
O02146,C2315,P1045,04-06-2024,9,954.81,345.94,0,Same Day,Debit Card,Returned,8
O02147,C2313,P1031,31-12-2023,9,4151.2,1567.29,0.05,Same Day,Cash on Delivery,Not Returned,2
O02148,C0421,P1130,15-09-2023,5,3758.62,1501.56,0.1,Same Day,Debit Card,Returned,7
O05865,C1273,P1165,06-02-2022,7,2674.37,-212.77,0,Same Day,Cash on Delivery,Returned,7
O02150,C0218,P1139,16-11-2023,6,1202.99,335.25,0.15,Second Class,UPI,Returned,11
O04509,C2180,P1166,11-02-2022,10,3791.2,-212.53,0.2,First Class,Cash on Delivery,Returned,1
O00865,C0757,P1004,14-08-2022,9,1758.46,-211.45,0.2,Standard Class,Credit Card,Returned,10
O02154,C0627,P1172,17-04-2024,1,304.8,86.02,0.05,First Class,Cash on Delivery,Returned,9
O02675,C0563,P1011,02-02-2022,3,328.68,-211.24,0.5,First Class,UPI,Not Returned,8
O02157,C2290,P1144,17-11-2022,10,2934.8,741.2,0,Same Day,Debit Card,Returned,8
O02158,C0149,P1008,27-02-2023,10,1539.28,310.8,0.2,Same Day,Credit Card,Not Returned,2
O02159,C1799,P1007,10-06-2022,9,3761.06,764.17,0.2,Standard Class,UPI,Returned,3
O02160,C0102,P1101,21-10-2022,4,2128.76,414.49,0,Standard Class,Credit Card,Not Returned,2
O04192,C1360,P1004,25-02-2024,9,1758.46,-211.11,0.2,Standard Class,Net Banking,Not Returned,10
O02162,C1862,P1030,10-07-2023,7,4934.93,1463.88,0.15,First Class,Debit Card,Not Returned,11
O02163,C0014,P1140,26-01-2023,10,4640.6,993.03,0,First Class,Cash on Delivery,Not Returned,5
O02164,C1526,P1096,13-06-2022,5,1214.48,546.76,0.05,Same Day,Credit Card,Returned,4
O02165,C0370,P1035,04-11-2022,8,1679.07,746.24,0.05,Standard Class,Cash on Delivery,Returned,12
O02166,C2101,P1051,09-10-2023,3,1389.01,321.33,0.15,Second Class,Cash on Delivery,Not Returned,1
O02167,C0870,P1105,11-04-2023,7,1768.9,783.15,0,Standard Class,UPI,Returned,12
O00999,C1506,P1082,08-03-2022,6,2408.83,-209.63,0.2,Same Day,Debit Card,Returned,7
O02169,C2205,P1098,06-04-2022,4,1153.3,26.13,0.1,Standard Class,Debit Card,Returned,6
O00666,C0611,P1008,08-03-2024,9,865.84,-209.56,0.5,Same Day,UPI,Not Returned,10
O02171,C2136,P1155,10-08-2023,9,4703.59,625.73,0.1,Same Day,UPI,Not Returned,11
O02693,C0436,P1009,16-02-2022,1,224.83,-209.1,0.5,Same Day,Credit Card,Not Returned,5
O02174,C2451,P1062,05-10-2023,,103.03,4.17,0.1,Second Class,Credit Card,Returned,12
O02175,C1234,P1059,22-09-2023,4,1297.64,25.39,0.15,Standard Class,UPI,Not Returned,1
O02176,C1494,P1178,08-04-2024,4,2450.54,499.78,0.05,Standard Class,Debit Card,Not Returned,7
O02177,C0307,P1119,07-02-2022,4,1997.6,756.51,0,First Class,Net Banking,Returned,3
O02178,C0525,P1075,02-02-2023,6,4779.11,1770.56,0.05,Same Day,Net Banking,Not Returned,9
O06108,C1726,P1166,14-10-2022,3,995.19,-208.79,0.3,Same Day,Debit Card,Not Returned,8
O02181,C0441,P1028,26-07-2022,5,659.36,176.18,0.2,Standard Class,Net Banking,Returned,10
O02114,C1402,P1128,16-01-2024,10,296.5,-208.67,0.5,Same Day,Net Banking,Returned,5
O02183,C2264,P1036,21-08-2022,10,5166.38,747.03,0.15,Same Day,Debit Card,Not Returned,3
O02184,C1347,P1163,07-05-2023,4,1071.3,330.87,0.2,Second Class,UPI,Returned,5
O02149,C2222,P1003,04-03-2023,7,2950.53,-207.84,0.2,Standard Class,UPI,Not Returned,5
O02186,C1786,P1119,11-04-2023,8,3795.44,1375.29,0.05,Second Class,Debit Card,Not Returned,12
O02187,C0221,P1136,11-04-2024,3,1857.34,811.48,0.05,Second Class,Cash on Delivery,Returned,8
O02188,C1331,P1164,05-04-2022,7,4238.53,1391.43,0.2,Second Class,UPI,Not Returned,10
O02190,C1900,P1014,05-05-2022,3,2096.61,776.16,0,Second Class,Debit Card,Not Returned,7
O02191,C1910,P1085,30-08-2023,5,3212.87,856.48,0,First Class,Debit Card,Not Returned,1
O02192,C0173,P1149,14-09-2022,4,284.19,59.43,0.2,Same Day,Net Banking,Returned,6
O02193,C2454,P1156,22-05-2024,6,899.06,73.24,0.05,Standard Class,UPI,Returned,11
O02243,C0966,P1073,11-10-2022,5,1204.65,-207.65,0.5,Second Class,Net Banking,Returned,7
O02195,C0754,P1060,22-09-2022,10,5169.87,1319.91,0.15,Standard Class,Credit Card,Returned,4
O02196,C1301,P1144,24-07-2023,1,293.48,40.66,0,Same Day,Cash on Delivery,Returned,11
O00701,C1470,P1109,01-03-2024,6,352.08,-207.26,0.5,First Class,UPI,Not Returned,7
O02198,C1097,P1015,27-02-2023,8,3989.16,729.21,0.3,Standard Class,Cash on Delivery,Returned,3
O00868,C1203,P1009,29-01-2023,8,3057.69,-207.04,0.15,Second Class,Net Banking,Not Returned,9
O02200,C2110,P1061,05-10-2023,7,4322.99,1548.57,0,First Class,UPI,Not Returned,10
O01404,C2378,P1113,13-04-2022,10,2394.05,-206.64,0.5,Standard Class,UPI,Not Returned,12
O02202,C2447,P1059,14-11-2023,3,1087.73,122.36,0.05,First Class,Credit Card,Returned,11
O02142,C0069,P1055,21-02-2022,7,2877.23,-206.28,0.3,Standard Class,Cash on Delivery,Returned,1
O02204,C0743,P1147,21-09-2022,3,1429.97,286.72,0.2,Same Day,Cash on Delivery,Not Returned,9
O02334,C0752,P1040,25-05-2022,9,2400.24,-205.25,0.3,Second Class,Credit Card,Returned,3
O02206,C1821,P1109,11-05-2024,9,897.8,98.6,0.15,Standard Class,Net Banking,Returned,8
O04203,C1969,P1173,21-01-2023,7,3203.08,-205.25,0.3,First Class,Cash on Delivery,Returned,9
O02208,C0466,P1125,12-01-2024,3,879.09,360.74,0,First Class,Cash on Delivery,Not Returned,2
O02628,C0342,P1102,24-11-2022,7,1570.25,-204.63,0.3,Same Day,Cash on Delivery,Returned,10
O02210,C1933,P1118,16-05-2023,4,1887.2,59.86,0.2,Second Class,Debit Card,Not Returned,5
O02211,C2463,P1109,23-11-2023,2,234.72,55.12,0,Same Day,Credit Card,Not Returned,7
O03600,C1842,P1083,09-04-2022,9,969.84,-204.59,0.5,Same Day,Debit Card,Not Returned,8
O02213,C1484,P1049,13-09-2022,9,8197.11,3803.37,0,Second Class,Debit Card,Returned,9
O02214,C1314,P1124,08-05-2024,8,3531.04,769.73,0.05,Second Class,UPI,Returned,11
O02215,C1835,P1004,28-12-2022,8,1856.15,85,0.05,Same Day,Credit Card,Returned,2
O02216,C0929,P1135,18-07-2023,10,4776.92,630.1,0.15,Same Day,Credit Card,Not Returned,10
O04972,C2259,P1137,10-07-2022,6,273.75,-204.55,0.5,Standard Class,Credit Card,Not Returned,2
O02218,C1086,P1189,24-03-2022,1,305.23,93.35,0,First Class,Credit Card,Returned,7
O02219,C1983,P1052,14-01-2022,3,672.6,,0.05,First Class,UPI,Returned,12
O02220,C0029,P1072,14-07-2022,9,2398.28,437.09,0.05,Second Class,Net Banking,Not Returned,4
O02221,C1690,P1009,25-02-2024,10,4496.6,381.27,0,Standard Class,Net Banking,Not Returned,4
O02222,C2301,P1135,14-03-2024,2,955.38,91.81,0.15,First Class,UPI,Returned,4
O02223,C0589,P1121,16-09-2022,1,465.01,,0.1,Same Day,UPI,Returned,11
O02224,C0495,P1092,23-01-2024,9,2359.61,476.03,0.1,Same Day,Net Banking,Not Returned,3
O04326,C0611,P1004,31-10-2022,8,1563.07,-204.06,0.2,Standard Class,UPI,Returned,10
O01304,C0295,P1151,20-10-2023,2,680.48,-203.7,0.5,Second Class,Debit Card,Returned,7
O02227,C1043,P1074,08-09-2022,6,809.3,145.75,0.1,Standard Class,Debit Card,Returned,8
O01033,C0926,P1176,09-03-2022,10,4528.56,-203.65,0.2,Same Day,UPI,Not Returned,2
O04323,C2215,P1021,24-08-2022,4,331.06,-203.57,0.5,Standard Class,UPI,Not Returned,8
O01800,C0354,P1017,16-05-2023,4,624.3,-203.55,0.5,Same Day,Cash on Delivery,Not Returned,7
O02232,C1383,P1015,19-05-2024,9,5449.48,1792.04,0.15,Second Class,Debit Card,Not Returned,12
O02336,C0207,P1186,22-04-2024,3,954.57,-203.35,0.5,First Class,Net Banking,Not Returned,10
O02234,C1101,P1030,23-05-2024,8,5308.16,1316.87,0.2,Second Class,UPI,Not Returned,6
O02235,C2299,P1050,29-03-2023,8,185.84,12.08,0.15,Same Day,UPI,Not Returned,9
O02236,C0622,P1160,09-02-2022,10,7293.25,2910.63,0.15,Second Class,Credit Card,Returned,4
O00332,C0617,P1034,23-09-2022,3,331.02,-201.85,0.5,Standard Class,Credit Card,Returned,5
O02238,C0298,P1189,13-06-2023,9,1922.95,417.57,0,Same Day,Debit Card,Not Returned,2
O06673,C1478,P1154,27-08-2022,7,2625.14,-201.31,0.5,Standard Class,Debit Card,Returned,2
O02240,C1884,P1106,19-02-2022,6,1448.71,28.28,0.3,Same Day,Cash on Delivery,Not Returned,3
O02241,C0559,P1176,29-07-2023,9,4585.17,315.08,0.1,First Class,Credit Card,Not Returned,7
O00152,C1205,P1040,03-05-2022,9,2400.24,-200.83,0.3,Second Class,UPI,Not Returned,4
O02244,C1969,P1146,01-11-2022,6,2324,356.42,0.1,Same Day,UPI,Not Returned,4
O02245,C0863,P1039,12-06-2023,6,887.04,13.95,0.2,Standard Class,Net Banking,Not Returned,6
O01295,C1372,P1091,14-05-2023,2,819.08,-200.22,0.3,Standard Class,Debit Card,Returned,6
O00855,C0354,P1135,30-11-2023,10,3933.93,-200.08,0.3,Standard Class,Net Banking,Not Returned,9
O02248,C1322,P1066,04-12-2023,7,6015.94,2889.79,0,Standard Class,Net Banking,Returned,7
O02249,C0938,P1107,22-07-2022,10,9084,4281.41,0.05,Second Class,Net Banking,Not Returned,3
O02250,C2110,P1101,14-02-2022,9,4310.74,442.3,0.1,Same Day,Debit Card,Returned,3
O02251,C1804,P1121,19-11-2023,8,3926.77,1778.38,0.05,First Class,Cash on Delivery,Returned,4
O02252,C1465,P1127,09-05-2023,3,2840.68,1326.9,0.05,Standard Class,Cash on Delivery,Returned,12
O02253,C0799,P1028,13-12-2023,6,890.14,305.41,0.1,Standard Class,Net Banking,Returned,8
O02254,C2168,P1143,13-11-2022,5,2511.6,374.89,0,Same Day,Net Banking,Returned,3
O06470,C1419,P1061,19-01-2022,2,617.57,-199.53,0.5,Second Class,Net Banking,Returned,3
O00876,C1880,P1069,10-09-2023,1,234.15,-199.37,0.5,Second Class,Cash on Delivery,Returned,8
O02258,C0658,P1151,07-12-2022,3,1735.22,463.82,0.15,First Class,Credit Card,Returned,11
O02259,C0026,P1075,16-07-2022,3,2138.02,621.71,0.15,Standard Class,UPI,Returned,12
O02260,C2318,P1094,09-01-2024,4,527.65,84.4,0.15,Standard Class,Credit Card,Returned,3
O02261,C1994,P1182,12-12-2022,1,257.41,33.67,0.2,Same Day,Net Banking,Returned,12
O02262,C1137,P1089,26-06-2022,2,595.35,124.73,0.1,Standard Class,Net Banking,Not Returned,10
O02263,C1394,P1097,27-01-2023,8,3236.99,1373.89,0.05,Second Class,Cash on Delivery,Returned,12
O02264,C1227,P1025,22-01-2023,10,2342.89,397.98,0.05,Second Class,UPI,Not Returned,2
O02265,C1472,P1054,13-02-2022,3,1296.69,553.35,0.05,Second Class,Net Banking,Not Returned,12
O02266,C1101,P1069,25-02-2022,5,2224.42,272.69,0.05,Same Day,Credit Card,Returned,1
O02267,C1724,P1158,11-12-2023,7,2306.55,830.93,0.05,Standard Class,Credit Card,Not Returned,10
O02268,C1583,P1092,22-09-2022,9,2621.79,710.7,0,First Class,Net Banking,Not Returned,1
O02270,C0280,P1074,18-07-2023,6,764.34,98.19,0.15,First Class,UPI,Not Returned,1
O02271,C1316,P1132,06-05-2023,10,6528.69,2319.54,0.1,Second Class,Cash on Delivery,Not Returned,3
O02272,C2296,P1024,19-06-2023,9,3719.52,814.13,0.1,Same Day,UPI,Not Returned,5
O06875,C1387,P1005,29-12-2023,6,546.36,-199.18,0.5,Standard Class,UPI,Not Returned,9
O02274,C0926,P1179,24-03-2024,7,527.07,57.04,0.2,First Class,Net Banking,Not Returned,11
O02275,C2098,P1041,21-06-2023,2,1074.72,455.84,0.05,First Class,Credit Card,Not Returned,4
O01965,C1680,P1164,10-08-2022,7,2649.08,-198.99,0.5,Same Day,Credit Card,Not Returned,5
O02277,C0243,P1170,02-05-2022,8,4172.56,927.91,0,Same Day,UPI,Not Returned,3
O02278,C1718,P1153,16-04-2022,1,261.34,74.26,0.15,Second Class,Credit Card,Not Returned,9
O02279,C1210,P1113,04-09-2023,10,4309.29,1707.35,0.1,Standard Class,UPI,Not Returned,2
O02280,C0335,P1149,08-08-2023,2,177.62,37.19,0,Same Day,Cash on Delivery,Not Returned,1
O02281,C1712,P1012,02-06-2022,3,2016.15,557.31,0,Second Class,Cash on Delivery,Returned,1
O02212,C2457,P1008,16-04-2022,8,769.64,-198.92,0.5,Second Class,Credit Card,Returned,1
O02283,C0549,P1018,06-09-2023,6,2897.37,383.56,0.3,First Class,Debit Card,Returned,6
O04308,C2246,P1117,21-02-2022,9,953.13,-198.88,0.3,Standard Class,Cash on Delivery,Not Returned,4
O02285,C0209,P1082,05-08-2022,2,903.31,0.83,0.1,First Class,UPI,Returned,4
O01035,C1928,P1109,21-09-2023,7,410.76,-198.7,0.5,Same Day,Net Banking,Returned,10
O05607,C1361,P1000,10-04-2022,5,1451.72,-198.41,0.2,First Class,UPI,Returned,1
O02288,C0749,P1092,05-02-2023,9,2359.61,461.4,0.1,Standard Class,Credit Card,Not Returned,9
O02289,C1597,P1064,16-02-2022,7,5415.69,2313.95,0.05,Same Day,Credit Card,Returned,5
O05736,C1972,P1008,23-04-2023,8,769.64,-198.09,0.5,Second Class,Credit Card,Returned,4
O02291,C2263,P1113,25-11-2023,2,766.1,237.04,0.2,First Class,Cash on Delivery,Returned,3
O02292,C1696,P1161,14-08-2023,2,1465.07,629.45,0.05,Same Day,Credit Card,Not Returned,12
O02293,C0648,P1038,10-02-2022,9,6238.26,2070.6,0,First Class,Cash on Delivery,Not Returned,11
O02294,C1704,P1178,06-12-2022,3,1934.64,469.65,0,Same Day,Cash on Delivery,Returned,12
O02295,C1867,P1038,24-05-2024,10,6584.83,1954.95,0.05,First Class,Net Banking,Not Returned,7
O02296,C1837,P1087,11-09-2022,1,464.18,45.66,0.1,First Class,Net Banking,Returned,2
O02297,C0941,P1067,07-07-2022,5,339.58,71.2,0.15,Second Class,Cash on Delivery,Returned,7
O01390,C1047,P1139,14-04-2022,6,707.64,-197.53,0.5,Second Class,Cash on Delivery,Returned,8
O02299,C2237,P1008,08-04-2023,,865.84,247.67,0.1,Second Class,Cash on Delivery,Returned,7
O02300,C0471,P1051,09-09-2023,1,381.3,17.49,0.3,Second Class,Debit Card,Not Returned,4
O02301,C1330,P1122,06-06-2022,9,1382.83,385.8,0.2,Same Day,Cash on Delivery,Returned,7
O02302,C0474,P1139,13-03-2022,6,1202.99,331.94,0.15,Second Class,Credit Card,Returned,8
O01999,C0904,P1020,20-05-2024,1,202.7,-197.51,0.5,Second Class,UPI,Not Returned,9
O02304,C0113,P1175,03-11-2022,3,1980.51,474.63,0.15,Second Class,Net Banking,Returned,9
O02305,C1618,P1172,19-10-2022,7,1572.12,341.98,0.3,Standard Class,UPI,Returned,11
O02306,C2227,P1126,15-01-2022,2,130.89,10.33,0.05,Standard Class,Net Banking,Not Returned,2
O02307,C0401,P1085,22-12-2022,6,3175.07,319.98,0.3,First Class,Net Banking,Not Returned,12
O02308,C0931,P1003,30-01-2022,5,2634.4,370.02,0,Second Class,UPI,Returned,11
O02309,C1284,P1162,20-03-2023,9,246.02,17.36,0.3,First Class,Net Banking,Not Returned,3
O02310,C0508,P1096,11-12-2023,9,1840.9,604.13,0.2,Second Class,UPI,Returned,2
O06231,C0576,P1020,25-12-2023,,202.7,-197.3,0.5,Same Day,Debit Card,Returned,1
O04367,C1464,P1157,20-10-2022,8,2974.48,-197.11,0.5,First Class,Net Banking,Not Returned,6
O03647,C2180,P1173,10-05-2022,1,326.85,-196.97,0.5,First Class,Credit Card,Not Returned,4
O02314,C0565,P1085,20-08-2022,9,5783.17,1542.37,0.15,Same Day,Credit Card,Returned,4
O01552,C0599,P1176,21-02-2024,1,283.04,-195.33,0.5,Same Day,Credit Card,Returned,9
O01146,C1139,P1106,20-03-2022,3,517.4,-195.31,0.5,Same Day,Debit Card,Not Returned,11
O02312,C2043,P1032,26-01-2023,4,1521.44,-195.03,0.5,Same Day,Cash on Delivery,Not Returned,3
O05344,C1769,P1179,04-04-2023,10,470.6,-194.15,0.5,First Class,UPI,Returned,5
O02319,C0539,P1152,18-06-2023,6,541.62,0.33,0.1,Same Day,Net Banking,Returned,5
O02320,C2289,P1176,26-07-2023,2,1132.14,167.98,0,First Class,Net Banking,Not Returned,4
O02321,C2223,P1191,13-06-2024,9,1813.66,316.85,0.15,First Class,Net Banking,Not Returned,12
O02322,C2220,P1144,02-07-2022,4,1115.22,231.59,0.05,First Class,Debit Card,Not Returned,12
O02323,C1494,P1110,19-05-2024,8,6286.24,2403.4,0,First Class,Cash on Delivery,Not Returned,3
O02325,C1638,P1106,01-05-2022,10,2759.44,423.64,0.2,Same Day,Credit Card,Returned,4
O02326,C2369,P1024,24-02-2022,6,2341.92,383.24,0.15,Standard Class,UPI,Not Returned,4
O02327,C0080,P1076,07-04-2024,4,1196.09,279.8,0.15,Same Day,Net Banking,Returned,9
O02328,C0978,P1104,26-01-2023,8,3110.48,1494.97,0,First Class,Debit Card,Not Returned,6
O02329,C0954,P1103,15-01-2023,10,2142.54,44.92,0.1,Second Class,Net Banking,Returned,10
O02330,C1811,P1048,11-06-2023,2,1334.69,328.33,0.15,Second Class,Cash on Delivery,Not Returned,3
O02331,C1496,P1129,10-11-2023,6,1547.49,669.53,0.05,Second Class,UPI,Not Returned,11
O02332,C2008,P1165,17-09-2023,6,3274.74,786.81,0,Same Day,Debit Card,Not Returned,6
O02333,C0560,P1066,11-02-2022,3,2578.26,1216.43,0,First Class,Net Banking,Returned,1
O04235,C1634,P1061,25-08-2022,2,617.57,-193.59,0.5,Second Class,Credit Card,Not Returned,3
O02335,C1599,P1103,21-12-2023,5,1071.27,33.29,0.1,Standard Class,Cash on Delivery,Not Returned,2
O00928,C1396,P1003,04-11-2022,1,263.44,-193.53,0.5,Second Class,Debit Card,Not Returned,7
O02337,C0520,P1174,17-10-2022,10,4734.3,1454.17,0,Second Class,Credit Card,Not Returned,5
O02338,C1408,P1176,01-09-2023,7,3962.49,661.99,0,Second Class,Debit Card,Not Returned,8
O02339,C2343,P1047,25-02-2024,2,112.8,15.89,0.05,Same Day,UPI,Returned,8
O02340,C1589,P1036,29-04-2022,4,2188.12,388.57,0.1,Second Class,Cash on Delivery,Returned,4
O00425,C0959,P1003,09-02-2024,7,2950.53,-193.43,0.2,First Class,Net Banking,Returned,9
O02342,C0369,P1099,08-04-2024,7,4535.24,1014.14,0.3,Standard Class,Cash on Delivery,Returned,2
O02343,C1417,P1123,30-07-2023,4,702.54,175.26,0.05,Second Class,Net Banking,Not Returned,8
O02344,C0045,P1105,30-12-2023,1,227.43,38.66,0.1,Second Class,Cash on Delivery,Returned,10
O02345,C0689,P1127,06-05-2023,2,1594.77,555.6,0.2,Second Class,Credit Card,Returned,4
O00181,C1506,P1005,14-06-2022,7,637.42,-192.01,0.5,First Class,Net Banking,Returned,1
O02347,C1900,P1031,22-12-2023,8,3301.54,1017.66,0.15,Standard Class,Net Banking,Returned,2
O02348,C1541,P1107,10-11-2023,7,6693.47,3297.25,0,Standard Class,Debit Card,Not Returned,1
O02059,C1539,P1131,14-10-2022,6,996.66,-191.61,0.3,First Class,UPI,Returned,7
O02350,C0165,P1076,04-09-2023,10,2814.32,549.98,0.2,Second Class,Credit Card,Returned,12
O02351,C2211,P1077,21-04-2022,8,721.84,161.2,0,Same Day,UPI,Not Returned,11
O02352,C1383,P1096,13-09-2022,1,204.54,48.19,0.2,Same Day,Debit Card,Not Returned,5
O02353,C2137,P1096,23-06-2023,5,894.88,203.45,0.3,First Class,Cash on Delivery,Returned,10
O02354,C1719,P1060,21-05-2024,8,4622.47,1542.03,0.05,First Class,Cash on Delivery,Not Returned,12
O02355,C1484,P1151,10-06-2024,5,3062.16,948.17,0.1,Same Day,UPI,Returned,5
O02702,C0249,P1131,28-03-2024,7,1162.77,-191.54,0.3,First Class,Net Banking,Returned,3
O06070,C2441,P1131,12-08-2023,6,996.66,-191.05,0.3,Second Class,Debit Card,Not Returned,6
O02359,C2496,P1046,07-12-2022,7,3918.18,1121.59,0.05,Standard Class,Debit Card,Not Returned,9
O02360,C1606,P1053,24-04-2022,5,482.15,130.77,0,Second Class,Cash on Delivery,Returned,12
O02762,C0479,P1169,10-01-2023,2,323.8,-191.02,0.5,Same Day,Credit Card,Not Returned,12
O02362,C1270,P1148,15-09-2023,7,1704.08,158.07,0,First Class,Debit Card,Not Returned,6
O02363,C2301,P1009,28-05-2023,5,2135.89,64.42,0.05,Second Class,Net Banking,Not Returned,2
O01410,C1645,P1143,11-01-2022,7,2812.99,-190.39,0.2,Same Day,Credit Card,Returned,6
O02365,C0961,P1071,10-01-2022,7,922.95,,0.5,Same Day,Credit Card,Returned,8
O02366,C0366,P1154,21-01-2023,3,2137.61,888.72,0.05,Standard Class,Net Banking,Returned,7
O02367,C0286,P1176,05-11-2023,9,4839.9,578.75,0.05,Same Day,UPI,Returned,5
O06736,C2323,P1116,16-06-2024,4,1029.98,-190.27,0.5,Second Class,Credit Card,Returned,4
O00824,C0537,P1131,28-12-2023,2,237.3,-189.28,0.5,First Class,Credit Card,Returned,12
O02370,C0724,P1181,26-06-2022,1,479.07,135.93,0,First Class,UPI,Not Returned,3
O02371,C1335,P1128,20-09-2023,10,533.7,58.22,0.1,Standard Class,Net Banking,Not Returned,7
O02373,C2321,P1058,12-03-2024,5,1112.27,299.97,0.15,Standard Class,Net Banking,Returned,9
O02566,C0035,P1123,13-02-2022,5,462.2,-188.99,0.5,Same Day,Debit Card,Not Returned,12
O02375,C1951,P1085,16-04-2022,1,642.57,144.14,0.15,Same Day,Net Banking,Returned,12
O02376,C2475,P1096,13-06-2024,4,1022.72,449.54,0,Standard Class,Debit Card,Returned,11
O02377,C1450,P1021,03-03-2024,4,595.91,72.12,0.1,Second Class,Net Banking,Returned,11
O02084,C0209,P1139,21-04-2022,7,825.58,-188.85,0.5,Same Day,Debit Card,Not Returned,11
O02379,C2187,P1180,13-04-2023,6,2587.18,367.91,0.15,Second Class,UPI,Not Returned,1
O04869,C0325,P1176,07-11-2022,10,4528.56,-188.65,0.2,Second Class,Net Banking,Returned,9
O02381,C0410,P1096,26-01-2023,5,1086.64,407.99,0.15,Second Class,UPI,Not Returned,6
O02382,C0652,P1035,06-11-2022,5,1049.42,444.6,0.05,First Class,Credit Card,Returned,8
O02383,C0235,P1162,08-05-2024,8,281.16,73.78,0,Standard Class,Credit Card,Not Returned,4
O02384,C1673,P1054,10-06-2022,3,1228.45,484.58,0.1,Second Class,Credit Card,Not Returned,8
O02385,C0268,P1119,23-02-2023,10,3995.2,974.38,0,First Class,Credit Card,Returned,10
O02386,C2115,P1092,11-11-2022,6,1485.68,234.16,0.15,Standard Class,UPI,Returned,11
O02387,C1880,P1087,07-02-2024,8,4126.08,838.28,0,Same Day,Cash on Delivery,Returned,9
O03702,C0020,P1166,31-05-2024,1,236.95,-188.04,0.5,Same Day,UPI,Not Returned,1
O02389,C1806,P1073,12-06-2023,1,385.49,62.85,0.2,Same Day,Net Banking,Not Returned,9
O03264,C0317,P1094,22-01-2024,6,465.57,-188,0.5,Same Day,Net Banking,Returned,11
O02391,C1015,P1011,28-04-2023,6,1117.51,46.19,0.15,Second Class,Cash on Delivery,Returned,8
O02392,C2274,P1135,15-08-2023,10,5057.91,926.68,0.1,First Class,Credit Card,Returned,1
O02393,C2283,P1007,11-02-2023,3,1332.04,297.85,0.15,Same Day,Debit Card,Not Returned,3
O02394,C1802,P1188,11-01-2022,6,2390.52,362.62,0.15,First Class,UPI,Not Returned,4
O02395,C0184,P1072,18-12-2022,6,1683,354.49,0,First Class,UPI,Returned,6
O02396,C2206,P1031,11-10-2023,9,4151.2,1578.31,0.05,Second Class,Net Banking,Not Returned,10
O02397,C1137,P1151,21-03-2023,4,2585.82,898.9,0.05,First Class,Net Banking,Returned,9
O02398,C1180,P1115,16-03-2024,4,212.19,3.9,0.15,First Class,Cash on Delivery,Returned,2
O02399,C1539,P1157,05-01-2024,1,706.44,272.73,0.05,Standard Class,Cash on Delivery,Not Returned,3
O02400,C1728,P1141,04-02-2022,4,1544.65,214.43,0.1,Second Class,UPI,Returned,9
O02401,C2331,P1036,24-02-2024,5,2735.14,515.1,0.1,Standard Class,Debit Card,Not Returned,4
O02402,C1404,P1108,31-03-2024,8,3944.88,1654.58,0,Standard Class,Net Banking,Not Returned,10
O02403,C0376,P1024,31-10-2023,7,2571.52,315.34,0.2,First Class,Credit Card,Returned,6
O04857,C2374,P1033,13-03-2023,,676.1,-187.6,0.3,Standard Class,Credit Card,Returned,3
O02405,C0095,P1181,09-09-2023,8,3640.93,1150.46,0.05,Second Class,Cash on Delivery,Returned,11
O02406,C0491,P1030,13-04-2023,10,8294,3330.36,0,Second Class,Credit Card,Returned,12
O02407,C0095,P1133,07-04-2022,6,3695.28,1821.25,0,First Class,Debit Card,Returned,11
O02408,C1596,P1097,10-02-2023,1,404.62,157.57,0.05,Standard Class,Net Banking,Not Returned,4
O02409,C2105,P1172,06-04-2022,5,1363.57,485.53,0.15,Second Class,Credit Card,Not Returned,12
O02410,C0632,P1050,01-01-2022,10,273.3,71.92,0,Same Day,Credit Card,Returned,2
O02411,C0205,P1005,15-02-2023,6,983.45,250.2,0.1,Same Day,Credit Card,Not Returned,10
O02412,C1799,P1145,25-07-2022,6,101.09,12.64,0.2,First Class,Net Banking,Not Returned,4
O02413,C0441,P1070,18-05-2023,2,658.53,165.13,0.15,Second Class,Net Banking,Returned,7
O02414,C0256,P1056,21-06-2022,7,2140.44,317.68,0.05,Second Class,Credit Card,Returned,5
O02415,C1072,P1079,07-08-2022,,1219.18,97.28,0.15,Standard Class,Cash on Delivery,Returned,1
O02416,C1303,P1077,16-06-2023,10,902.3,190.79,0,Second Class,Credit Card,Not Returned,5
O00322,C2044,P1144,04-11-2022,2,293.48,-187.41,0.5,Same Day,Debit Card,Not Returned,5
O02418,C0677,P1014,18-03-2023,5,3494.35,1341.2,0,Second Class,Net Banking,Returned,7
O05523,C0471,P1015,18-10-2023,3,1068.53,-186.55,0.5,Same Day,UPI,Not Returned,9
O05987,C0814,P1003,26-06-2023,2,737.63,-186.17,0.3,Second Class,Cash on Delivery,Not Returned,3
O00225,C1338,P1002,24-02-2023,3,950.75,-186.16,0.5,Standard Class,Net Banking,Returned,1
O02423,C0830,P1157,19-04-2024,5,3346.29,1378.04,0.1,Second Class,Debit Card,Returned,3
O02424,C0976,P1046,08-08-2023,4,2356.8,736.3,0,Second Class,Debit Card,Returned,5
O02425,C1798,P1142,20-02-2023,4,1719.04,705.22,0.1,First Class,Net Banking,Returned,4
O02426,C0389,P1172,18-06-2023,9,2454.43,908.92,0.15,First Class,Net Banking,Not Returned,1
O02427,C1195,P1076,06-08-2022,5,1407.16,242.7,0.2,Standard Class,UPI,Not Returned,2
O02428,C1496,P1149,13-12-2022,3,253.11,102.29,0.05,Same Day,Debit Card,Not Returned,9
O02429,C0923,P1005,20-12-2023,7,892.39,44.86,0.3,First Class,UPI,Not Returned,9
O02430,C1179,P1068,17-01-2023,10,744.42,290.65,0.05,Standard Class,UPI,Returned,9
O02431,C2447,P1191,24-02-2024,6,1280.23,272.22,0.1,Second Class,Cash on Delivery,Returned,2
O02432,C0138,P1067,29-10-2022,1,79.9,14.63,0,First Class,Cash on Delivery,Returned,7
O02433,C2149,P1159,05-08-2023,2,265.68,75.94,0.2,First Class,UPI,Not Returned,6
O02434,C1329,P1042,12-04-2024,2,427.02,6.33,0.2,Same Day,UPI,Not Returned,11
O04787,C2024,P1183,27-10-2022,10,1171.45,-185.87,0.5,Second Class,Credit Card,Not Returned,2
O02437,C1723,P1137,13-02-2022,6,520.12,17.04,0.05,Standard Class,Credit Card,Not Returned,11
O04680,C1854,P1093,30-11-2023,1,286.08,-184.94,0.5,First Class,Net Banking,Returned,9
O02439,C0780,P1070,05-07-2022,2,542.32,10.22,0.3,Second Class,UPI,Not Returned,10
O02440,C1509,P1093,18-05-2023,6,3433.02,815.38,0,Standard Class,Cash on Delivery,Returned,2
O01803,C0811,P1117,06-06-2024,3,226.94,-184.06,0.5,Same Day,Credit Card,Returned,12
O02442,C1515,P1091,03-02-2024,6,3159.32,174.61,0.1,Same Day,Credit Card,Returned,2
O04769,C0824,P1031,24-07-2022,4,971.04,-183.28,0.5,Same Day,UPI,Not Returned,6
O04423,C0957,P1183,05-04-2023,8,937.16,-182.77,0.5,Standard Class,Net Banking,Not Returned,4
O02583,C2239,P1027,25-06-2023,3,809.79,-182.7,0.5,Same Day,Cash on Delivery,Not Returned,11
O06172,C0939,P1170,24-01-2022,4,1460.4,-182.6,0.3,Same Day,Cash on Delivery,Not Returned,8
O02447,C0144,P1077,15-10-2022,7,505.29,0.6,0.2,First Class,Cash on Delivery,Returned,7
O05524,C1440,P1020,27-01-2022,5,1621.64,-181.26,0.2,Same Day,Net Banking,Not Returned,7
O02449,C0625,P1082,08-10-2022,5,2383.74,195.26,0.05,First Class,Net Banking,Not Returned,7
O02450,C1689,P1177,22-11-2023,3,1652.62,152.96,0.1,Standard Class,Cash on Delivery,Not Returned,4
O02451,C1111,P1148,27-05-2024,1,243.44,1.29,0,Standard Class,Net Banking,Not Returned,11
O02452,C1798,P1034,15-01-2022,7,1235.81,64.41,0.2,Same Day,Net Banking,Returned,2
O02453,C1788,P1047,07-01-2024,7,353.25,54.17,0.15,Second Class,Debit Card,Not Returned,9
O02454,C1626,P1139,23-11-2023,10,1651.16,166.75,0.3,Second Class,Net Banking,Not Returned,11
O02455,C1976,P1174,08-01-2023,5,2367.15,733.38,0,Second Class,Debit Card,Returned,5
O02456,C2343,P1161,16-12-2022,3,2197.61,955.46,0.05,First Class,Cash on Delivery,Not Returned,2
O02457,C1825,P1049,19-05-2024,8,6922,3025.5,0,Second Class,Debit Card,Returned,2
O01469,C0821,P1187,02-11-2022,2,219.19,-181.05,0,Second Class,Credit Card,Not Returned,1
O02459,C1599,P1127,30-12-2023,3,2840.68,1305.31,0.05,First Class,Debit Card,Returned,12
O04089,C0947,P1140,31-03-2022,4,1299.37,-181.01,0.3,Same Day,UPI,Not Returned,2
O02461,C0208,P1149,22-04-2023,4,248.67,18.26,0.3,First Class,UPI,Returned,2
O02462,C0535,P1153,31-05-2022,2,522.68,153.7,0.15,Standard Class,Cash on Delivery,Returned,11
O02463,C1234,P1074,04-08-2023,1,149.87,0.13,0,Same Day,Cash on Delivery,Not Returned,4
O02464,C1304,P1153,08-04-2023,6,1660.28,666.3,0.1,Same Day,Credit Card,Not Returned,9
O02465,C1819,P1071,06-02-2024,9,1898.64,628.25,0.2,First Class,Credit Card,Returned,11
O02466,C1212,P1055,11-03-2022,6,3346.98,692.25,0.05,Standard Class,Debit Card,Returned,4
O02467,C0633,P1086,22-07-2023,5,1963.76,734.26,0.1,First Class,Net Banking,Not Returned,8
O02468,C0177,P1111,27-12-2023,7,2908.54,932.6,0.15,First Class,Cash on Delivery,Not Returned,2
O02469,C1499,P1123,17-11-2022,3,554.64,140.6,0,Same Day,Cash on Delivery,Not Returned,10
O02470,C0142,P1137,08-02-2024,4,365,40.09,0,Same Day,Debit Card,Returned,5
O02471,C2344,P1017,18-04-2024,5,1482.71,500.14,0.05,First Class,Credit Card,Not Returned,5
O05008,C1333,P1178,15-03-2023,1,322.44,-180.12,0.5,Second Class,Cash on Delivery,Not Returned,11
O02473,C0980,P1042,06-09-2022,6,1521.27,271.79,0.05,Same Day,Cash on Delivery,Not Returned,1
O02474,C2012,P1073,04-02-2024,2,963.72,376.45,0,Same Day,Debit Card,Not Returned,9
O02475,C1165,P1071,28-06-2023,7,1292.13,304.87,0.3,Standard Class,Credit Card,Returned,6
O02476,C1986,P1086,14-09-2023,10,3491.12,1063.11,0.2,Second Class,Net Banking,Not Returned,10
O02477,C2061,P1077,14-06-2022,1,85.72,1.78,0.05,Standard Class,Net Banking,Returned,5
O02478,C2326,P1077,16-11-2022,8,685.75,95.57,0.05,Same Day,Cash on Delivery,Not Returned,5
O02479,C1385,P1058,24-05-2023,8,1779.63,492.17,0.15,First Class,Net Banking,Returned,1
O02480,C0065,P1183,23-05-2022,8,1593.17,466.38,0.15,Second Class,Cash on Delivery,Returned,2
O01558,C2118,P1079,31-05-2022,4,318.74,-179.74,0.5,Standard Class,Net Banking,Not Returned,9
O05229,C1506,P1179,22-05-2022,10,470.6,-179.46,0.5,First Class,UPI,Returned,8
O02483,C0947,P1172,16-02-2023,3,673.76,121.99,0.3,First Class,Credit Card,Returned,3
O02484,C1128,P1063,28-09-2022,4,136.19,23.63,0.1,Standard Class,UPI,Not Returned,7
O02485,C1890,P1133,25-09-2022,6,3695.28,1825.03,0,Standard Class,Net Banking,Returned,5
O06657,C1551,P1004,26-03-2024,8,1563.07,-179.16,0.2,Same Day,Credit Card,Not Returned,2
O05351,C2217,P1187,28-10-2023,2,219.19,-179.07,0.5,Standard Class,UPI,Returned,4
O02677,C0378,P1020,11-05-2023,5,1621.64,-178.8,0.2,Same Day,Credit Card,Not Returned,5
O02489,C0100,P1001,12-03-2023,4,677.95,58.44,0.1,Standard Class,Cash on Delivery,Not Returned,4
O02490,C1697,P1051,31-10-2023,9,4902.39,1757.83,0,Second Class,Credit Card,Returned,10
O02491,C1565,P1007,17-05-2023,10,5223.7,1903.72,0,Standard Class,UPI,Returned,10
O02492,C0991,P1078,01-01-2022,2,515.21,145.03,0.1,Same Day,Cash on Delivery,Returned,2
O02494,C0139,P1184,06-10-2023,10,209.3,81.97,0,Same Day,Credit Card,Returned,7
O02495,C2365,P1113,26-01-2023,8,3064.38,965.94,0.2,Same Day,UPI,Returned,3
O02496,C1134,P1053,09-11-2022,4,327.86,56.07,0.15,Same Day,Credit Card,Not Returned,6
O02497,C2191,P1084,14-05-2024,10,1191.44,31.98,0.15,Second Class,Credit Card,Not Returned,8
O02498,C0728,P1160,10-12-2022,1,858.03,414.17,0,Same Day,Credit Card,Returned,12
O02499,C1314,P1014,24-08-2023,7,4892.09,1873.43,0,Same Day,UPI,Returned,9
O02500,C0897,P1060,25-07-2022,6,2554.52,220.52,0.3,First Class,Credit Card,Returned,7
O02501,C1030,P1177,22-02-2022,5,2754.36,282.09,0.1,Same Day,Debit Card,Not Returned,5
O02502,C1987,P1012,30-01-2024,6,3225.84,326.66,0.2,Same Day,UPI,Not Returned,6
O04317,C1342,P1049,22-04-2024,5,2276.98,-178.72,0.5,Standard Class,UPI,Returned,10
O02504,C1538,P1064,06-01-2022,8,6189.36,2632.78,0.05,Same Day,Debit Card,Returned,11
O02505,C1221,P1057,28-01-2022,10,7749.9,3158.03,0.1,Standard Class,Net Banking,Returned,6
O02506,C1998,P1046,17-01-2024,4,1885.44,278.24,0.2,Standard Class,Credit Card,Not Returned,10
O02507,C0491,P1129,22-06-2023,7,1710.39,681.82,0.1,Second Class,Net Banking,Returned,1
O02508,C1081,P1077,10-01-2024,5,451.15,83.87,0,Standard Class,Debit Card,Returned,1
O02509,C1626,P1173,24-08-2022,3,1666.91,194.33,0.15,First Class,Net Banking,Not Returned,5
O02510,C0577,P1053,18-03-2024,7,607.51,118.77,0.1,Second Class,Credit Card,Not Returned,4
O02511,C1662,P1030,25-04-2022,10,6635.2,1660.15,0.2,First Class,UPI,Returned,2
O02512,C1426,P1172,23-03-2023,1,304.8,100.68,0.05,First Class,UPI,Not Returned,5
O02513,C2417,P1151,18-04-2023,9,5511.89,1709.7,0.1,Second Class,UPI,Not Returned,2
O02514,C0661,P1178,26-11-2022,5,2901.96,479.09,0.1,Second Class,Debit Card,Returned,6
O02515,C0642,P1071,18-02-2024,3,672.44,246.37,0.15,Same Day,Net Banking,Returned,8
O02516,C1450,P1027,18-12-2023,2,755.8,57.64,0.3,Second Class,Net Banking,Returned,4
O02517,C1678,P1135,19-05-2023,10,5619.9,1505.37,0,First Class,UPI,Returned,4
O03689,C1201,P1077,21-07-2022,6,270.69,-178.61,0.5,Second Class,Credit Card,Not Returned,6
O02520,C0102,P1079,03-10-2022,5,677.32,34.63,0,First Class,Net Banking,Returned,7
O02522,C1251,P1071,08-04-2023,1,250.52,100.34,0.05,Same Day,Debit Card,Returned,12
O02523,C0421,P1163,16-06-2023,2,569.13,196.43,0.15,First Class,UPI,Not Returned,12
O02524,C1027,P1148,10-07-2022,10,2312.68,110.9,0.05,Standard Class,Debit Card,Returned,7
O02525,C1375,P1047,08-05-2022,10,474.96,23.5,0.2,Second Class,Cash on Delivery,Not Returned,7
O02526,C0136,P1047,07-09-2023,4,225.61,55.13,0.05,Same Day,Debit Card,Not Returned,1
O02527,C2048,P1067,21-10-2023,4,319.6,86.91,0,Standard Class,Credit Card,Not Returned,4
O02528,C2201,P1178,06-06-2024,3,1934.64,479.43,0,First Class,UPI,Returned,5
O02529,C1267,P1128,29-06-2023,3,169,22.77,0.05,Second Class,UPI,Not Returned,9
O03470,C2248,P1109,06-10-2022,5,293.4,-178.36,0.5,First Class,UPI,Not Returned,2
O02531,C1948,P1105,13-05-2023,6,1288.77,410.03,0.15,Second Class,Debit Card,Not Returned,11
O02532,C2373,P1129,18-04-2022,6,1547.49,679.11,0.05,Second Class,Cash on Delivery,Returned,7
O02558,C2149,P1094,15-11-2022,6,465.57,-178.3,0.5,Same Day,Cash on Delivery,Returned,9
O02534,C0277,P1014,11-12-2022,9,4402.88,537.88,0.3,Standard Class,Cash on Delivery,Not Returned,12
O02535,C2367,P1098,26-09-2022,10,2883.24,43.62,0.1,Standard Class,Debit Card,Not Returned,10
O03450,C1516,P1124,05-05-2022,10,3252.27,-177.05,0.3,Same Day,UPI,Not Returned,10
O02537,C0238,P1116,27-02-2023,1,437.74,89.2,0.15,Second Class,Debit Card,Not Returned,9
O02538,C1345,P1122,04-06-2023,9,1728.54,694.08,0,First Class,Debit Card,Not Returned,8
O02539,C2177,P1117,12-08-2023,8,1028.77,9.55,0.15,Second Class,Cash on Delivery,Not Returned,3
O01242,C1902,P1060,15-11-2023,2,608.22,-176.91,0.5,Second Class,Net Banking,Returned,5
O02541,C1527,P1064,14-11-2022,10,7329.51,2894.18,0.1,Standard Class,Net Banking,Not Returned,3
O02542,C1336,P1089,18-03-2024,4,926.1,25.54,0.3,Second Class,Debit Card,Returned,3
O02543,C1749,P1028,02-10-2023,8,1120.91,344.93,0.15,Second Class,Net Banking,Returned,11
O02544,C1363,P1186,04-04-2024,8,4327.38,1317.68,0.15,Second Class,Debit Card,Returned,8
O02545,C1480,P1165,09-01-2023,1,545.79,118.27,0,First Class,Debit Card,Not Returned,3
O02546,C0576,P1094,11-11-2023,2,263.82,7.78,0.15,Same Day,Net Banking,Returned,9
O02547,C1766,P1155,05-11-2022,10,5226.21,682.37,0.1,Standard Class,Debit Card,Returned,2
O02548,C2400,P1183,04-12-2022,8,1874.32,774.16,0,Same Day,Cash on Delivery,Returned,4
O02549,C0540,P1038,17-02-2022,7,3881.58,652.4,0.2,Same Day,UPI,Not Returned,11
O02550,C1829,P1034,16-01-2023,1,220.68,49.61,0,First Class,Credit Card,Returned,1
O02551,C0136,P1146,03-02-2022,3,1097.44,113.04,0.15,Second Class,Cash on Delivery,Not Returned,4
O02552,C2038,P1094,03-01-2022,8,993.22,160.7,0.2,Second Class,UPI,Returned,9
O02553,C1010,P1055,06-04-2023,5,2642.36,398.64,0.1,Same Day,Credit Card,Not Returned,3
O06325,C2393,P1059,19-04-2022,,1068.65,-175.05,0.3,Second Class,Net Banking,Returned,11
O02555,C0233,P1017,11-11-2022,3,655.51,27.34,0.3,Second Class,Net Banking,Not Returned,7
O04731,C0729,P1033,02-09-2022,3,206.97,-175.03,0.5,First Class,Cash on Delivery,Not Returned,9
O02557,C2390,P1130,01-04-2022,7,4677.4,1561,0.2,First Class,Credit Card,Returned,6
O06913,C0310,P1057,04-03-2023,6,2583.3,-174.47,0.5,First Class,Cash on Delivery,Not Returned,9
O01497,C1306,P1143,17-04-2024,6,2411.14,-174.18,0.2,Second Class,Credit Card,Not Returned,12
O05558,C0421,P1072,14-02-2022,6,1178.1,-174.02,0.3,Second Class,Net Banking,Returned,5
O02561,C2389,P1097,01-08-2022,3,1277.76,581.17,0,Same Day,UPI,Returned,9
O02562,C1628,P1025,25-12-2023,7,1467.39,81.26,0.15,Standard Class,Debit Card,Not Returned,6
O02563,C0602,P1122,30-11-2022,10,1632.51,495.72,0.15,First Class,Net Banking,Not Returned,9
O02564,C1542,P1095,12-12-2022,1,292.72,31.1,0,Same Day,Net Banking,Not Returned,11
O02565,C1387,P1167,01-03-2023,5,3276.24,1072.56,0.2,First Class,Net Banking,Not Returned,4
O05706,C1862,P1128,07-01-2023,10,296.5,-173.96,0.5,Second Class,Credit Card,Not Returned,8
O00183,C0272,P1124,30-04-2024,9,2927.04,-173.76,0.3,First Class,Net Banking,Not Returned,12
O02568,C2344,P1106,18-08-2022,6,1448.71,41.45,0.3,First Class,Credit Card,Returned,3
O02569,C2155,P1127,03-05-2023,10,7973.84,2937.38,0.2,Same Day,Cash on Delivery,Returned,5
O02571,C0715,P1051,25-03-2022,6,3104.85,1029.9,0.05,First Class,Cash on Delivery,Not Returned,6
O02572,C1621,P1151,17-05-2024,10,5443.84,,0.2,Same Day,UPI,Returned,5
O02573,C2134,P1048,31-05-2023,,2826.4,788.34,0.1,Same Day,Net Banking,Not Returned,2
O02574,C0970,P1027,12-01-2022,4,2159.44,825.02,0,Same Day,Cash on Delivery,Not Returned,5
O01415,C2341,P1057,15-05-2022,5,2152.75,-173.59,0.5,First Class,Credit Card,Returned,10
O02576,C1823,P1078,16-10-2022,2,457.97,95.97,0.2,Same Day,UPI,Returned,4
O02577,C1906,P1072,28-02-2023,4,953.7,75.45,0.15,First Class,Net Banking,Not Returned,6
O02578,C0285,P1061,23-05-2022,6,3520.15,1147.03,0.05,Standard Class,Credit Card,Not Returned,12
O02579,C1309,P1176,31-12-2022,6,3396.42,569.69,0,Same Day,UPI,Not Returned,10
O02580,C2269,P1018,19-03-2022,1,620.86,178.64,0.1,Same Day,Net Banking,Returned,3
O05869,C0300,P1070,02-07-2022,3,581.06,-173.5,0.5,Standard Class,Cash on Delivery,Returned,9
O03929,C1567,P1115,24-02-2024,8,249.64,-173.15,0.5,Same Day,Credit Card,Not Returned,8
O04204,C0139,P1165,14-04-2023,6,2292.32,-173.07,0.3,Same Day,Cash on Delivery,Returned,10
O06543,C1754,P1103,19-06-2024,4,666.57,-172.87,0.3,First Class,UPI,Returned,5
O02585,C2065,P1055,11-04-2022,9,5284.71,1292.12,0,Second Class,Credit Card,Not Returned,4
O02586,C0570,P1060,27-12-2023,4,2432.88,879.15,0,Standard Class,UPI,Not Returned,2
O01200,C0788,P1152,19-10-2022,10,702.1,-172.35,0.3,Second Class,Debit Card,Returned,9
O02588,C1876,P1123,16-12-2022,1,184.88,16.07,0,Second Class,Credit Card,Not Returned,2
O03681,C2330,P1072,09-05-2022,2,280.5,-171.91,0.5,Second Class,Credit Card,Returned,8
O02590,C1609,P1038,31-08-2022,2,1178.34,214.25,0.15,Standard Class,UPI,Not Returned,12
O04744,C1969,P1005,14-04-2022,6,546.36,-171.57,0.5,Second Class,Credit Card,Not Returned,11
O02592,C1638,P1110,16-06-2023,5,2750.23,299.4,0.3,First Class,Debit Card,Not Returned,3
O02593,C0211,P1155,11-05-2024,6,2787.31,70.37,0.2,Same Day,Debit Card,Returned,10
O02594,C1264,P1151,13-01-2022,5,2892.04,784.19,0.15,Second Class,Net Banking,Returned,10
O02595,C2177,P1053,12-05-2022,3,245.9,45.75,0.15,Standard Class,UPI,Not Returned,9
O03025,C1524,P1015,18-11-2022,3,1068.53,-170.9,0.5,First Class,UPI,Not Returned,2
O00996,C2095,P1124,29-09-2023,9,2927.04,-170.74,0.3,Standard Class,UPI,Returned,5
O02598,C0949,P1052,18-05-2023,9,1805.4,512.82,0.15,Same Day,Credit Card,Not Returned,9
O02599,C1796,P1137,10-12-2022,3,273.75,36.62,0,First Class,Net Banking,Returned,8
O02600,C0429,P1100,01-09-2023,8,7124.92,3212.83,0.05,Second Class,Credit Card,Returned,6
O02601,C0243,P1126,03-09-2022,2,130.89,18.21,0.05,Same Day,Debit Card,Returned,6
O02602,C1095,P1165,19-04-2022,1,545.79,111.2,0,Same Day,Net Banking,Returned,6
O02603,C1305,P1126,19-01-2024,9,620.01,180.27,0,First Class,Net Banking,Not Returned,10
O02604,C0231,P1157,21-09-2023,4,2677.03,1064.14,0.1,First Class,Credit Card,Returned,6
O02605,C0745,P1116,26-04-2023,7,2883.94,741.91,0.2,Standard Class,Cash on Delivery,Returned,1
O02606,C1930,P1161,15-08-2023,7,4857.87,1982.75,0.1,Same Day,Cash on Delivery,Returned,4
O02607,C0482,P1191,06-08-2022,6,1351.36,346.54,0.05,Standard Class,Debit Card,Not Returned,9
O02860,C2149,P1187,28-02-2022,2,219.19,-170.46,0.5,Same Day,Debit Card,Not Returned,2
O02609,C1237,P1034,05-03-2024,3,529.63,0.52,0.2,Second Class,Cash on Delivery,Returned,7
O02737,C1470,P1020,29-08-2023,1,202.7,-170.04,0.5,First Class,Credit Card,Not Returned,9
O02611,C2176,P1044,17-04-2023,4,249.28,6.26,0,First Class,Net Banking,Not Returned,11
O02612,C1682,P1144,09-05-2023,1,264.13,26.93,0.1,Standard Class,Net Banking,Not Returned,4
O02613,C0181,P1086,05-08-2022,2,829.14,310.8,0.05,Standard Class,UPI,Not Returned,8
O02614,C0056,P1111,25-05-2022,6,2932.98,1235.33,0,Standard Class,Credit Card,Not Returned,10
O02615,C0267,P1185,04-03-2023,6,2440.5,763.5,0.15,Same Day,Cash on Delivery,Not Returned,8
O03945,C0311,P1103,16-05-2023,8,1523.58,-170.04,0,First Class,UPI,Not Returned,1
O02617,C0035,P1131,28-05-2024,2,474.6,73.97,0,First Class,Debit Card,Returned,2
O02618,C1215,P1181,29-03-2024,1,479.07,128.74,0,Standard Class,Credit Card,Returned,11
O02619,C1203,P1053,25-11-2022,10,916.08,247.84,0.05,Standard Class,UPI,Not Returned,12
O02620,C0799,P1060,03-11-2022,8,4865.76,1753.24,0,Same Day,Debit Card,Returned,7
O02621,C0081,P1041,09-12-2022,,1527.23,595.43,0.1,Second Class,UPI,Returned,6
O04645,C2104,P1151,15-12-2023,2,680.48,-169.97,0.5,Standard Class,Cash on Delivery,Returned,9
O02623,C1867,P1064,28-01-2023,5,3868.35,1648.07,0.05,First Class,Net Banking,Returned,12
O02624,C1569,P1177,21-03-2024,1,520.27,27.49,0.15,Same Day,Cash on Delivery,Not Returned,2
O02625,C0692,P1043,18-03-2022,7,5169.71,1658,0.05,Second Class,Credit Card,Not Returned,11
O02626,C0731,P1045,10-03-2022,2,180.35,32.68,0.15,Standard Class,Cash on Delivery,Not Returned,5
O02627,C0720,P1121,21-07-2022,2,981.69,434.55,0.05,First Class,Cash on Delivery,Returned,6
O06038,C0281,P1082,02-03-2022,2,702.58,-169.6,0.3,Standard Class,Cash on Delivery,Returned,2
O05254,C0965,P1109,13-12-2023,6,352.08,-169.36,0.5,First Class,Credit Card,Returned,8
O02630,C0495,P1126,04-10-2022,10,551.12,49.65,0.2,Second Class,Cash on Delivery,Not Returned,12
O02631,C1265,P1092,18-08-2023,7,1631.34,149.23,0.2,Standard Class,Credit Card,Returned,2
O02632,C0220,P1149,05-06-2022,8,639.43,219.42,0.1,Same Day,Cash on Delivery,Not Returned,7
O02633,C0781,P1135,17-03-2022,6,2697.55,216.89,0.2,Standard Class,Credit Card,Not Returned,8
O02634,C0184,P1012,03-03-2023,6,3225.84,303.84,0.2,First Class,Credit Card,Returned,12
O00336,C1086,P1057,13-04-2023,6,2583.3,-169.35,0.5,Standard Class,Cash on Delivery,Returned,9
O02636,C2191,P1094,11-07-2023,3,442.29,114.65,0,First Class,Net Banking,Returned,7
O00825,C1736,P1157,28-10-2023,8,2974.48,-168.69,0.5,Same Day,Credit Card,Returned,5
O02638,C1169,P1076,13-04-2024,7,2093.15,479.47,0.15,Second Class,Cash on Delivery,Not Returned,11
O01116,C0572,P1106,18-08-2023,2,344.93,-167.87,0.5,First Class,UPI,Not Returned,12
O02640,C1561,P1185,02-07-2022,1,406.75,98.65,0.15,Second Class,UPI,Not Returned,2
O01527,C0624,P1094,27-09-2023,6,465.57,-167.67,0.5,Second Class,Net Banking,Returned,12
O02642,C1347,P1108,24-10-2022,5,2342.27,906.17,0.05,Second Class,Cash on Delivery,Returned,8
O05914,C2449,P1005,10-10-2022,5,455.3,-167.18,0.5,Second Class,Debit Card,Not Returned,6
O00546,C2204,P1023,04-11-2023,7,281.12,-166.53,0.5,Standard Class,Credit Card,Not Returned,9
O02645,C2306,P1136,26-01-2024,1,553.95,174.08,0.15,Same Day,Credit Card,Returned,9
O02646,C0984,P1102,29-08-2022,10,2563.68,62.56,0.2,Second Class,UPI,Returned,6
O02648,C1877,P1107,03-03-2024,1,669.35,160.12,0.3,Same Day,Credit Card,Not Returned,8
O02649,C1728,P1109,01-03-2023,7,657.22,32.54,0.2,First Class,Cash on Delivery,Not Returned,2
O00596,C1564,P1086,18-11-2023,6,1309.17,-166.46,0.5,Second Class,Net Banking,Not Returned,3
O00506,C0309,P1101,26-05-2022,3,1117.6,-165.95,0.3,Second Class,Net Banking,Not Returned,5
O02652,C0797,P1177,22-12-2023,6,3672.48,713.05,0,First Class,UPI,Returned,7
O02653,C2490,P1052,22-01-2024,4,802.4,200.41,0.15,Standard Class,Net Banking,Returned,8
O02654,C2400,P1188,18-05-2022,3,1335.88,313.76,0.05,Same Day,UPI,Returned,11
O02655,C2461,P1099,13-07-2023,3,2637.85,1105.4,0.05,Second Class,Debit Card,Not Returned,11
O01380,C0131,P1103,25-06-2023,4,666.57,-165.81,0.3,Standard Class,Cash on Delivery,Returned,10
O02657,C2218,P1027,25-05-2023,7,3590.07,1258.21,0.05,Second Class,Credit Card,Returned,1
O02658,C0677,P1113,04-09-2022,9,3447.43,1116.71,0.2,First Class,UPI,Returned,4
O02659,C0958,P1127,20-01-2022,9,8970.57,4449.49,0,Standard Class,UPI,Returned,3
O02660,C1733,P1175,19-03-2022,2,1242.67,249.26,0.2,First Class,Net Banking,Returned,7
O02661,C0592,P1100,19-10-2023,9,7171.8,2779.53,0.15,Same Day,UPI,Returned,11
O02662,C1751,P1003,22-10-2023,3,1580.64,221.53,0,First Class,Credit Card,Returned,1
O02663,C0596,P1102,16-02-2022,7,2018.9,275.19,0.1,First Class,UPI,Returned,2
O02664,C0724,P1049,03-02-2024,4,3278.84,1314.03,0.1,Second Class,Credit Card,Returned,10
O05609,C2485,P1176,17-08-2022,7,3169.99,-165.45,0.2,Same Day,Net Banking,Returned,10
O06534,C0865,P1031,04-07-2022,3,728.28,-165.22,0.5,Same Day,UPI,Not Returned,4
O02667,C1146,P1098,14-09-2023,2,608.68,8.82,0.05,Second Class,UPI,Not Returned,9
O02668,C0485,P1049,05-01-2023,8,6922,3028.61,0.05,Standard Class,Net Banking,Returned,5
O02669,C1999,P1119,04-12-2023,2,799.04,166.42,0.2,First Class,UPI,Returned,11
O03688,C1218,P1000,20-03-2022,,181.46,-165.11,0.5,First Class,Cash on Delivery,Returned,8
O02671,C0898,P1033,13-10-2022,3,413.94,25.97,0,Same Day,UPI,Not Returned,5
O02672,C1633,P1058,18-11-2022,1,222.45,50.95,0,Same Day,UPI,Not Returned,4
O02673,C0110,P1168,10-07-2022,8,1397.38,410.91,0.2,First Class,Credit Card,Not Returned,5
O06596,C1600,P1125,10-01-2022,7,1025.6,-164.73,0.5,Standard Class,UPI,Returned,9
O02441,C0910,P1191,23-10-2023,3,355.62,-164.1,0.5,Second Class,Credit Card,Returned,3
O02676,C0955,P1139,30-10-2022,2,471.76,144.66,0,Standard Class,Debit Card,Returned,1
O06028,C1134,P1183,09-01-2024,7,820.02,-163.52,0.5,Same Day,UPI,Not Returned,11
O02678,C0387,P1144,31-07-2023,8,2347.84,571.13,0,Standard Class,Cash on Delivery,Not Returned,8
O02679,C0027,P1066,01-12-2022,1,816.45,360.33,0.05,Standard Class,Net Banking,Returned,3
O03513,C0769,P1115,24-07-2023,7,218.44,-163.51,0.5,Same Day,UPI,Not Returned,4
O02681,C1020,P1037,22-08-2022,1,433.97,61.9,0.1,Second Class,Debit Card,Not Returned,10
O02682,C1099,P1069,17-10-2022,3,1264.41,82.61,0.1,Standard Class,UPI,Not Returned,5
O02683,C1633,P1182,13-04-2024,4,1222.69,411.55,0.05,Standard Class,Credit Card,Not Returned,6
O02684,C2173,P1171,02-05-2023,10,275.1,13.71,0,First Class,Credit Card,Returned,6
O02686,C1669,P1154,30-07-2022,2,1050.06,214.63,0.3,Standard Class,Cash on Delivery,Returned,11
O02687,C2408,P1024,16-05-2023,3,1377.6,391.07,0,Standard Class,Debit Card,Returned,3
O00569,C1502,P1072,25-10-2022,7,1374.45,-162.5,0.3,First Class,Debit Card,Not Returned,7
O05071,C2445,P1036,28-02-2022,1,303.9,-162.16,0.5,Same Day,Debit Card,Not Returned,5
O00313,C1788,P1146,26-11-2023,6,1807.55,-161.92,0.3,First Class,Net Banking,Returned,6
O02691,C0442,P1061,02-10-2023,9,5280.22,1719.06,0.05,First Class,UPI,Returned,4
O02692,C0918,P1109,15-01-2023,3,334.48,56.3,0.05,First Class,Credit Card,Returned,6
O02207,C0796,P1148,23-02-2022,9,1862.32,-160.62,0.15,First Class,Net Banking,Returned,8
O02694,C0026,P1166,15-10-2022,5,2251.02,250.85,0.05,First Class,Cash on Delivery,Not Returned,5
O02695,C0992,P1157,14-03-2023,10,7064.39,3135.26,0.05,Second Class,Net Banking,Not Returned,9
O02696,C0770,P1187,19-11-2023,7,1457.61,90.11,0.05,Second Class,Cash on Delivery,Not Returned,11
O06429,C0054,P1116,09-03-2023,3,772.48,-160.55,0.5,First Class,Credit Card,Not Returned,12
O03404,C2064,P1095,25-02-2024,10,2049.04,-160.45,0.3,Second Class,Net Banking,Not Returned,1
O02699,C0228,P1027,11-02-2023,1,458.88,100.98,0.15,Same Day,Debit Card,Returned,2
O00722,C1175,P1164,22-06-2022,6,2270.64,-160.12,0.5,First Class,Cash on Delivery,Returned,7
O03938,C1106,P1146,04-10-2022,6,1807.55,-159.71,0.3,Same Day,UPI,Returned,8
O02711,C0988,P1179,18-12-2022,7,329.42,-159.11,0.5,Second Class,UPI,Returned,6
O02703,C0186,P1110,22-04-2022,8,4400.37,509.32,0.3,Second Class,Net Banking,Returned,9
O02704,C2377,P1183,01-12-2023,4,890.3,307.81,0.05,Same Day,Credit Card,Not Returned,7
O02705,C2032,P1174,15-04-2024,2,804.83,132.78,0.15,First Class,Net Banking,Not Returned,11
O02706,C0343,P1041,20-07-2023,6,3393.84,1606.51,0,First Class,UPI,Returned,12
O01850,C0292,P1057,04-01-2022,5,2152.75,-158.81,0.5,Standard Class,UPI,Not Returned,11
O02708,C0340,P1052,07-10-2022,7,1404.2,392.35,0.15,Second Class,Net Banking,Returned,12
O02709,C0844,P1014,10-08-2022,3,1467.63,167,0.3,First Class,UPI,Returned,1
O02710,C0624,P1105,28-03-2023,3,644.38,219.47,0.15,First Class,Cash on Delivery,Not Returned,10
O05793,C1261,P1177,30-10-2023,2,856.91,-158.45,0.3,First Class,Debit Card,Not Returned,1
O02712,C0318,P1031,27-07-2023,3,1456.56,577.62,0,First Class,UPI,Not Returned,10
O06945,C0184,P1156,14-08-2022,5,552.05,-157.79,0.3,Second Class,Net Banking,Not Returned,8
O02714,C1929,P1055,25-02-2024,5,2348.76,132.62,0.2,Standard Class,Cash on Delivery,Returned,7
O04300,C0900,P1166,15-07-2023,9,3412.08,-157.28,0.2,Second Class,UPI,Returned,5
O02716,C1689,P1092,13-10-2022,9,2097.43,188.87,0.2,Same Day,UPI,Returned,4
O02717,C1325,P1167,10-04-2024,4,3276.24,1485.22,0,First Class,UPI,Not Returned,6
O02718,C1393,P1106,22-07-2022,8,1379.72,,0.5,Standard Class,Net Banking,Returned,10
O02719,C0090,P1135,13-01-2022,5,2809.95,732.13,0,Standard Class,UPI,Not Returned,9
O02720,C1254,P1186,24-12-2022,9,4868.31,1479.06,0.15,First Class,UPI,Not Returned,10
O02721,C0452,P1073,31-10-2022,2,867.35,298.74,0.1,Same Day,Cash on Delivery,Not Returned,11
O02722,C1486,P1038,29-05-2023,7,4609.38,1377.43,0.05,Second Class,UPI,Not Returned,4
O02723,C1803,P1097,28-11-2022,9,3449.95,1366.34,0.1,Second Class,UPI,Not Returned,7
O02724,C1666,P1183,30-10-2022,5,820.02,132.27,0.3,Same Day,Net Banking,Not Returned,5
O05933,C0402,P1124,28-05-2022,9,2927.04,-155.96,0.3,Standard Class,UPI,Returned,3
O02726,C0472,P1144,09-02-2024,5,1173.92,77.78,0.2,Second Class,Net Banking,Not Returned,2
O02727,C1339,P1131,31-10-2023,9,1815.35,62.6,0.15,Same Day,UPI,Returned,3
O02728,C2233,P1182,13-05-2024,5,1287.04,278.72,0.2,Second Class,Debit Card,Returned,8
O02729,C2018,P1059,03-01-2022,9,3434.94,642.17,0,Standard Class,Cash on Delivery,Not Returned,6
O02915,C0023,P1023,05-06-2023,7,281.12,-155.9,0.5,Same Day,UPI,Not Returned,11
O01601,C1350,P1180,26-07-2023,9,3195.93,-155.4,0.3,Standard Class,Cash on Delivery,Returned,9
O01379,C0585,P1161,12-03-2023,5,1927.72,-155.35,0.5,Standard Class,UPI,Returned,12
O02734,C1820,P1082,30-07-2022,10,5018.4,669.8,0,Second Class,Net Banking,Not Returned,11
O02735,C1590,P1132,27-11-2022,4,2756.56,1050.93,0.05,Same Day,Net Banking,Returned,12
O04159,C0858,P1069,24-05-2024,10,3746.4,-154.73,0.2,Same Day,UPI,Not Returned,11
O02738,C2158,P1053,15-10-2023,8,771.44,219.45,0,Same Day,Net Banking,Returned,2
O02739,C0833,P1050,30-03-2024,6,139.38,,0.15,Same Day,Net Banking,Returned,9
O02740,C2407,P1119,12-01-2024,3,1348.38,405.24,0.1,Second Class,UPI,Not Returned,2
O02741,C1784,P1158,27-06-2022,10,2774.8,656.07,0.2,Second Class,Credit Card,Returned,12
O02742,C0397,P1075,04-05-2024,4,2683.01,648.4,0.2,First Class,Cash on Delivery,Returned,1
O02743,C1158,P1111,05-08-2022,8,2737.45,490.01,0.3,First Class,Cash on Delivery,Not Returned,6
O02744,C1315,P1046,10-05-2023,7,3505.74,672.34,0.15,Same Day,Net Banking,Not Returned,1
O02745,C0024,P1093,27-08-2023,5,2574.76,389.86,0.1,First Class,Debit Card,Not Returned,11
O02746,C0019,P1093,18-04-2024,7,3404.41,332.44,0.15,Same Day,Net Banking,Not Returned,7
O02747,C0648,P1014,17-02-2022,5,2970.2,795.08,0.15,First Class,Credit Card,Not Returned,5
O02748,C0925,P1120,14-03-2022,6,1890.65,551.43,0.1,Same Day,Cash on Delivery,Returned,10
O02749,C1708,P1163,28-05-2022,9,2410.42,828.55,0.2,Same Day,UPI,Not Returned,12
O02750,C0833,P1064,24-06-2022,1,692.23,206.59,0.15,Same Day,Debit Card,Returned,1
O00296,C1927,P1165,11-04-2023,5,1910.26,-154.69,0.3,Same Day,Net Banking,Returned,2
O02752,C0685,P1138,15-12-2023,1,94.8,23.35,0.05,Standard Class,UPI,Returned,2
O02753,C2364,P1145,15-02-2023,9,170.59,29.84,0.1,First Class,Debit Card,Returned,12
O02754,C1118,P1115,07-02-2023,5,280.84,22.68,0.1,First Class,Debit Card,Not Returned,12
O02755,C1052,P1186,09-04-2023,9,5441.05,2059.73,0.05,Standard Class,Credit Card,Not Returned,6
O02756,C1625,P1076,19-03-2023,7,2093.15,474.34,0.15,First Class,Cash on Delivery,Not Returned,11
O02757,C2388,P1028,01-07-2023,5,824.2,329.02,0,Standard Class,Cash on Delivery,Returned,12
O02758,C0526,P1130,11-03-2023,7,5554.41,2446.2,0.05,Second Class,Cash on Delivery,Returned,7
O02759,C1749,P1004,22-06-2023,9,1978.26,16.42,0.1,Second Class,Net Banking,Not Returned,10
O02761,C2012,P1005,29-01-2024,10,1639.08,424.26,0,Same Day,Credit Card,Returned,3
O00947,C2445,P1057,24-07-2023,4,1722.2,-154.66,0.5,Same Day,Cash on Delivery,Returned,3
O02763,C0855,P1046,04-06-2022,5,2504.1,477.51,0.15,Second Class,Cash on Delivery,Returned,11
O02764,C1803,P1183,22-10-2022,6,1405.74,568.39,0,Standard Class,Debit Card,Returned,4
O02765,C2009,P1116,17-11-2022,1,360.49,31.67,0.3,First Class,Credit Card,Returned,3
O02766,C1930,P1060,11-02-2024,5,2432.88,496.34,0.2,Second Class,Credit Card,Returned,9
O00094,C0727,P1138,17-01-2022,9,449.06,-154.52,0.5,Standard Class,Credit Card,Not Returned,11
O02768,C0021,P1074,09-04-2022,10,1498.7,387.04,0,Second Class,Credit Card,Not Returned,8
O02769,C0953,P1114,18-12-2022,4,582.08,208.89,0.15,Same Day,Credit Card,Not Returned,6
O02770,C2117,P1015,23-10-2022,5,2849.4,775.25,0.2,Standard Class,Debit Card,Returned,10
O00394,C0169,P1055,22-05-2023,4,1644.13,-154.2,0.3,Same Day,Cash on Delivery,Not Returned,7
O02772,C1706,P1140,30-04-2024,2,881.71,113.64,0.05,Same Day,Cash on Delivery,Not Returned,9
O02773,C1211,P1055,30-04-2023,3,1585.41,226.34,0.1,Second Class,Cash on Delivery,Returned,4
O03467,C1444,P1100,04-09-2023,9,4218.7,-153.68,0.5,Same Day,UPI,Returned,7
O02775,C1613,P1015,28-03-2022,2,1282.23,430.16,0.1,Second Class,UPI,Not Returned,11
O02776,C0370,P1182,04-01-2022,6,1544.45,342.95,0.2,Second Class,Net Banking,Not Returned,5
O02777,C0864,P1067,06-02-2024,5,379.52,77.6,0.05,Second Class,Credit Card,Returned,11
O03751,C0821,P1138,06-02-2022,10,498.95,-153.28,0.5,First Class,Debit Card,Returned,10
O01929,C0472,P1022,21-01-2024,8,257.2,-153.13,0.5,First Class,UPI,Not Returned,5
O02780,C0018,P1054,14-02-2022,1,454.98,215.7,0,First Class,Cash on Delivery,Not Returned,11
O02781,C2442,P1190,18-10-2022,8,3379.46,433.21,0.15,First Class,Net Banking,Returned,4
O02782,C1679,P1032,16-10-2023,5,3423.24,1267.09,0.1,Same Day,Cash on Delivery,Not Returned,2
O02783,C1800,P1179,23-01-2024,6,508.25,90.84,0.1,Standard Class,Cash on Delivery,Not Returned,2
O02784,C0816,P1066,31-01-2023,8,5844.06,2291.7,0.15,First Class,Net Banking,Returned,1
O02785,C1142,P1071,01-02-2024,4,738.36,163.99,0.3,First Class,Credit Card,Returned,1
O02786,C1262,P1180,11-05-2022,10,4819.26,1136.08,0.05,First Class,Credit Card,Not Returned,11
O02787,C1168,P1180,28-02-2023,3,1445.78,318,0.05,Second Class,UPI,Returned,10
O02788,C0891,P1063,14-08-2022,8,302.64,116.79,0,Standard Class,Cash on Delivery,Returned,6
O02789,C0184,P1106,19-11-2023,3,931.31,187.3,0.1,Standard Class,Debit Card,Not Returned,3
O02790,C0874,P1190,04-04-2024,9,4025.54,755.27,0.1,Standard Class,Cash on Delivery,Not Returned,9
O02791,C1881,P1046,29-10-2022,4,1649.76,7.34,0.3,Same Day,Cash on Delivery,Returned,5
O01397,C0787,P1065,12-10-2022,9,1332.86,-152.62,0.2,First Class,UPI,Returned,6
O02793,C1169,P1188,18-06-2024,9,3585.78,538.71,0.15,First Class,Cash on Delivery,Returned,6
O02794,C1366,P1018,22-03-2024,7,4587.5,1641.94,0.05,Second Class,Debit Card,Not Returned,12
O02795,C0623,P1189,08-11-2022,3,778.34,270.85,0.15,Second Class,Net Banking,Returned,12
O02796,C0911,P1191,10-03-2024,5,1007.59,186.88,0.15,Same Day,Net Banking,Not Returned,2
O02797,C2250,P1055,02-11-2022,1,528.47,79.79,0.1,Same Day,Cash on Delivery,Not Returned,3
O02194,C1025,P1089,18-04-2024,2,330.75,-152.48,0.5,Same Day,UPI,Not Returned,2
O02799,C1164,P1091,28-11-2023,5,2925.3,425.17,0,Standard Class,Cash on Delivery,Not Returned,10
O02800,C0592,P1081,24-08-2022,6,1193.2,419.12,0.15,Second Class,Credit Card,Returned,9
O02801,C0903,P1078,09-02-2023,4,915.94,207.06,0.2,Second Class,Credit Card,Not Returned,8
O02802,C2018,P1142,17-09-2023,10,2387.55,,0.5,Second Class,UPI,Returned,7
O02803,C1590,P1079,11-01-2023,4,637.48,,0,First Class,Credit Card,Returned,2
O02804,C0332,P1052,09-02-2023,4,896.8,292.22,0.05,Standard Class,Cash on Delivery,Returned,2
O02805,C2014,P1182,08-09-2022,3,820.49,217.19,0.15,Standard Class,Credit Card,Not Returned,10
O03466,C0764,P1022,09-06-2022,7,225.05,-152.33,0.5,Standard Class,Credit Card,Returned,10
O04890,C1789,P1045,22-11-2022,10,530.45,-152.06,0.5,First Class,Credit Card,Returned,7
O02808,C1109,P1022,12-08-2022,9,549.76,91.29,0.05,Standard Class,Debit Card,Not Returned,12
O02809,C2143,P1146,29-04-2022,8,3098.66,496.55,0.1,Same Day,UPI,Returned,8
O06688,C1731,P1025,17-11-2023,2,246.62,-152.06,0.5,Standard Class,Cash on Delivery,Returned,11
O02811,C1660,P1172,07-05-2024,10,2245.88,527.25,0.3,First Class,Cash on Delivery,Returned,3
O02812,C2035,P1037,28-08-2022,5,1687.66,23.44,0.3,Same Day,Credit Card,Not Returned,3
O02813,C0024,P1039,25-04-2022,1,175.56,26.8,0.05,Second Class,Credit Card,Not Returned,8
O02814,C2167,P1069,27-03-2022,1,468.3,44.32,0,Same Day,Cash on Delivery,Not Returned,12
O02815,C0867,P1172,24-11-2022,3,770.02,252.15,0.2,Second Class,Net Banking,Not Returned,4
O02816,C2418,P1152,22-09-2023,1,95.28,0.01,0.05,First Class,Credit Card,Returned,5
O02817,C1722,P1049,21-03-2022,1,819.71,293.24,0.1,Standard Class,Net Banking,Not Returned,6
O02818,C0649,P1038,24-11-2022,1,554.51,79.7,0.2,Second Class,Net Banking,Not Returned,7
O03808,C0307,P1182,03-02-2022,3,482.64,-151.58,0.5,First Class,Cash on Delivery,Returned,5
O02821,C2242,P1153,13-01-2024,10,2613.41,987,0.15,Second Class,Credit Card,Returned,6
O02822,C2106,P1071,06-03-2022,2,527.4,208.83,0,Same Day,Cash on Delivery,Returned,2
O02823,C1590,P1151,31-01-2022,10,5443.84,1247.56,0.2,Same Day,Debit Card,Not Returned,2
O02824,C1677,P1049,07-02-2023,2,1548.34,569.47,0.15,Same Day,Cash on Delivery,Not Returned,4
O02825,C2118,P1142,15-03-2024,2,907.27,363.27,0.05,Standard Class,Debit Card,Not Returned,9
O04679,C1708,P1100,08-02-2023,8,3749.96,-151.3,0.5,Second Class,Credit Card,Returned,2
O02827,C0588,P1096,14-03-2022,7,1521.3,569.68,0.15,Standard Class,UPI,Not Returned,1
O02828,C0786,P1123,06-04-2023,10,1756.36,446.2,0.05,Same Day,UPI,Returned,3
O02829,C1956,P1049,22-12-2023,4,2914.53,966.02,0.2,Second Class,Net Banking,Not Returned,11
O02830,C1867,P1029,17-01-2024,3,350.57,36.57,0.1,Second Class,Cash on Delivery,Not Returned,9
O02831,C2448,P1067,30-08-2022,10,639.2,93.16,0.2,Second Class,Cash on Delivery,Returned,4
O01433,C1976,P1031,04-04-2024,3,728.28,-151.25,0.5,Standard Class,UPI,Not Returned,4
O02833,C1645,P1086,30-03-2024,7,2901.99,1173.6,0.05,Second Class,Net Banking,Returned,10
O02834,C1699,P1072,17-02-2024,9,2398.28,422.86,0.05,Standard Class,Cash on Delivery,Not Returned,11
O02835,C2167,P1048,09-06-2022,8,5338.75,1341.48,0.15,Second Class,Debit Card,Returned,7
O02836,C0431,P1070,25-02-2023,3,1162.11,390.1,0,Second Class,UPI,Not Returned,7
O02837,C0804,P1030,18-12-2022,4,2985.84,961.66,0.1,Same Day,Credit Card,Returned,4
O01112,C0702,P1090,12-05-2024,2,626.54,-150.88,0.5,Standard Class,Credit Card,Not Returned,11
O02839,C0092,P1148,24-04-2023,3,730.32,63.12,0,First Class,Net Banking,Not Returned,3
O02840,C1212,P1028,06-01-2024,2,230.78,13.12,0.3,Standard Class,Debit Card,Returned,3
O02841,C0083,P1134,22-02-2023,10,3658.2,343.16,0,Same Day,Debit Card,Returned,10
O02842,C1923,P1038,27-06-2022,10,5545.12,914.24,0.2,Same Day,Debit Card,Returned,6
O03319,C0202,P1020,22-12-2022,10,3445.98,-150.84,0.15,Standard Class,Credit Card,Not Returned,4
O02844,C2004,P1149,05-12-2023,8,568.38,180.44,0.2,Second Class,Debit Card,Not Returned,12
O02845,C0434,P1092,31-05-2023,4,1165.24,329.96,0,Second Class,Net Banking,Not Returned,3
O02846,C1172,P1083,17-04-2024,5,1023.72,352.11,0.05,Same Day,Cash on Delivery,Not Returned,2
O00073,C1020,P1100,10-04-2023,9,4218.7,-150.08,0.5,First Class,Debit Card,Returned,1
O02848,C1394,P1014,06-10-2023,8,4472.77,1022.6,0.2,First Class,Net Banking,Returned,6
O02849,C1101,P1022,18-06-2022,10,643,142.39,0,Standard Class,UPI,Not Returned,1
O00036,C0532,P1100,21-05-2023,9,4218.7,-149.85,0.5,Standard Class,Cash on Delivery,Returned,4
O03554,C1556,P1003,26-06-2023,4,1686.02,-149.32,0.2,Standard Class,Credit Card,Not Returned,7
O02852,C0578,P1108,10-02-2024,10,3944.88,1079.93,0.2,Standard Class,UPI,Not Returned,2
O04336,C0042,P1088,12-10-2022,7,299.46,-148.85,0.5,Standard Class,Debit Card,Not Returned,2
O02854,C2285,P1002,16-06-2023,6,3042.38,795.59,0.2,First Class,Net Banking,Not Returned,11
O02855,C0829,P1100,11-02-2024,8,5249.94,1346.8,0.3,Second Class,UPI,Not Returned,6
O02856,C0878,P1048,07-11-2023,8,5338.75,1323.08,0.15,Same Day,Net Banking,Returned,8
O02857,C1253,P1066,11-02-2022,5,3007.97,773.71,0.3,Standard Class,Debit Card,Returned,5
O06061,C1865,P1108,04-10-2023,4,986.22,-148.55,0.5,Standard Class,UPI,Not Returned,12
O02859,C0887,P1130,25-05-2024,7,4969.74,1841.15,0.15,Same Day,UPI,Not Returned,6
O03250,C0227,P1156,28-12-2022,2,157.73,-148.46,0.5,First Class,Cash on Delivery,Not Returned,10
O02861,C1026,P1131,14-05-2022,9,2135.7,371.63,0,Second Class,Debit Card,Not Returned,6
O02862,C1619,P1187,11-10-2022,4,789.08,23.11,0.1,First Class,UPI,Not Returned,12
O04763,C0482,P1154,15-06-2023,4,1500.08,-148.24,0.5,Standard Class,Net Banking,Returned,10
O02864,C0413,P1056,24-06-2022,3,869.05,94.76,0.1,Same Day,Net Banking,Returned,2
O06241,C0922,P1140,30-06-2023,3,974.53,-148.14,0.3,Same Day,UPI,Not Returned,8
O02866,C0417,P1083,03-08-2022,7,1357.78,426.96,0.1,Standard Class,Credit Card,Returned,4
O06766,C2404,P1086,01-11-2022,6,1309.17,-147.59,0,Standard Class,Net Banking,Not Returned,1
O02869,C0938,P1166,19-10-2022,4,1706.04,110.55,0.1,Standard Class,Debit Card,Returned,9
O02870,C2089,P1076,20-03-2024,6,2005.2,651.17,0.05,Same Day,Cash on Delivery,Not Returned,4
O02871,C1320,P1052,29-10-2023,8,1793.6,639.22,0.05,Second Class,Cash on Delivery,Returned,5
O03180,C2152,P1034,21-11-2023,2,220.68,-147.54,0,First Class,Net Banking,Returned,2
O00235,C0545,P1033,11-06-2024,9,993.46,-146.66,0.2,Same Day,Net Banking,Returned,3
O04652,C1770,P1105,25-12-2023,8,1010.8,-146.59,0.5,Standard Class,Credit Card,Returned,8
O02875,C1610,P1075,11-01-2024,4,2850.7,833.37,0.15,Second Class,Net Banking,Not Returned,8
O02876,C0422,P1013,02-11-2022,7,414.67,5.45,0.1,Standard Class,Cash on Delivery,Not Returned,12
O02877,C0135,P1075,27-01-2024,5,3982.59,1473.37,0.05,Second Class,Cash on Delivery,Not Returned,6
O02878,C0578,P1173,05-07-2023,4,2484.02,506.88,0.05,Standard Class,Credit Card,Not Returned,11
O02879,C1268,P1060,17-06-2023,2,1094.8,278.72,0.1,Same Day,Debit Card,Returned,7
O01790,C2161,P1103,17-02-2024,3,499.93,-145.79,0.3,Standard Class,Debit Card,Not Returned,9
O02881,C2235,P1043,07-03-2023,8,5286.32,1283.93,0.15,Second Class,Net Banking,Not Returned,4
O02882,C1800,P1060,24-02-2022,1,577.81,162.94,0.05,Second Class,UPI,Returned,4
O02145,C2323,P1053,16-02-2024,7,337.5,-145.18,0.5,Second Class,Net Banking,Returned,1
O02884,C1814,P1115,02-01-2023,10,561.69,26.83,0.1,Standard Class,Cash on Delivery,Not Returned,6
O02885,C0625,P1019,02-11-2022,7,3430.29,354.62,0.3,Standard Class,UPI,Not Returned,2
O02886,C0233,P1013,09-06-2022,6,375.17,23.83,0.05,First Class,Debit Card,Not Returned,8
O04457,C1985,P1022,11-03-2023,6,192.9,-145.09,0.5,Same Day,UPI,Not Returned,2
O01713,C1735,P1128,22-07-2022,7,207.55,-144.77,0.5,Second Class,Credit Card,Returned,7
O02889,C1017,P1031,14-11-2022,1,485.52,161.72,0,Same Day,Credit Card,Not Returned,12
O02890,C0101,P1189,19-04-2022,7,2136.61,954.59,0,Second Class,UPI,Not Returned,5
O02891,C2164,P1104,01-07-2022,6,1982.93,789.17,0.15,Second Class,Credit Card,Not Returned,8
O02892,C1026,P1016,30-12-2022,9,4365.09,1863.92,0.1,Standard Class,Debit Card,Not Returned,12
O02893,C1618,P1180,09-01-2023,8,4058.32,1086.23,0,First Class,UPI,Returned,7
O02895,C2285,P1116,12-07-2022,4,1647.97,421.65,0.2,Second Class,Debit Card,Not Returned,10
O02896,C2369,P1134,25-03-2022,7,2560.74,215.88,0,First Class,Cash on Delivery,Not Returned,10
O03463,C0975,P1073,26-05-2024,4,963.72,-144.65,0.5,First Class,Cash on Delivery,Returned,1
O00651,C0241,P1100,24-09-2022,8,3749.96,-144.53,0.5,First Class,Cash on Delivery,Not Returned,10
O02900,C1387,P1138,03-04-2022,4,399.16,110.47,0,Standard Class,Cash on Delivery,Not Returned,11
O02901,C1885,P1000,05-01-2022,6,2068.7,87.23,0.05,First Class,Net Banking,Not Returned,4
O02902,C2414,P1051,05-02-2023,6,2778.02,688.32,0.15,Standard Class,UPI,Not Returned,1
O02904,C0860,P1047,29-11-2022,7,394.81,68.23,0.05,Standard Class,UPI,Returned,1
O04959,C2083,P1036,24-04-2023,7,2978.27,-144.52,0.3,Same Day,Net Banking,Not Returned,11
O02906,C1052,P1113,28-10-2023,2,766.1,233.23,0.2,Second Class,Cash on Delivery,Returned,8
O05959,C0107,P1138,01-09-2022,9,449.06,-144.38,0.5,First Class,Net Banking,Returned,8
O02908,C1755,P1182,10-09-2022,3,772.22,167.66,0.2,First Class,UPI,Returned,4
O02909,C1459,P1097,27-06-2022,8,2725.89,901.63,0.2,Second Class,Net Banking,Not Returned,4
O06958,C0058,P1043,02-11-2023,1,388.7,-144.38,0.5,Standard Class,UPI,Not Returned,2
O02911,C1072,P1191,11-04-2022,6,1209.11,214.49,0.15,Second Class,UPI,Not Returned,7
O02912,C2126,P1180,13-04-2023,9,3880.77,547.86,0.15,Second Class,Debit Card,Not Returned,9
O02913,C0200,P1130,13-06-2022,10,8352.5,3908.78,0,Second Class,UPI,Returned,6
O02914,C1616,P1087,29-03-2023,2,928.37,85.61,0.1,Standard Class,Net Banking,Not Returned,8
O06266,C0749,P1130,12-01-2024,4,1670.5,-144.25,0.5,First Class,Debit Card,Not Returned,7
O02916,C0701,P1090,14-11-2023,5,2192.89,309.84,0.3,First Class,Cash on Delivery,Not Returned,4
O06712,C0986,P1124,21-01-2023,1,232.3,-143.95,0.5,Standard Class,Cash on Delivery,Returned,5
O02918,C2492,P1110,04-02-2022,6,4714.68,1766.7,0,First Class,Net Banking,Not Returned,9
O02919,C1817,P1020,01-08-2023,4,1540.56,72.03,0.05,Second Class,Net Banking,Returned,2
O06020,C1833,P1113,27-01-2022,8,1915.24,-143.88,0.5,Second Class,Credit Card,Not Returned,11
O02921,C1910,P1115,25-03-2023,9,477.44,5.12,0.15,Second Class,Credit Card,Returned,2
O02922,C0754,P1138,15-08-2023,3,299.37,72.89,0,Same Day,Credit Card,Returned,4
O02923,C1938,P1074,14-09-2022,8,1139.01,252.24,0.05,Standard Class,Net Banking,Returned,10
O02924,C0537,P1127,27-05-2024,1,897.06,374.57,0.1,Same Day,Net Banking,Not Returned,1
O02925,C0084,P1031,07-04-2023,6,2621.81,901.75,0.1,Standard Class,Cash on Delivery,Not Returned,5
O02926,C0014,P1078,23-05-2023,7,1602.89,338.85,0.2,Same Day,Cash on Delivery,Returned,1
O02927,C0802,P1119,07-04-2022,3,1348.38,429.89,0.1,Same Day,Credit Card,Not Returned,5
O04297,C0500,P1102,09-03-2023,5,1121.61,-143.87,0.3,First Class,Cash on Delivery,Not Returned,12
O04405,C0978,P1020,28-01-2022,4,1297.31,-143.65,0.2,Same Day,UPI,Returned,1
O02930,C2195,P1119,21-09-2022,9,3595.68,836.67,0.2,Same Day,Debit Card,Returned,7
O02931,C0547,P1081,14-10-2023,10,2222.62,958.91,0.05,First Class,Cash on Delivery,Not Returned,8
O02933,C0862,P1150,20-08-2023,2,1441.26,526.5,0,Standard Class,Cash on Delivery,Not Returned,3
O02934,C0650,P1075,05-07-2022,10,7545.96,2561.92,0.1,Standard Class,Credit Card,Returned,4
O00522,C1088,P1115,18-06-2024,6,187.23,-143.12,0.5,Standard Class,Debit Card,Returned,7
O02938,C1618,P1085,27-01-2023,1,718.17,227.45,0,First Class,Cash on Delivery,Returned,9
O02939,C0883,P1001,24-04-2024,6,1129.92,246.35,0,First Class,Net Banking,Not Returned,7
O00244,C0918,P1094,29-04-2024,5,387.98,-142.28,0.5,First Class,Net Banking,Returned,8
O05280,C1544,P1015,26-03-2024,2,712.35,-142.11,0.5,Standard Class,Credit Card,Returned,3
O02942,C1690,P1012,16-05-2023,7,4704.35,1329.13,0,Same Day,Credit Card,Not Returned,6
O04668,C2253,P1083,26-08-2022,5,538.8,-141.78,0.5,Standard Class,Debit Card,Not Returned,6
O02944,C0415,P1129,31-12-2022,5,1221.71,506.66,0.1,First Class,Cash on Delivery,Returned,6
O04852,C0314,P1187,17-09-2023,3,460.3,-141.71,0.3,Same Day,Cash on Delivery,Not Returned,4
O03228,C0537,P1011,29-01-2024,5,766.92,-141.38,0.3,Same Day,UPI,Not Returned,10
O02947,C1649,P1107,08-11-2023,,669.35,168.69,0.3,Second Class,Cash on Delivery,Returned,2
O02948,C2098,P1101,28-11-2022,10,5055.8,780.54,0.05,Same Day,UPI,Returned,11
O03886,C0227,P1013,31-01-2022,5,164.55,-141.29,0.5,Same Day,Cash on Delivery,Not Returned,7
O02950,C2177,P1040,25-11-2022,6,2171.64,443.67,0.05,First Class,Net Banking,Returned,7
O02951,C0713,P1188,23-04-2024,4,1499.94,128.54,0.2,Second Class,Net Banking,Returned,7
O02952,C0376,P1096,19-11-2023,2,357.95,64.49,0.3,Same Day,Cash on Delivery,Not Returned,12
O02953,C0175,P1032,04-04-2024,5,3233.06,1094.25,0.15,Second Class,Cash on Delivery,Not Returned,11
O02954,C0898,P1145,31-03-2023,5,89.5,0.59,0.15,Second Class,UPI,Returned,3
O02955,C0435,P1152,24-03-2024,10,902.7,67.94,0.1,Standard Class,Net Banking,Returned,6
O02956,C0202,P1002,07-06-2024,4,1774.72,260.15,0.3,First Class,UPI,Returned,6
O00080,C2020,P1176,12-02-2022,6,2717.14,-139.97,0.2,First Class,Debit Card,Not Returned,5
O02958,C0424,P1015,02-05-2023,,1709.64,481.39,0.2,Same Day,Cash on Delivery,Not Returned,6
O02959,C1166,P1122,23-03-2024,8,1536.48,631.56,0,Second Class,Debit Card,Returned,9
O02960,C0680,P1093,22-02-2023,7,3804.93,736.12,0.05,First Class,Net Banking,Not Returned,1
O05751,C1928,P1044,31-01-2023,5,155.8,-139.6,0.5,Same Day,UPI,Returned,12
O06580,C1622,P1069,06-08-2023,10,3746.4,-139.22,0.2,Standard Class,UPI,Returned,7
O02963,C0656,P1025,05-06-2022,3,517.9,,0.3,Same Day,Debit Card,Returned,9
O00883,C0339,P1073,22-03-2023,4,963.72,-139.04,0.5,Second Class,Debit Card,Not Returned,4
O02965,C1364,P1016,04-03-2022,1,511.95,191.77,0.05,Same Day,Net Banking,Returned,3
O02966,C1167,P1107,22-11-2022,9,7745.3,3412.16,0,Same Day,Cash on Delivery,Not Returned,3
O02967,C0785,P1118,22-02-2024,3,1415.4,55.84,0.2,Standard Class,UPI,Not Returned,12
O03271,C1290,P1053,29-08-2022,7,337.5,-138.26,0.5,Second Class,Net Banking,Not Returned,11
O02969,C0414,P1119,07-11-2023,2,848.98,229.58,0.15,Same Day,Credit Card,Not Returned,5
O02970,C0128,P1008,04-10-2023,2,384.82,125.04,0,Second Class,Credit Card,Returned,7
O02971,C0912,P1048,01-12-2023,6,4710.66,1677.69,0,First Class,Debit Card,Not Returned,1
O02972,C0771,P1055,20-10-2023,8,4697.52,1143.15,0,First Class,UPI,Returned,4
O02973,C0107,P1155,07-02-2024,1,522.62,38.41,0.1,First Class,Credit Card,Returned,11
O01997,C0466,P1002,08-07-2022,2,633.83,-138.04,0.5,First Class,Debit Card,Returned,1
O02975,C0797,P1004,20-04-2024,10,2320.18,140.73,0.05,First Class,Credit Card,Returned,9
O03377,C1890,P1029,29-05-2022,4,259.68,-137.89,0.5,Same Day,Debit Card,Returned,5
O02977,C0658,P1048,16-02-2022,7,5220.98,1714.24,0.05,Second Class,Debit Card,Returned,4
O02978,C0884,P1124,10-09-2022,10,4181.49,774.45,0.1,Second Class,Net Banking,Not Returned,10
O00960,C0035,P1137,05-04-2023,9,574.88,-137.85,0.3,First Class,Cash on Delivery,Returned,12
O02980,C2154,P1045,30-08-2023,5,503.93,153.45,0.05,Standard Class,Credit Card,Returned,1
O02981,C1321,P1121,20-04-2024,9,3952.6,1523.33,0.15,Standard Class,Cash on Delivery,Not Returned,1
O02982,C0643,P1064,06-10-2022,6,4886.34,2203.99,0,Standard Class,Debit Card,Returned,9
O02983,C0075,P1084,24-06-2022,3,399.48,28.54,0.05,Same Day,Cash on Delivery,Returned,10
O00076,C1295,P1000,06-11-2023,3,871.03,-137.18,0.2,Same Day,Credit Card,Returned,6
O00669,C2065,P1117,03-02-2024,6,635.42,-137.01,0.3,Standard Class,Net Banking,Returned,7
O02986,C2154,P1138,13-08-2022,7,698.53,236.47,0,Same Day,Debit Card,Returned,3
O02987,C0946,P1046,02-01-2022,1,471.36,63.49,0.2,First Class,Credit Card,Not Returned,1
O02988,C1034,P1103,03-03-2024,5,1130.78,67.09,0.05,First Class,Net Banking,Not Returned,6
O02989,C1918,P1164,05-03-2023,3,1589.45,333.84,0.3,Standard Class,Net Banking,Returned,7
O02990,C2192,P1164,19-11-2022,8,4844.03,1611.1,0.2,Second Class,Net Banking,Not Returned,5
O02519,C1657,P1088,02-05-2022,7,299.46,-136.89,0.5,Same Day,Cash on Delivery,Returned,9
O02992,C0810,P1188,05-07-2023,7,3281.11,904.26,0,Same Day,Credit Card,Not Returned,12
O02993,C0981,P1013,27-09-2023,1,65.82,1.59,0,First Class,Debit Card,Not Returned,4
O03206,C2110,P1008,01-09-2022,5,481.02,-136.5,0.5,Same Day,Credit Card,Not Returned,10
O02995,C0430,P1125,03-02-2023,5,1318.64,451.96,0.1,Same Day,UPI,Returned,11
O04126,C1706,P1090,11-05-2022,2,626.54,-136.3,0.5,Standard Class,Net Banking,Returned,10
O03252,C2284,P1135,03-04-2024,7,2753.75,-136.26,0.3,Second Class,UPI,Returned,12
O03256,C1669,P1161,31-12-2023,5,1927.72,-135.87,0.5,First Class,Cash on Delivery,Returned,12
O02999,C1477,P1094,02-05-2022,4,558.68,106.54,0.1,Same Day,Net Banking,Returned,3
O03000,C0501,P1052,12-12-2023,7,1486.8,460.21,0.1,Standard Class,Credit Card,Not Returned,9
O03001,C2339,P1078,06-06-2023,10,2003.61,203.86,0.3,Standard Class,Cash on Delivery,Not Returned,1
O03119,C0104,P1045,13-01-2024,9,477.4,-135.85,0.5,Standard Class,Cash on Delivery,Not Returned,11
O03003,C1176,P1150,03-03-2023,5,3422.99,1132.83,0.05,Same Day,UPI,Not Returned,2
O04156,C1008,P1009,09-10-2022,1,314.76,-135.85,0.3,First Class,UPI,Not Returned,7
O03005,C0132,P1183,14-01-2023,5,1171.45,457.1,0,Standard Class,Net Banking,Not Returned,1
O01964,C2269,P1144,17-02-2024,10,2054.36,-135.52,0.3,Same Day,Net Banking,Not Returned,9
O03007,C1889,P1136,26-08-2023,4,1824.76,467.49,0.3,First Class,UPI,Not Returned,12
O00046,C2498,P1146,02-08-2023,1,215.18,-135.46,0.5,First Class,Debit Card,Returned,3
O03009,C0017,P1183,10-03-2022,4,656.01,89.98,0.3,Second Class,Debit Card,Returned,7
O03010,C2057,P1090,28-11-2022,8,4260.47,1312.05,0.15,First Class,Credit Card,Returned,5
O03011,C0159,P1178,23-03-2024,1,612.64,110.24,0.05,Same Day,Net Banking,Not Returned,6
O03012,C0786,P1107,01-01-2022,3,2438.34,961.13,0.15,Same Day,UPI,Not Returned,7
O03013,C1101,P1078,10-01-2022,4,801.44,50.71,0.3,Same Day,Credit Card,Returned,12
O03014,C2437,P1093,07-10-2023,5,2717.81,528.68,0.05,Second Class,Net Banking,Returned,3
O03015,C0372,P1002,15-03-2022,6,3422.68,1181.36,0.1,First Class,Net Banking,Not Returned,8
O03016,C0882,P1032,25-04-2024,3,2053.94,761.11,0.1,Standard Class,Credit Card,Not Returned,10
O03017,C1801,P1172,21-04-2022,1,272.71,65.64,0.15,Second Class,Net Banking,Returned,4
O03018,C1565,P1053,10-06-2024,5,482.15,122.28,0,Standard Class,Net Banking,Not Returned,8
O03019,C2080,P1121,21-10-2022,7,3074.25,1162.47,0.15,Second Class,UPI,Not Returned,10
O03020,C1383,P1000,20-12-2023,5,1723.92,87.25,0.05,Same Day,Cash on Delivery,Returned,6
O03021,C0589,P1125,16-06-2023,9,2637.27,1137.11,0,Same Day,Net Banking,Not Returned,5
O03022,C0291,P1135,17-05-2022,6,3034.75,530.02,0.1,First Class,Debit Card,Not Returned,1
O03023,C0537,P1045,18-01-2023,6,604.71,189.3,0.05,First Class,UPI,Returned,4
O03006,C1754,P1045,13-05-2023,8,424.36,-135.11,0.5,First Class,Debit Card,Returned,8
O05904,C1157,P1015,23-04-2022,2,712.35,-134.46,0.5,Standard Class,Debit Card,Not Returned,2
O00735,C1060,P1012,01-02-2023,10,4704.35,-133.66,0.3,Second Class,UPI,Not Returned,6
O03027,C1448,P1103,26-06-2022,6,1356.94,109.87,0.05,First Class,Cash on Delivery,Returned,11
O03028,C1961,P1173,10-03-2023,2,1045.9,28.63,0.2,Standard Class,Net Banking,Not Returned,11
O03029,C1976,P1066,18-12-2023,7,6015.94,2915.01,0,Second Class,Credit Card,Not Returned,8
O03031,C1612,P1108,14-02-2022,10,3944.88,1092.49,0.2,Second Class,Net Banking,Not Returned,9
O04485,C2270,P1100,17-04-2022,6,2812.47,-133.48,0.5,Same Day,Net Banking,Returned,5
O03033,C2380,P1023,15-09-2023,9,578.3,1.6,0.2,Standard Class,Cash on Delivery,Returned,5
O03034,C1910,P1012,31-12-2023,1,638.45,144.67,0.05,Standard Class,UPI,Not Returned,7
O03204,C1791,P1076,24-05-2023,2,351.79,-133.31,0.5,Same Day,Cash on Delivery,Not Returned,8
O03036,C0814,P1088,01-03-2023,2,171.12,32.63,0,Standard Class,Credit Card,Not Returned,7
O04559,C0897,P1015,18-10-2023,2,712.35,-133.3,0.5,Standard Class,Cash on Delivery,Returned,12
O03038,C0337,P1161,08-04-2024,3,2313.27,1065.86,0,First Class,Cash on Delivery,Returned,3
O03040,C2335,P1026,11-06-2024,6,1395.41,513.3,0.15,Standard Class,Credit Card,Returned,5
O03041,C1558,P1169,28-02-2022,10,2590.4,214.36,0.2,First Class,UPI,Not Returned,5
O03042,C1770,P1159,28-05-2022,6,996.3,453.14,0,Second Class,Credit Card,Returned,1
O03043,C0405,P1170,15-01-2024,8,3963.93,716.48,0.05,Second Class,Net Banking,Returned,4
O03044,C0881,P1187,08-03-2024,10,1972.71,46.35,0.1,Standard Class,Debit Card,Returned,10
O03045,C0957,P1127,07-02-2022,4,3588.23,1546.47,0.1,Second Class,Net Banking,Not Returned,10
O03047,C0727,P1016,23-05-2022,8,3664.52,1446.54,0.15,First Class,Credit Card,Not Returned,2
O03048,C1902,P1078,14-09-2023,9,2447.27,833.74,0.05,Same Day,Cash on Delivery,Returned,3
O01259,C2331,P1072,26-05-2022,4,785.4,-133.17,0.3,First Class,Debit Card,Returned,6
O06985,C0445,P1183,12-12-2023,7,820.02,-133.01,0.5,Standard Class,UPI,Returned,8
O03051,C0383,P1061,10-07-2022,2,1235.14,413.65,0,Same Day,Net Banking,Returned,7
O03052,C2143,P1158,02-02-2024,7,1699.56,208.83,0.3,Standard Class,UPI,Returned,5
O03053,C0012,P1127,14-09-2022,1,797.38,282.77,0.2,Standard Class,Cash on Delivery,Not Returned,8
O02179,C0839,P1097,21-08-2023,7,1490.72,-132.79,0.5,Same Day,UPI,Returned,7
O03055,C0299,P1082,13-05-2022,10,4767.48,407.93,0.05,Same Day,Credit Card,Not Returned,8
O03056,C2372,P1187,14-12-2022,5,986.36,18.94,0.1,First Class,Credit Card,Returned,2
O03057,C1454,P1140,05-02-2022,5,1856.24,29.18,0.2,Same Day,Cash on Delivery,Not Returned,9
O05255,C1525,P1187,23-10-2022,3,460.3,-132.02,0.3,First Class,Credit Card,Not Returned,1
O00743,C0744,P1126,07-11-2023,8,275.56,-131.8,0.5,First Class,Cash on Delivery,Not Returned,9
O03060,C0073,P1081,17-10-2023,6,1333.57,589.6,0.05,Standard Class,Net Banking,Not Returned,10
O03061,C1586,P1017,01-04-2023,5,1326.64,310.66,0.15,Same Day,Credit Card,Not Returned,12
O03939,C1249,P1156,31-05-2024,2,157.73,-131.48,0.5,Second Class,Cash on Delivery,Not Returned,6
O03063,C0554,P1140,27-06-2022,9,3758.89,465.55,0.1,First Class,Net Banking,Returned,8
O03064,C2143,P1016,15-02-2023,8,3448.96,1242.95,0.2,First Class,Debit Card,Not Returned,11
O03065,C1470,P1190,06-05-2023,8,3180.67,270.36,0.2,Standard Class,UPI,Returned,1
O03066,C0368,P1076,02-07-2022,1,351.79,88.71,0,Second Class,Debit Card,Returned,6
O01181,C2379,P1043,30-07-2023,1,388.7,-130.9,0.5,First Class,UPI,Returned,8
O03068,C0291,P1163,02-01-2022,1,234.35,33.57,0.3,Second Class,Debit Card,Returned,11
O03069,C0761,P1052,19-10-2023,3,601.8,135.98,0.15,Same Day,Debit Card,Returned,10
O04212,C2010,P1041,24-02-2022,8,2262.56,-130.8,0.5,First Class,Net Banking,Returned,9
O05872,C0667,P1136,21-01-2023,10,3258.5,-130.51,0.5,Second Class,Net Banking,Not Returned,4
O02589,C1041,P1044,07-07-2023,8,348.99,-130.24,0.3,First Class,UPI,Not Returned,10
O03073,C2380,P1043,10-01-2022,1,738.53,204.79,0.05,Standard Class,Net Banking,Not Returned,2
O03094,C2119,P1152,26-01-2024,9,631.89,-130.18,0.3,Same Day,Credit Card,Returned,2
O03075,C0522,P1048,02-05-2024,7,4396.62,870.59,0.2,Standard Class,Net Banking,Returned,3
O06009,C2318,P1132,15-04-2022,2,725.41,-130.05,0.5,Second Class,Cash on Delivery,Not Returned,4
O03077,C2274,P1024,17-05-2024,4,1561.28,228.46,0.15,Same Day,Net Banking,Not Returned,4
O05550,C0675,P1186,08-01-2023,2,636.38,-129.39,0.5,Same Day,UPI,Returned,1
O03079,C1906,P1071,02-03-2023,7,1661.31,634.52,0.1,Standard Class,Debit Card,Returned,11
O03080,C0178,P1058,20-04-2022,7,1282.38,141.76,0.3,First Class,Net Banking,Not Returned,5
O03081,C1101,P1045,09-02-2022,4,339.49,40.53,0.2,Same Day,Credit Card,Returned,1
O03082,C1221,P1180,30-12-2023,7,3373.48,782,0.05,Same Day,Debit Card,Returned,8
O03083,C1574,P1074,09-04-2024,9,1146.51,125.31,0.15,Standard Class,UPI,Returned,12
O06127,C0670,P1152,07-04-2023,3,150.45,-128.67,0.5,Same Day,UPI,Returned,10
O03085,C2483,P1178,17-06-2022,3,1644.44,153.03,0.15,Same Day,Net Banking,Not Returned,12
O06291,C0561,P1047,29-02-2024,8,237.48,-128.36,0.5,Same Day,UPI,Returned,3
O03087,C2493,P1086,22-12-2023,,4363.9,1928.15,0,Second Class,Cash on Delivery,Returned,4
O03890,C0470,P1144,26-03-2024,10,2054.36,-128.14,0.3,Same Day,Net Banking,Returned,6
O04815,C0692,P1098,30-06-2023,5,1281.44,-128.14,0.2,First Class,Debit Card,Not Returned,8
O03090,C1479,P1140,28-12-2022,6,2784.36,577.07,0,First Class,Debit Card,Returned,3
O01007,C0468,P1045,24-11-2023,10,530.45,-127.99,0.5,Same Day,Debit Card,Not Returned,11
O02610,C1590,P1136,21-07-2022,10,3258.5,-127,0.5,Second Class,Credit Card,Returned,10
O03093,C0249,P1047,14-01-2024,10,504.64,83.67,0.15,First Class,Net Banking,Returned,7
O02771,C1171,P1008,02-02-2024,4,384.82,-127,0.5,Second Class,UPI,Not Returned,1
O06818,C1663,P1113,20-12-2022,5,1197.03,-126.85,0.5,Same Day,UPI,Not Returned,12
O00936,C1872,P1039,24-04-2024,10,1293.6,-126.78,0.3,First Class,Debit Card,Returned,10
O03097,C1409,P1121,24-07-2023,1,413.34,101.48,0.2,First Class,Debit Card,Not Returned,7
O03098,C2275,P1154,29-06-2023,2,1200.06,385.31,0.2,Same Day,Debit Card,Not Returned,6
O03099,C0654,P1106,16-04-2024,4,1310.73,363.4,0.05,Second Class,Net Banking,Returned,3
O03100,C1760,P1025,23-09-2023,7,1640.02,272.7,0.05,Second Class,Cash on Delivery,Not Returned,4
O03101,C1453,P1125,18-06-2022,5,1318.64,486.73,0.1,First Class,Net Banking,Returned,7
O00663,C0551,P1004,22-09-2023,4,781.54,-126.68,0.2,First Class,Net Banking,Returned,6
O03103,C1928,P1025,09-02-2024,7,1726.34,355.86,0,Same Day,Debit Card,Not Returned,12
O03104,C1139,P1092,29-07-2022,4,990.45,136.72,0.15,First Class,Cash on Delivery,Not Returned,11
O03105,C2088,P1158,26-04-2022,6,1768.94,503.98,0.15,Same Day,UPI,Not Returned,4
O03106,C0472,P1100,06-05-2023,10,8437.41,3576.16,0.1,Second Class,UPI,Returned,4
O03107,C1728,P1053,01-04-2023,9,781.08,170.96,0.1,Standard Class,Cash on Delivery,Not Returned,6
O01024,C0682,P1148,14-07-2023,9,1862.32,-126.53,0.15,Same Day,Credit Card,Not Returned,4
O03109,C2119,P1181,26-12-2022,10,4790.7,1700.91,0,First Class,UPI,Not Returned,12
O03110,C1075,P1010,11-10-2022,10,6997.1,2917.88,0,Same Day,UPI,Returned,4
O03111,C1935,P1123,26-02-2022,10,1756.36,470.65,0.05,Second Class,Debit Card,Not Returned,6
O03112,C0324,P1058,08-08-2023,10,1831.97,240.19,0.3,Standard Class,Cash on Delivery,Not Returned,1
O03113,C1296,P1141,22-02-2024,9,3282.39,365.16,0.15,Second Class,Net Banking,Returned,8
O03114,C1650,P1067,26-04-2023,7,531.34,160.42,0.05,Same Day,Net Banking,Not Returned,1
O03032,C1528,P1027,16-02-2023,2,539.86,-126.33,0.5,Standard Class,Cash on Delivery,Returned,6
O03116,C0692,P1186,08-09-2023,1,540.92,130.67,0.15,Standard Class,UPI,Returned,8
O03117,C0009,P1035,08-12-2023,10,2098.84,928.06,0.05,First Class,Debit Card,Not Returned,4
O02530,C2029,P1084,04-08-2023,2,140.17,-125.98,0.5,First Class,Net Banking,Returned,9
O05063,C2055,P1013,08-04-2023,9,414.67,-125.91,0.3,First Class,UPI,Not Returned,4
O03121,C0286,P1019,04-05-2023,7,4410.38,1351.86,0.1,Standard Class,Net Banking,Returned,6
O03138,C2352,P1011,28-02-2024,4,613.54,-125.68,0.3,Standard Class,Debit Card,Not Returned,8
O03123,C2090,P1008,29-01-2022,4,615.71,118.38,0.2,First Class,Credit Card,Not Returned,10
O00443,C0948,P1102,15-01-2022,4,897.29,-125.51,0.3,Standard Class,Net Banking,Not Returned,7
O02420,C2411,P1033,19-09-2022,7,772.69,-125.51,0.2,Same Day,Cash on Delivery,Returned,12
O03126,C2249,P1121,29-07-2022,5,1808.38,431.12,0.3,Standard Class,Net Banking,Not Returned,3
O03127,C2289,P1157,11-12-2022,4,2379.58,787.78,0.2,First Class,Cash on Delivery,Not Returned,8
O04150,C0716,P1166,19-10-2023,5,1895.6,-125.49,0.2,Standard Class,Credit Card,Returned,1
O03129,C0027,P1011,03-12-2022,1,197.21,13.73,0.1,Standard Class,UPI,Not Returned,6
O03130,C2298,P1097,17-12-2022,9,3258.29,1202.31,0.15,Second Class,UPI,Returned,3
O03131,C0342,P1103,21-10-2022,5,1190.3,152.01,0,First Class,Cash on Delivery,Returned,2
O03132,C2259,P1105,19-11-2023,7,1503.56,518.29,0.15,First Class,Net Banking,Not Returned,2
O03133,C0887,P1019,23-12-2023,4,1960.17,213.41,0.3,First Class,Debit Card,Not Returned,1
O03432,C2018,P1004,25-04-2023,5,976.92,-125.45,0.2,First Class,Cash on Delivery,Returned,3
O03135,C0191,P1061,24-03-2023,5,2470.28,496.74,0.2,Standard Class,Credit Card,Not Returned,4
O03136,C1832,P1091,14-05-2023,9,5002.26,548.94,0.05,Standard Class,Net Banking,Returned,9
O03137,C0529,P1091,12-03-2024,4,2223.23,233.54,0.05,First Class,Cash on Delivery,Not Returned,7
O01614,C1292,P1025,21-05-2022,5,863.17,-125.35,0.3,First Class,Debit Card,Returned,9
O04407,C0034,P1148,20-02-2022,6,1241.54,-125.24,0.15,Same Day,UPI,Returned,2
O03141,C1292,P1113,22-04-2022,9,3878.36,1548.67,0.1,First Class,Debit Card,Not Returned,7
O03142,C0919,P1009,26-08-2022,7,2990.24,122.26,0.05,Same Day,Net Banking,Not Returned,7
O01731,C1225,P1117,27-03-2022,4,423.61,-124.98,0.3,Same Day,UPI,Returned,4
O06182,C0670,P1156,30-04-2022,2,157.73,-124.62,0.5,Same Day,UPI,Not Returned,12
O03145,C0584,P1136,07-02-2022,8,5213.6,2486.14,0,First Class,Debit Card,Not Returned,2
O03146,C1379,P1155,29-09-2022,7,3658.35,498.4,0.1,First Class,Cash on Delivery,Returned,10
O03147,C2334,P1014,16-01-2024,7,3424.46,415.75,0.3,Standard Class,Credit Card,Not Returned,9
O03148,C0360,P1093,12-05-2023,1,514.95,50.96,0.1,Second Class,Net Banking,Returned,10
O03149,C2276,P1149,16-11-2022,,559.5,193.29,0.1,Same Day,Debit Card,Returned,5
O03151,C0463,P1099,25-07-2023,6,4998.02,1977.78,0.1,Standard Class,Credit Card,Not Returned,2
O03152,C1930,P1064,10-01-2022,6,4397.71,1746.03,0.1,First Class,Credit Card,Not Returned,6
O03153,C1202,P1116,09-07-2023,1,463.49,138.83,0.1,Second Class,UPI,Not Returned,3
O03154,C2308,P1033,12-07-2022,8,1103.84,114.19,0,Second Class,Net Banking,Returned,12
O03155,C2182,P1074,12-06-2022,4,569.51,111.97,0.05,Same Day,Net Banking,Not Returned,5
O03156,C1108,P1034,03-06-2023,7,1235.81,63.71,0.2,Same Day,Cash on Delivery,Not Returned,11
O04902,C2279,P1047,30-05-2022,9,267.16,-123.78,0.5,Standard Class,Net Banking,Returned,1
O03158,C1207,P1139,10-06-2022,6,990.7,85.18,0.3,First Class,Cash on Delivery,Returned,11
O03159,C2179,P1123,09-03-2023,6,1053.82,268.86,0.05,Second Class,UPI,Not Returned,2
O03324,C1891,P1071,08-09-2022,10,1318.5,-123.51,0,Standard Class,Debit Card,Returned,1
O03161,C0331,P1017,16-01-2024,6,936.45,,0.5,Standard Class,Credit Card,Returned,7
O03162,C2378,P1058,03-05-2022,3,628.1,151.76,0.2,First Class,Credit Card,Returned,2
O03918,C1827,P1191,28-08-2023,2,237.08,-123.27,0.5,Standard Class,Credit Card,Not Returned,8
O05641,C1146,P1141,10-05-2023,5,1501.74,-123.2,0.3,Same Day,UPI,Returned,12
O03165,C1650,P1037,25-05-2022,1,433.97,79.94,0.1,Same Day,Cash on Delivery,Returned,3
O03166,C1968,P1110,18-07-2023,6,4714.68,1772.94,0,Standard Class,Credit Card,Not Returned,1
O03167,C0664,P1029,27-06-2023,7,863.44,225.02,0.05,Same Day,UPI,Not Returned,3
O03168,C0735,P1102,01-08-2023,10,2563.68,76.19,0.2,Same Day,Cash on Delivery,Not Returned,7
O03169,C1549,P1147,08-08-2022,6,3574.92,1286.59,0,Second Class,UPI,Not Returned,1
O03170,C0209,P1157,20-07-2022,8,5651.51,2487.23,0.05,Second Class,Cash on Delivery,Returned,4
O03172,C1687,P1178,30-10-2023,8,5159.04,1272.46,0,Same Day,Cash on Delivery,Returned,2
O03173,C1259,P1100,30-06-2023,4,3562.46,1597.44,0.05,Second Class,Credit Card,Returned,10
O06242,C1076,P1047,05-08-2022,8,237.48,-123.07,0.5,Same Day,Debit Card,Returned,9
O03175,C1135,P1112,29-03-2022,6,333.72,90.1,0.1,Same Day,Cash on Delivery,Returned,1
O00606,C0558,P1146,16-05-2022,4,1205.04,-122.73,0.3,First Class,Net Banking,Returned,4
O03178,C1629,P1144,27-05-2023,1,293.48,31.58,0,Second Class,UPI,Not Returned,3
O01931,C0254,P1032,06-07-2022,2,760.72,-121.92,0.5,Same Day,Credit Card,Not Returned,6
O01774,C0965,P1152,21-09-2023,8,561.68,-121.81,0.3,Same Day,Net Banking,Returned,6
O03181,C1472,P1066,02-08-2022,10,6015.94,,0.3,Second Class,Net Banking,Returned,11
O03182,C1093,P1001,02-02-2023,10,1789.04,332.96,0.05,Second Class,Credit Card,Returned,7
O03183,C2364,P1125,17-07-2023,2,527.45,190.23,0,Same Day,UPI,Not Returned,6
O03184,C1999,P1111,09-12-2022,8,2737.45,515.76,0.3,Standard Class,Cash on Delivery,Returned,1
O03185,C2307,P1023,28-03-2024,6,409.63,12.98,0.15,Second Class,Debit Card,Not Returned,2
O06927,C2490,P1175,01-12-2022,1,388.34,-121.76,0.5,Standard Class,Credit Card,Not Returned,10
O03187,C2030,P1118,01-12-2022,2,1179.5,264.16,0,Second Class,Debit Card,Not Returned,8
O03188,C0690,P1190,05-11-2022,8,3578.26,668.17,0.1,Second Class,Credit Card,Not Returned,11
O03189,C1768,P1026,21-05-2023,10,2188.88,737.56,0.2,Standard Class,Debit Card,Not Returned,9
O04335,C2439,P1072,10-01-2023,1,140.25,-120.99,0.5,Same Day,Debit Card,Not Returned,6
O00447,C0527,P1023,17-08-2022,5,200.8,-120.58,0.5,Standard Class,Debit Card,Not Returned,7
O03192,C0847,P1076,20-11-2023,8,2673.6,867.89,0.05,First Class,UPI,Returned,11
O03193,C0630,P1154,14-11-2022,7,4462.74,1630.17,0.15,Standard Class,Credit Card,Not Returned,1
O03510,C2111,P1076,01-07-2023,2,351.79,-120.39,0.5,Standard Class,UPI,Not Returned,4
O03195,C2157,P1110,09-05-2022,1,785.78,291.45,0,Standard Class,Net Banking,Returned,1
O03196,C2269,P1050,25-01-2023,4,98.39,9.71,0.1,Standard Class,Debit Card,Not Returned,3
O04699,C2366,P1135,29-03-2022,6,2360.36,-120.2,0.3,Standard Class,UPI,Returned,12
O01702,C2106,P1005,13-04-2024,3,273.18,-119.62,0.5,Same Day,Credit Card,Returned,10
O03199,C1717,P1018,10-02-2024,7,4104.61,1178.24,0.15,Same Day,Debit Card,Returned,12
O04180,C1999,P1045,07-02-2023,9,477.4,-119.57,0.5,First Class,Net Banking,Returned,5
O03201,C0859,P1040,07-12-2023,3,1085.82,213.05,0.05,First Class,Net Banking,Not Returned,6
O01315,C1257,P1188,11-02-2023,10,3281.11,-119.36,0.3,First Class,Net Banking,Returned,5
O03203,C1486,P1026,07-08-2022,5,1368.05,654.62,0,First Class,Net Banking,Returned,11
O01867,C2295,P1032,11-10-2022,2,760.72,-119.17,0.5,Same Day,Net Banking,Not Returned,1
O03205,C1525,P1093,30-03-2024,7,4005.19,969.63,0,First Class,Debit Card,Not Returned,8
O05965,C2453,P1033,02-08-2023,3,289.76,-119.14,0.3,Same Day,Net Banking,Not Returned,2
O03207,C1323,P1172,13-03-2023,8,2566.72,1190.7,0,Second Class,UPI,Not Returned,6
O00568,C1488,P1102,30-06-2022,4,897.29,-118.67,0.3,Second Class,Net Banking,Not Returned,10
O03210,C1528,P1012,28-06-2023,10,6384.48,1566.58,0.05,Same Day,Credit Card,Returned,5
O01084,C2110,P1126,09-04-2024,7,241.12,-118.32,0.5,First Class,Credit Card,Not Returned,1
O03212,C2004,P1057,30-06-2023,10,8611,4011.13,0,Second Class,UPI,Returned,3
O06293,C2023,P1029,03-07-2023,3,194.76,-118.3,0.5,Second Class,Cash on Delivery,Returned,6
O03214,C0009,P1116,26-05-2023,3,1390.47,,0.1,First Class,Net Banking,Returned,7
O00372,C1983,P1136,11-03-2023,8,2606.8,-118.03,0.5,Standard Class,Net Banking,Returned,10
O03216,C2378,P1052,27-08-2022,4,849.6,252.36,0.1,First Class,Credit Card,Returned,10
O03217,C1704,P1031,01-09-2023,5,2306.22,885.11,0.05,Same Day,UPI,Not Returned,3
O03218,C1428,P1037,10-11-2023,6,2893.14,857.19,0,First Class,Credit Card,Returned,10
O03219,C1983,P1176,27-01-2024,6,3056.78,199.39,0.1,Second Class,Net Banking,Not Returned,11
O03220,C0111,P1043,23-08-2023,3,1982.37,471.51,0.15,Same Day,UPI,Returned,10
O03221,C0206,P1180,17-04-2022,3,1521.87,405.13,0,Standard Class,UPI,Returned,8
O03222,C1185,P1150,23-02-2024,6,4107.59,1368.23,0.05,First Class,Cash on Delivery,Not Returned,12
O03223,C1313,P1056,22-04-2024,2,611.55,86.47,0.05,Same Day,Credit Card,Not Returned,12
O03224,C1434,P1166,15-02-2024,8,3791.2,577.37,0,Standard Class,Credit Card,Not Returned,1
O03225,C0312,P1165,27-03-2023,9,4420.9,725.19,0.1,Standard Class,Net Banking,Returned,3
O03226,C0687,P1174,07-01-2022,7,2319.81,42.07,0.3,Standard Class,Cash on Delivery,Returned,2
O00873,C0006,P1175,26-12-2023,1,388.34,-117.71,0.5,Standard Class,Cash on Delivery,Not Returned,8
O02311,C2240,P1157,14-04-2024,4,1487.24,-117.15,0.5,Second Class,Credit Card,Returned,1
O03229,C1441,P1138,12-05-2024,5,424.11,99.25,0.15,Standard Class,UPI,Not Returned,4
O03230,C0882,P1110,04-06-2023,6,4243.21,1300.94,0.1,Standard Class,UPI,Returned,11
O05396,C1859,P1124,20-03-2023,7,2276.59,-117.1,0.3,Same Day,UPI,Not Returned,2
O03232,C1944,P1123,22-02-2024,8,1183.23,118.66,0.2,Same Day,UPI,Not Returned,7
O03233,C0631,P1088,20-05-2024,5,427.8,120.85,0,Standard Class,Net Banking,Not Returned,7
O03234,C1364,P1132,10-11-2023,8,5803.28,2420.95,0,Standard Class,Net Banking,Returned,2
O03237,C1455,P1080,22-02-2022,9,537.91,123.63,0.2,Standard Class,Net Banking,Returned,2
O03238,C1761,P1128,05-04-2023,7,394.34,30.77,0.05,Same Day,Credit Card,Returned,6
O03239,C2271,P1014,03-12-2022,6,4193.22,1602.05,0,Second Class,Net Banking,Not Returned,10
O03240,C0931,P1008,07-04-2023,2,365.58,123.45,0.05,First Class,Net Banking,Returned,4
O03242,C0954,P1092,22-12-2023,6,1485.68,222.3,0.15,Standard Class,Net Banking,Not Returned,5
O03243,C0945,P1149,24-09-2022,3,266.43,77.18,0,First Class,Debit Card,Not Returned,8
O03244,C1557,P1124,28-06-2022,5,2323.05,597.02,0,Second Class,UPI,Returned,2
O03245,C2180,P1131,22-03-2022,4,854.28,46.12,0.1,Same Day,Net Banking,Returned,10
O01091,C0146,P1000,21-05-2022,5,1542.45,-117.02,0.15,Standard Class,UPI,Returned,1
O03247,C1145,P1084,27-02-2023,1,140.17,7.01,0,Second Class,Debit Card,Not Returned,6
O02698,C0875,P1105,19-01-2024,5,631.75,-117,0.5,Second Class,Credit Card,Not Returned,8
O03249,C2083,P1062,17-07-2022,8,97.31,7.35,0.15,Standard Class,Cash on Delivery,Returned,3
O01886,C1636,P1136,21-01-2022,10,3258.5,-116.52,0.5,Standard Class,Net Banking,Not Returned,1
O03251,C1968,P1046,13-12-2022,1,530.28,116.35,0.1,Same Day,Debit Card,Returned,11
O00123,C1802,P1078,19-03-2024,3,429.34,-116.43,0.5,Standard Class,Credit Card,Not Returned,5
O06739,C1221,P1146,21-04-2024,5,1506.29,-116.4,0.3,Same Day,Net Banking,Returned,5
O03254,C0197,P1170,27-10-2022,7,2920.79,106.32,0.2,Second Class,Debit Card,Not Returned,2
O03255,C2142,P1173,02-03-2024,9,5589.05,1221.7,0.05,Same Day,Credit Card,Not Returned,12
O00781,C1807,P1094,06-09-2022,3,232.78,-116.11,0.5,Standard Class,UPI,Returned,12
O06396,C1811,P1013,07-09-2022,9,414.67,-115.93,0.3,Same Day,Credit Card,Not Returned,5
O03258,C1934,P1002,25-03-2024,5,2693.78,823.87,0.15,Same Day,Cash on Delivery,Returned,11
O00121,C1208,P1152,16-05-2022,7,491.47,-115.88,0.3,Second Class,UPI,Returned,4
O03260,C1029,P1039,27-05-2024,1,166.32,10.36,0.1,Standard Class,Net Banking,Returned,9
O06622,C2018,P1100,09-11-2023,5,2343.72,-115.82,0.5,First Class,Credit Card,Returned,6
O03262,C1021,P1045,09-01-2023,2,169.74,28.74,0.2,Second Class,UPI,Not Returned,7
O04208,C0325,P1028,29-08-2022,7,576.94,-115.4,0.5,Second Class,Credit Card,Returned,10
O00052,C2400,P1134,03-02-2024,2,585.31,-115.07,0.2,First Class,Credit Card,Returned,5
O03267,C0679,P1107,08-10-2023,6,5450.4,2554.2,0.05,First Class,Debit Card,Not Returned,12
O04660,C2239,P1067,08-06-2023,8,319.6,-114.66,0.5,Standard Class,Debit Card,Not Returned,7
O03270,C1242,P1011,25-12-2023,8,1665.31,222.79,0.05,Same Day,UPI,Not Returned,3
O04846,C0384,P1069,13-04-2023,7,2622.48,-114.65,0.2,First Class,Credit Card,Not Returned,11
O03272,C0598,P1101,19-10-2023,5,2394.86,236.22,0.1,Second Class,Debit Card,Returned,1
O03273,C0775,P1093,01-04-2024,8,3661.89,161.73,0.2,Same Day,Cash on Delivery,Not Returned,3
O03274,C1970,P1115,22-10-2022,5,265.24,9.21,0.15,Same Day,Cash on Delivery,Not Returned,1
O04920,C0745,P1044,18-03-2024,8,348.99,-114.08,0.3,Same Day,Cash on Delivery,Not Returned,12
O06814,C0204,P1091,08-04-2023,3,1404.14,-113.35,0.2,Standard Class,Net Banking,Not Returned,8
O03277,C0830,P1151,29-02-2024,10,6804.8,2603.94,0,Second Class,Debit Card,Not Returned,2
O03278,C1813,P1054,24-01-2023,9,4094.82,1994.88,0,Standard Class,Credit Card,Not Returned,7
O03279,C0448,P1069,20-04-2022,5,2341.5,399.07,0,First Class,Net Banking,Not Returned,10
O03280,C1203,P1078,01-11-2023,6,1717.38,614.44,0,Standard Class,Debit Card,Not Returned,7
O01881,C0171,P1148,03-01-2024,4,779.01,-112.93,0.2,Same Day,UPI,Returned,10
O03282,C0112,P1081,04-11-2022,5,1111.31,471.56,0.05,First Class,UPI,Returned,1
O03268,C2091,P1001,30-04-2023,6,790.94,-112.73,0.3,Second Class,Debit Card,Not Returned,3
O06078,C1144,P1033,22-02-2023,6,662.3,-112.21,0.2,Same Day,UPI,Returned,7
O03285,C2245,P1076,26-07-2023,8,2673.6,853.48,0.05,First Class,Cash on Delivery,Returned,3
O03286,C1480,P1140,03-06-2023,9,3550.06,270.48,0.15,Standard Class,UPI,Not Returned,1
O03287,C1491,P1080,27-05-2024,8,508.03,112.99,0.15,Same Day,Debit Card,Returned,12
O03288,C0272,P1001,13-05-2023,5,941.6,179.34,0,Standard Class,Debit Card,Returned,12
O03289,C1946,P1113,04-08-2023,1,406.99,109.33,0.15,Second Class,Net Banking,Returned,3
O03290,C0522,P1076,13-04-2022,7,2216.28,618.89,0.1,Standard Class,Cash on Delivery,Returned,6
O03291,C0571,P1151,01-02-2022,4,2721.92,1011.34,0,Same Day,Credit Card,Returned,4
O03292,C1434,P1107,12-01-2024,8,7649.68,3780.71,0,Second Class,UPI,Not Returned,6
O05415,C1233,P1113,19-10-2022,5,1197.03,-111.77,0.5,First Class,UPI,Not Returned,10
O03295,C0671,P1174,19-07-2023,3,1420.29,405.08,0,First Class,UPI,Returned,7
O03296,C1209,P1163,09-12-2022,2,636.08,261.95,0.05,Second Class,Debit Card,Returned,5
O03297,C0124,P1144,12-02-2022,4,1056.53,156.92,0.1,Standard Class,UPI,Not Returned,6
O03298,C0615,P1118,04-02-2024,1,589.75,98.27,0,Same Day,UPI,Returned,8
O03299,C0106,P1116,29-03-2024,7,2883.94,732.83,0.2,Same Day,Net Banking,Not Returned,7
O03054,C1837,P1168,21-12-2022,8,873.36,-111.5,0.5,Second Class,Credit Card,Not Returned,4
O03301,C0486,P1027,15-02-2024,5,2294.41,612.79,0.15,Same Day,UPI,Not Returned,6
O03302,C1792,P1127,13-06-2022,5,4983.65,2449.21,0,Standard Class,Net Banking,Returned,6
O03303,C1298,P1096,05-08-2023,9,2301.12,1061.8,0,Standard Class,Cash on Delivery,Returned,7
O03304,C1491,P1094,20-05-2024,8,869.06,13.78,0.3,Standard Class,Debit Card,Not Returned,12
O03305,C1732,P1005,24-09-2022,3,437.09,36.92,0.2,Standard Class,Debit Card,Returned,2
O03328,C1350,P1183,17-06-2022,6,702.87,-111.11,0,First Class,UPI,Not Returned,6
O03307,C0030,P1030,18-09-2022,8,6635.2,2658.04,0,Second Class,UPI,Not Returned,7
O03308,C0070,P1011,11-01-2022,9,1972.08,356.84,0,First Class,Cash on Delivery,Not Returned,3
O03202,C0690,P1100,11-04-2022,4,1874.98,-110.9,0.5,Standard Class,Net Banking,Returned,6
O03310,C2494,P1063,22-05-2023,6,226.98,103.42,0,Standard Class,Cash on Delivery,Returned,1
O03311,C2125,P1080,03-07-2022,8,508.03,119.8,0.15,Same Day,Net Banking,Not Returned,1
O01521,C2312,P1190,15-03-2024,6,2087.32,-110.56,0.3,First Class,UPI,Returned,9
O03313,C0666,P1149,30-08-2023,4,355.24,119.98,0,First Class,Cash on Delivery,Not Returned,9
O03314,C1797,P1148,28-04-2024,4,925.07,22.76,0.05,Standard Class,Credit Card,Returned,6
O06391,C0350,P1069,14-12-2022,9,3371.76,-110.04,0.2,Standard Class,Cash on Delivery,Not Returned,10
O03316,C2182,P1124,27-03-2024,3,1254.45,198.07,0.1,Standard Class,Credit Card,Not Returned,8
O00798,C1914,P1179,12-10-2023,4,188.24,-109.85,0.5,First Class,Credit Card,Returned,6
O03318,C1920,P1057,30-09-2023,6,4649.94,1873.94,0.1,Standard Class,Net Banking,Not Returned,3
O03823,C2482,P1161,07-08-2023,4,1542.18,-109.85,0.5,Standard Class,UPI,Returned,6
O03320,C1305,P1133,28-05-2022,7,3448.93,1253.92,0.2,First Class,UPI,Returned,7
O03321,C1000,P1138,26-03-2023,10,898.11,267.78,0.1,Same Day,UPI,Returned,11
O03322,C1930,P1139,22-02-2022,5,1179.4,423.19,0,First Class,Credit Card,Returned,1
O03323,C2213,P1042,19-08-2022,1,240.2,10.11,0.1,Same Day,UPI,Not Returned,5
O05142,C0489,P1190,18-11-2022,5,1739.43,-109.25,0.3,Second Class,UPI,Returned,10
O03325,C2425,P1099,16-05-2023,5,3933.63,1429.72,0.15,First Class,Debit Card,Returned,4
O05233,C0839,P1102,23-12-2022,4,897.29,-109.16,0.3,Standard Class,UPI,Returned,8
O03327,C1430,P1036,05-06-2023,8,4619.36,1058.37,0.05,Same Day,Credit Card,Returned,9
O00350,C0171,P1095,23-12-2022,7,1434.33,-109.01,0.3,Second Class,Cash on Delivery,Not Returned,2
O03329,C1227,P1152,10-06-2022,1,100.3,4.25,0,Same Day,Debit Card,Returned,12
O03330,C1788,P1127,05-06-2024,6,5980.38,2970.57,0,Standard Class,Cash on Delivery,Returned,6
O03332,C0239,P1034,07-05-2024,6,1125.47,106.93,0.15,Second Class,Net Banking,Not Returned,8
O03333,C1428,P1085,19-09-2023,4,2419.1,519.55,0.2,Second Class,Cash on Delivery,Returned,7
O04969,C1519,P1131,06-11-2023,1,118.65,-108.67,0.5,Second Class,UPI,Returned,5
O05112,C0339,P1029,18-09-2022,3,194.76,-108.66,0.5,Standard Class,Credit Card,Not Returned,11
O01674,C0086,P1143,09-06-2023,4,1607.42,-107.8,0.2,Standard Class,Net Banking,Not Returned,2
O03337,C0958,P1049,12-01-2023,7,5100.42,1660.38,0.2,First Class,Net Banking,Returned,11
O03775,C2327,P1138,19-08-2022,7,349.27,-107.76,0.5,First Class,Credit Card,Returned,8
O03339,C1450,P1168,04-08-2022,5,1037.12,400.7,0.05,Second Class,UPI,Not Returned,1
O03340,C0510,P1007,14-01-2024,,1410.4,418.86,0,First Class,Credit Card,Not Returned,7
O03341,C1110,P1149,11-02-2022,7,497.34,150.61,0.2,Same Day,Debit Card,Not Returned,12
O03342,C1297,P1007,13-03-2023,9,3761.06,781.27,0.2,Same Day,Credit Card,Returned,9
O03343,C0843,P1008,24-05-2024,9,1645.11,568.87,0.05,Second Class,Debit Card,Not Returned,8
O00144,C0265,P1030,18-03-2023,1,414.7,-106.96,0.5,Standard Class,Net Banking,Returned,5
O00173,C1311,P1082,21-01-2022,1,351.29,-106.79,0.3,Standard Class,Net Banking,Not Returned,11
O05327,C0279,P1148,28-11-2023,4,779.01,-106.78,0.2,Same Day,Credit Card,Returned,7
O03347,C1290,P1017,24-01-2022,5,1326.64,329.73,0.15,Second Class,Debit Card,Returned,11
O03348,C2120,P1144,12-09-2023,10,2347.84,131.96,0.2,Second Class,Debit Card,Returned,10
O01107,C1355,P1040,13-11-2023,1,190.5,-106.7,0.5,Standard Class,Credit Card,Not Returned,11
O03350,C0624,P1177,22-11-2022,5,2601.34,128.34,0.15,Second Class,Net Banking,Returned,3
O03351,C0666,P1127,01-06-2023,2,1893.79,887.15,0.05,First Class,UPI,Not Returned,11
O03352,C0015,P1119,02-12-2023,10,3995.2,955.66,0.2,Standard Class,Credit Card,Not Returned,9
O01211,C1993,P1074,12-12-2023,3,224.8,-106.26,0.5,Same Day,Net Banking,Returned,12
O02697,C0388,P1001,22-01-2022,5,659.12,-105.88,0.3,Standard Class,Net Banking,Returned,6
O01210,C2494,P1136,25-06-2022,10,3258.5,-105.47,0.5,Standard Class,Credit Card,Returned,7
O03356,C1351,P1081,20-08-2022,8,1497.34,507.74,0.2,Same Day,Net Banking,Returned,1
O03357,C0323,P1071,28-03-2023,9,2135.97,834.93,0.1,Standard Class,Debit Card,Not Returned,8
O03358,C1121,P1159,23-05-2022,5,705.71,228.39,0.15,Same Day,Debit Card,Returned,6
O03359,C1897,P1163,03-06-2022,6,1406.08,326.03,0.3,Second Class,Cash on Delivery,Returned,8
O03360,C0877,P1119,07-03-2023,3,1423.29,470.14,0.05,First Class,Debit Card,Returned,4
O03361,C0239,P1153,27-08-2022,9,2628.78,1154.61,0.05,Second Class,Credit Card,Not Returned,3
O03362,C0360,P1124,16-09-2022,3,1254.45,202.95,0.1,Same Day,UPI,Returned,4
O03363,C0064,P1042,03-10-2022,6,1361.14,105.1,0.15,Standard Class,Debit Card,Returned,7
O02419,C0390,P1105,09-11-2023,5,631.75,-104.83,0.5,Same Day,Credit Card,Not Returned,7
O04415,C2459,P1189,10-11-2023,6,915.69,-104.79,0.5,Second Class,Credit Card,Returned,12
O03367,C0459,P1063,24-05-2024,8,242.11,41.67,0.2,Second Class,UPI,Not Returned,3
O03368,C0251,P1135,18-07-2023,3,1517.37,251.3,0.1,Second Class,UPI,Not Returned,4
O03369,C1050,P1181,11-02-2023,3,1437.21,492.57,0,Standard Class,Net Banking,Returned,11
O03370,C2330,P1136,09-02-2024,9,4105.71,1055.12,0.3,First Class,UPI,Returned,6
O03371,C0277,P1174,30-06-2022,1,473.43,125.78,0,Second Class,Debit Card,Not Returned,11
O03372,C0793,P1109,18-03-2023,7,739.37,127.11,0.1,Second Class,Debit Card,Not Returned,8
O03374,C2185,P1142,29-07-2023,6,2292.05,762,0.2,First Class,UPI,Not Returned,6
O02153,C1876,P1136,02-03-2023,10,3258.5,-104.34,0.5,Standard Class,Credit Card,Not Returned,11
O03376,C0686,P1127,10-09-2022,4,3986.92,1944,0,First Class,Debit Card,Not Returned,4
O03198,C1172,P1105,07-11-2022,5,631.75,-103.98,0.5,First Class,Net Banking,Not Returned,5
O03378,C1032,P1184,14-10-2023,8,142.32,44.85,0.15,Second Class,Cash on Delivery,Returned,11
O03379,C1514,P1012,11-01-2022,5,3360.25,934.77,0,Standard Class,UPI,Not Returned,9
O03380,C0619,P1123,21-09-2023,5,831.96,147.87,0.1,First Class,Credit Card,Returned,3
O03381,C2084,P1037,03-06-2023,9,4122.72,1118.21,0.05,Second Class,Debit Card,Returned,1
O03382,C2154,P1111,01-08-2023,6,2053.09,377.64,0.3,First Class,Credit Card,Not Returned,11
O03383,C1371,P1091,30-04-2022,6,2983.81,9.61,0.15,First Class,Debit Card,Returned,12
O03385,C1343,P1059,06-04-2023,5,1812.88,251.36,0.05,Standard Class,Net Banking,Returned,12
O03386,C2079,P1064,17-03-2022,2,1547.34,637.66,0.05,Second Class,UPI,Returned,6
O03387,C1410,P1024,21-07-2023,5,2066.4,419.38,0.1,Standard Class,Net Banking,Returned,6
O04738,C1169,P1034,08-11-2022,7,1081.33,-103.69,0.3,First Class,UPI,Returned,12
O03389,C1593,P1088,01-01-2024,7,568.97,119.54,0.05,First Class,Net Banking,Returned,1
O03390,C0852,P1151,19-09-2022,8,4355.07,974.83,0.2,Second Class,Net Banking,Not Returned,8
O03391,C1264,P1173,30-10-2023,6,3726.03,786.83,0.05,Same Day,Cash on Delivery,Returned,9
O03479,C1412,P1128,15-02-2023,6,177.9,-103.44,0.5,First Class,Credit Card,Not Returned,6
O03393,C0880,P1183,31-01-2024,3,597.44,151.62,0.15,First Class,Cash on Delivery,Not Returned,3
O03394,C0959,P1046,31-03-2024,8,4242.24,1032.2,0.1,First Class,Credit Card,Returned,4
O02046,C1892,P1036,15-12-2022,6,2552.8,-103.09,0.3,First Class,Net Banking,Returned,2
O04996,C2067,P1109,05-05-2024,2,117.36,-102.93,0.5,Standard Class,Cash on Delivery,Returned,8
O03397,C2203,P1175,10-11-2023,8,4970.69,1020.52,0.2,Same Day,UPI,Returned,6
O00525,C0021,P1071,02-12-2023,10,1318.5,-102.37,0.5,Second Class,Net Banking,Not Returned,9
O03399,C0180,P1054,23-05-2023,1,409.48,131.64,0.1,Same Day,Cash on Delivery,Returned,12
O03400,C2469,P1174,23-03-2024,8,3408.7,778.66,0.1,Same Day,Debit Card,Returned,2
O03401,C0420,P1150,17-06-2022,2,1008.88,58.34,0.3,Standard Class,Net Banking,Not Returned,8
O03402,C0476,P1186,14-11-2022,10,6045.61,2272.03,0.05,Standard Class,Cash on Delivery,Not Returned,11
O03403,C2234,P1132,12-08-2023,5,3264.34,1123.03,0.1,First Class,Credit Card,Not Returned,1
O04970,C1722,P1152,09-02-2023,6,421.26,-102.14,0.3,Second Class,UPI,Not Returned,3
O03405,C1368,P1070,23-04-2022,8,3098.96,1136.42,0,Standard Class,Credit Card,Returned,11
O03406,C2131,P1128,20-01-2022,9,453.64,15.16,0.15,First Class,Net Banking,Not Returned,2
O03407,C1235,P1054,16-01-2024,10,3867.33,1502.86,0,First Class,UPI,Not Returned,4
O03408,C0834,P1110,02-01-2022,5,3928.9,1465.96,0,First Class,Net Banking,Not Returned,7
O03409,C0101,P1151,17-07-2022,7,4287.02,1315.8,0.1,Standard Class,UPI,Not Returned,1
O03410,C2236,P1138,22-01-2022,7,558.82,102.07,0.2,First Class,Net Banking,Returned,2
O03411,C1672,P1111,24-01-2022,5,1710.9,305.66,0.3,First Class,Credit Card,Not Returned,4
O03412,C1039,P1083,15-06-2024,1,193.97,53.18,0.1,Standard Class,Net Banking,Returned,10
O03413,C2007,P1027,02-04-2024,4,2159.44,802.23,0,Standard Class,Net Banking,Not Returned,2
O03414,C1458,P1164,20-03-2023,7,4238.53,1409.37,0.2,Standard Class,UPI,Not Returned,11
O03415,C1271,P1116,26-04-2023,10,3604.93,545.76,0.3,First Class,Net Banking,Not Returned,1
O03416,C2459,P1169,19-02-2022,10,2590.4,212.47,0.2,Second Class,Credit Card,Returned,1
O03417,C0566,P1147,09-07-2023,9,3753.67,356.08,0.3,Second Class,Debit Card,Returned,8
O03418,C0144,P1177,28-06-2023,6,2937.98,1.83,0.2,First Class,Cash on Delivery,Returned,12
O03419,C0101,P1056,06-02-2022,4,1287.48,222.05,0,First Class,Cash on Delivery,Not Returned,1
O01607,C1042,P1005,12-09-2022,,273.18,-101.55,0.5,Second Class,UPI,Returned,12
O02137,C1671,P1152,14-02-2024,6,421.26,-101.53,0.3,Same Day,Credit Card,Returned,9
O03422,C1258,P1133,23-03-2022,2,862.23,226.99,0.3,Second Class,Credit Card,Returned,6
O03423,C1306,P1007,26-04-2023,10,4440.14,1122,0.15,Standard Class,Debit Card,Returned,9
O03424,C2038,P1016,06-04-2024,2,754.46,193.1,0.3,Standard Class,Debit Card,Not Returned,12
O03425,C0138,P1075,03-03-2022,5,3772.98,1252.95,0.1,Second Class,Cash on Delivery,Not Returned,3
O03426,C1768,P1019,06-04-2022,8,4480.38,992.05,0.2,Second Class,Net Banking,Returned,1
O03427,C1841,P1060,13-03-2023,10,4865.76,986.48,0.2,Standard Class,Debit Card,Not Returned,2
O03428,C1993,P1158,10-01-2024,7,1699.56,211.52,0.3,First Class,Credit Card,Returned,7
O03429,C1718,P1099,31-01-2022,8,7404.48,3377.21,0,First Class,UPI,Not Returned,10
O03430,C0412,P1136,27-08-2023,8,4431.56,1714.05,0.15,Standard Class,UPI,Returned,1
O03431,C0502,P1003,04-02-2024,4,2107.52,297.39,0,Same Day,Credit Card,Returned,11
O04090,C0579,P1066,10-07-2022,5,2148.55,-101.5,0.5,Same Day,Debit Card,Not Returned,2
O03433,C1151,P1179,08-02-2022,6,564.72,154.04,0,Second Class,Debit Card,Returned,3
O05946,C1620,P1025,25-02-2022,1,123.31,-101,0.5,Standard Class,UPI,Not Returned,12
O05302,C0077,P1039,05-11-2022,6,776.16,-100.99,0.3,Standard Class,Credit Card,Not Returned,10
O03436,C1134,P1105,26-10-2023,1,252.7,102.32,0,First Class,UPI,Returned,10
O04840,C0820,P1176,07-02-2023,5,2264.28,-100.87,0.2,Second Class,Debit Card,Returned,3
O03438,C0077,P1151,24-11-2022,8,5171.65,1809.77,0.05,Second Class,Credit Card,Not Returned,4
O01385,C2428,P1042,24-12-2022,3,560.47,-100.64,0.3,First Class,Cash on Delivery,Returned,9
O03440,C0420,P1122,17-08-2022,9,1728.54,,0,First Class,Debit Card,Returned,5
O03441,C1754,P1003,27-10-2022,9,4504.82,447.7,0.05,Second Class,Debit Card,Not Returned,9
O02567,C1153,P1017,21-02-2022,2,312.15,-100.4,0.5,First Class,UPI,Not Returned,7
O03443,C1122,P1175,03-03-2022,4,2640.68,671.76,0.15,Second Class,Credit Card,Returned,7
O03444,C0728,P1026,07-03-2022,8,1969.99,800.22,0.1,Standard Class,Credit Card,Not Returned,2
O03445,C0049,P1118,12-12-2022,5,2506.44,248.78,0.15,Same Day,Credit Card,Not Returned,2
O03446,C1242,P1147,25-08-2023,4,2025.79,,0.15,First Class,Credit Card,Returned,9
O03447,C1829,P1092,19-03-2022,10,2330.48,219.44,0.2,Same Day,Debit Card,Not Returned,12
O02984,C2307,P1004,08-05-2022,2,341.92,-99.79,0.3,First Class,Debit Card,Not Returned,9
O03449,C0188,P1069,09-07-2023,3,1334.66,166.99,0.05,First Class,Debit Card,Returned,10
O03435,C2390,P1077,30-01-2024,10,631.61,-99.75,0.3,Second Class,UPI,Returned,9
O00132,C1814,P1045,17-06-2022,7,371.32,-99.7,0.5,Second Class,Cash on Delivery,Returned,3
O03452,C0350,P1132,20-08-2023,3,2176.23,898.46,0,Same Day,Cash on Delivery,Not Returned,12
O00570,C0618,P1045,13-02-2023,7,371.32,-99.68,0.5,Standard Class,Debit Card,Not Returned,7
O03454,C0988,P1157,05-02-2022,7,4945.07,2180.03,0.05,First Class,Credit Card,Returned,11
O01542,C1022,P1066,27-11-2023,7,3007.97,-99.6,0.5,Standard Class,Debit Card,Not Returned,12
O03456,C1749,P1181,29-07-2022,10,3353.49,270.24,0.3,Standard Class,Cash on Delivery,Not Returned,9
O03457,C0878,P1019,28-02-2024,9,5670.49,1763.58,0.1,Second Class,Credit Card,Not Returned,12
O03458,C1415,P1058,06-08-2022,8,1779.63,486.29,0.15,Standard Class,Cash on Delivery,Returned,5
O06547,C2318,P1044,15-09-2022,4,124.64,-99.5,0.5,Standard Class,Debit Card,Returned,12
O03460,C0628,P1027,05-05-2022,5,2564.34,916.36,0.05,Same Day,Debit Card,Not Returned,3
O03461,C0573,P1083,11-12-2023,10,2155.2,851.9,0,Same Day,Debit Card,Not Returned,1
O03462,C1273,P1020,06-08-2022,4,1621.64,189.78,0,Standard Class,Debit Card,Returned,12
O04534,C1951,P1108,10-07-2023,2,493.11,-99.46,0.5,Second Class,UPI,Not Returned,3
O03464,C2411,P1054,25-09-2022,7,3025.62,1393.29,0.05,Same Day,UPI,Returned,1
O04909,C1266,P1120,26-04-2022,2,350.12,-99.41,0.5,Second Class,Net Banking,Returned,10
O00337,C1253,P1144,12-09-2022,5,1027.18,-99.38,0.3,Same Day,Credit Card,Returned,11
O03468,C1194,P1076,18-05-2023,1,299.02,47.06,0.15,Standard Class,Net Banking,Returned,12
O03469,C2121,P1048,31-07-2022,6,4475.13,1470.69,0.05,Second Class,Debit Card,Returned,1
O02690,C0065,P1134,29-03-2022,3,932.84,-99.15,0.15,First Class,Cash on Delivery,Returned,7
O03471,C0085,P1079,31-01-2022,4,605.61,79.98,0.05,Second Class,Debit Card,Returned,8
O03472,C1231,P1097,26-07-2022,5,2129.6,960.25,0,Second Class,Cash on Delivery,Returned,4
O03473,C0907,P1046,14-06-2023,7,3918.18,1096.6,0.05,Standard Class,Cash on Delivery,Not Returned,9
O03474,C2354,P1064,25-03-2024,1,570.07,123.98,0.3,First Class,UPI,Returned,12
O03475,C1587,P1188,26-10-2023,5,1992.1,286.32,0,Standard Class,Credit Card,Not Returned,11
O03395,C1194,P1140,03-03-2024,2,649.68,-98.65,0.3,Same Day,Debit Card,Not Returned,2
O03398,C2044,P1155,30-11-2022,2,812.97,-98.61,0.3,Same Day,Credit Card,Returned,10
O02858,C0876,P1143,31-08-2022,4,1607.42,-98.45,0.2,First Class,Cash on Delivery,Not Returned,10
O03480,C1564,P1136,10-06-2024,7,3649.52,1259.51,0.2,Second Class,UPI,Returned,1
O05390,C0235,P1188,07-03-2023,7,2296.78,-98.43,0.3,Same Day,UPI,Returned,1
O05013,C0089,P1002,17-08-2022,1,316.92,-98.4,0.5,Second Class,UPI,Returned,9
O03483,C1097,P1012,31-10-2022,6,3830.68,948.6,0,Standard Class,UPI,Returned,11
O03484,C1553,P1119,07-01-2024,10,4994,1931.8,0,First Class,Credit Card,Not Returned,12
O06586,C1927,P1028,14-06-2024,5,412.1,-97.98,0.5,Standard Class,Cash on Delivery,Returned,2
O03486,C2071,P1060,17-03-2023,9,5473.98,2004.42,0,Standard Class,Net Banking,Not Returned,2
O03487,C1236,P1146,14-01-2022,8,3442.96,825.14,0,Second Class,UPI,Returned,5
O03488,C1237,P1181,11-07-2022,2,814.42,176.38,0.15,Same Day,Debit Card,Not Returned,11
O03489,C2463,P1083,05-04-2023,1,215.52,66.42,0,Standard Class,Net Banking,Returned,10
O03490,C0237,P1099,18-09-2023,4,3517.13,1479.55,0.05,Second Class,Cash on Delivery,Not Returned,11
O03491,C0025,P1180,20-05-2022,6,2587.18,337.39,0.15,First Class,Net Banking,Not Returned,7
O03492,C1152,P1041,31-12-2022,5,2403.97,891.74,0.15,First Class,UPI,Returned,11
O03493,C1331,P1015,28-04-2024,5,3383.66,1315.47,0.05,Standard Class,Cash on Delivery,Returned,9
O03494,C2357,P1169,18-06-2023,7,2266.6,612.38,0,Second Class,Debit Card,Not Returned,3
O03495,C1849,P1030,20-11-2023,1,787.93,279.71,0.05,Standard Class,Cash on Delivery,Returned,10
O03496,C0187,P1070,10-07-2022,9,3486.33,1260.27,0,Standard Class,Debit Card,Returned,1
O03497,C2360,P1001,16-01-2022,7,1120.5,92.31,0.15,First Class,UPI,Returned,12
O03498,C0905,P1015,21-03-2024,7,3490.52,625.73,0.3,Standard Class,UPI,Not Returned,1
O03499,C0845,P1105,05-02-2022,8,2021.6,870.96,0,First Class,Debit Card,Not Returned,1
O03500,C1850,P1094,30-04-2022,7,869.06,99.19,0.2,Second Class,Cash on Delivery,Not Returned,4
O00365,C0268,P1190,08-12-2022,6,2087.32,-97.76,0.3,Standard Class,Net Banking,Returned,7
O03502,C1808,P1151,25-01-2024,3,1633.15,354.33,0.2,First Class,Credit Card,Not Returned,1
O04670,C1848,P1014,07-04-2023,1,349.44,-97.37,0.5,First Class,Net Banking,Returned,2
O03504,C0697,P1022,05-04-2023,4,231.48,21.48,0.1,Same Day,Net Banking,Returned,11
O03505,C2465,P1081,09-04-2024,7,1637.72,735.49,0,Second Class,Debit Card,Returned,4
O03506,C2206,P1018,14-09-2022,7,3380.26,449.58,0.3,Second Class,UPI,Not Returned,4
O03507,C1564,P1057,30-05-2024,5,4305.5,2006.07,0,Second Class,Net Banking,Returned,2
O05963,C1779,P1152,16-08-2023,5,351.05,-97.09,0.3,Second Class,Credit Card,Returned,9
O03509,C1163,P1177,24-04-2024,6,3305.23,381.78,0.1,First Class,Net Banking,Returned,2
O04403,C2136,P1188,02-01-2024,7,2296.78,-96.67,0.3,First Class,Cash on Delivery,Returned,12
O03511,C0854,P1159,02-11-2022,9,1419.73,641.12,0.05,Standard Class,Net Banking,Not Returned,7
O03686,C0917,P1040,04-06-2023,4,1066.77,-95.67,0.3,First Class,Credit Card,Not Returned,1
O05411,C0595,P1034,05-09-2022,5,772.38,-95.41,0.3,Standard Class,Credit Card,Not Returned,12
O01759,C0352,P1189,13-05-2023,5,763.08,-95.21,0.5,Standard Class,UPI,Not Returned,11
O03515,C0734,P1125,28-10-2023,1,263.73,78.53,0.1,Second Class,Debit Card,Returned,11
O02247,C1919,P1100,10-11-2022,5,2343.72,-95.14,0.5,Same Day,UPI,Not Returned,8
O03517,C1652,P1119,15-05-2022,4,1398.32,166.7,0.3,Standard Class,Cash on Delivery,Returned,6
O03518,C1044,P1177,09-07-2022,6,3488.86,541.2,0.05,Standard Class,Credit Card,Not Returned,8
O03519,C1290,P1162,02-09-2022,2,66.38,14.77,0.15,Same Day,Net Banking,Returned,3
O03520,C0274,P1177,15-01-2022,9,4682.41,293.97,0.15,Standard Class,UPI,Not Returned,12
O03521,C1124,P1095,04-03-2023,1,278.08,29.92,0.05,Same Day,Cash on Delivery,Returned,10
O03522,C1572,P1095,04-08-2023,9,2371.03,374.79,0.1,Second Class,Credit Card,Not Returned,11
O03523,C1247,P1166,09-08-2023,9,4265.1,685.48,0,Second Class,Credit Card,Returned,1
O03524,C1257,P1022,13-04-2024,8,488.68,62.42,0.05,Second Class,Credit Card,Returned,12
O03525,C0113,P1088,08-03-2022,7,509.08,76.72,0.15,First Class,UPI,Returned,9
O03526,C1255,P1116,18-04-2022,1,463.49,143.65,0.1,Second Class,Net Banking,Returned,5
O03527,C1617,P1176,04-12-2022,9,4330.44,79.53,0.15,Same Day,UPI,Not Returned,4
O00366,C1418,P1086,29-06-2022,2,436.39,-93.48,0.5,Standard Class,Cash on Delivery,Not Returned,12
O03530,C1796,P1164,30-01-2024,4,2119.26,490.76,0.3,First Class,Debit Card,Returned,6
O03531,C2121,P1189,23-05-2023,8,2075.56,738.33,0.15,First Class,Cash on Delivery,Returned,7
O03532,C2256,P1007,03-04-2024,2,835.79,130.13,0.2,Second Class,Credit Card,Not Returned,1
O03534,C2138,P1127,19-03-2024,9,8522.04,3996.08,0.05,Standard Class,UPI,Returned,8
O03535,C1494,P1008,27-08-2023,7,1279.53,414.01,0.05,Standard Class,Debit Card,Returned,8
O03536,C2258,P1169,24-03-2023,5,1619,408.12,0,Same Day,Debit Card,Not Returned,2
O06245,C0559,P1072,10-05-2024,3,589.05,-93.28,0.3,First Class,UPI,Returned,7
O03538,C1305,P1046,11-05-2022,4,1649.76,48.68,0.3,First Class,Credit Card,Not Returned,1
O03539,C2068,P1073,09-01-2023,2,819.16,248.83,0.15,Second Class,Cash on Delivery,Returned,1
O06880,C1299,P1100,23-01-2024,3,1406.24,-93.16,0.5,First Class,Cash on Delivery,Returned,12
O03542,C0970,P1123,28-03-2023,6,1053.82,242.81,0.05,First Class,Net Banking,Not Returned,12
O03543,C2347,P1052,28-10-2022,10,2360,924.64,0,Same Day,Debit Card,Not Returned,6
O03544,C0612,P1041,18-01-2022,6,3054.46,1253.07,0.1,Standard Class,Debit Card,Returned,4
O03545,C0709,P1028,07-10-2023,9,1186.85,330.03,0.2,Same Day,UPI,Returned,9
O01708,C2238,P1039,14-04-2023,5,646.8,-92.33,0.3,Second Class,UPI,Not Returned,1
O03547,C0139,P1138,31-01-2024,6,598.74,212.82,0,Standard Class,Credit Card,Returned,11
O03548,C1583,P1015,08-09-2023,10,6767.32,2667.86,0.05,Second Class,UPI,Returned,5
O02540,C0033,P1144,10-04-2024,5,1027.18,-91.98,0.3,Standard Class,Debit Card,Not Returned,6
O03550,C1594,P1173,03-08-2022,4,2614.76,657.47,0,Same Day,UPI,Not Returned,2
O03913,C1166,P1025,11-08-2022,1,123.31,-91.57,0.5,Standard Class,Net Banking,Not Returned,12
O03552,C2291,P1108,05-10-2022,3,1035.53,140.69,0.3,Same Day,Net Banking,Not Returned,6
O03553,C2308,P1046,08-04-2024,8,3770.88,536.74,0.2,Standard Class,Credit Card,Not Returned,5
O00972,C0607,P1036,14-11-2022,6,2552.8,-90.92,0.3,Standard Class,Net Banking,Returned,7
O03555,C0888,P1077,18-06-2023,8,649.66,55.85,0.1,Standard Class,Cash on Delivery,Not Returned,9
O03556,C1381,P1113,22-03-2022,7,3184.09,1358.87,0.05,Standard Class,Cash on Delivery,Not Returned,10
O05433,C0508,P1052,17-06-2024,2,236,-89.94,0.5,Second Class,Debit Card,Returned,2
O03558,C0558,P1146,07-03-2022,3,1097.44,100.64,0.15,Same Day,Debit Card,Returned,8
O03559,C2389,P1098,09-09-2022,,1922.16,199.96,0,Same Day,Cash on Delivery,Returned,9
O03560,C1336,P1037,20-06-2023,1,458.08,107.78,0.05,First Class,Cash on Delivery,Not Returned,8
O03561,C1961,P1060,26-04-2023,8,4865.76,1751.64,0,Second Class,Cash on Delivery,Returned,6
O05271,C1520,P1070,22-05-2024,1,193.68,-89.22,0.5,Same Day,Cash on Delivery,Returned,1
O03563,C0315,P1097,21-02-2023,2,681.47,204.06,0.2,Standard Class,Net Banking,Returned,4
O03565,C1313,P1123,28-01-2022,10,1479.04,185.48,0.2,Same Day,Net Banking,Returned,6
O03566,C1057,P1030,02-04-2024,4,2819.96,822.12,0.15,Standard Class,Credit Card,Returned,11
O03567,C2127,P1145,08-07-2023,8,143.21,36.62,0.15,Second Class,Debit Card,Returned,9
O03569,C0635,P1119,06-09-2023,9,3820.41,1075.77,0.15,Second Class,UPI,Not Returned,3
O03570,C1998,P1191,06-05-2022,5,1185.4,329.92,0,Second Class,Net Banking,Not Returned,9
O05766,C2039,P1065,09-05-2024,1,92.56,-89.22,0.5,First Class,UPI,Not Returned,12
O03572,C0338,P1123,23-09-2023,6,942.89,133.89,0.15,First Class,Net Banking,Not Returned,7
O03573,C0488,P1100,05-01-2024,2,1593.73,580.01,0.15,First Class,UPI,Not Returned,5
O03574,C1068,P1111,02-07-2023,2,977.66,411.68,0,Second Class,Credit Card,Not Returned,6
O03575,C0803,P1183,15-03-2023,3,667.73,246.8,0.05,Standard Class,Credit Card,Returned,4
O03576,C0521,P1178,26-02-2023,9,5223.53,850.59,0.1,Standard Class,Cash on Delivery,Returned,12
O03577,C1923,P1160,04-11-2022,9,6177.82,2264.73,0.2,First Class,Credit Card,Not Returned,11
O03578,C0707,P1070,30-06-2023,,2576.01,833.46,0.05,Standard Class,Credit Card,Not Returned,12
O00805,C1395,P1004,18-11-2022,3,586.15,-89.06,0.2,Same Day,Debit Card,Returned,10
O03580,C1680,P1102,16-06-2024,6,1922.76,413.16,0,First Class,Debit Card,Not Returned,7
O03581,C1022,P1066,16-02-2023,6,5156.52,2504.3,0,First Class,Cash on Delivery,Not Returned,4
O03584,C0697,P1052,16-01-2022,8,1510.4,357.14,0.2,Standard Class,Credit Card,Not Returned,11
O03585,C1059,P1103,12-06-2022,4,904.63,40.02,0.05,First Class,Debit Card,Not Returned,3
O03586,C2215,P1069,16-01-2023,9,3793.23,293.58,0.1,Second Class,Credit Card,Returned,10
O03589,C1187,P1004,14-03-2022,4,976.92,74.26,0,First Class,Net Banking,Returned,8
O03590,C0853,P1136,11-06-2022,5,2932.65,1213.24,0.1,Second Class,Credit Card,Not Returned,2
O05061,C0063,P1138,12-01-2024,5,249.48,-89.05,0.5,Standard Class,Net Banking,Returned,11
O05011,C0479,P1004,06-02-2022,8,1660.76,-89.02,0.15,Same Day,Debit Card,Returned,7
O03593,C1533,P1041,23-09-2022,1,395.95,76.55,0.3,Second Class,UPI,Returned,5
O03595,C0886,P1115,20-07-2022,2,118.58,12.47,0.05,Standard Class,Net Banking,Not Returned,3
O03596,C0699,P1127,06-03-2024,7,6977.11,3433.38,0,Standard Class,Net Banking,Returned,6
O03597,C1902,P1139,11-01-2023,3,601.49,150.77,0.15,Second Class,UPI,Returned,2
O03598,C0804,P1063,22-06-2023,7,264.81,94.43,0,Standard Class,UPI,Not Returned,5
O05104,C0926,P1171,12-07-2023,6,82.53,-88.89,0.5,Same Day,UPI,Returned,5
O04797,C0420,P1014,17-03-2022,1,349.44,-88.71,0.5,Second Class,Credit Card,Not Returned,9
O03601,C0577,P1057,20-03-2024,2,1722.2,785.68,0,Same Day,Cash on Delivery,Returned,2
O03602,C1940,P1080,10-02-2022,5,373.55,120.15,0,First Class,Net Banking,Returned,12
O03789,C1868,P1121,01-03-2024,6,1550.04,-88.51,0.5,Same Day,Net Banking,Not Returned,7
O03604,C2080,P1138,19-08-2022,6,508.93,102.56,0.15,First Class,Cash on Delivery,Not Returned,8
O03605,C1704,P1098,22-01-2022,10,3203.6,364.49,0,Second Class,Net Banking,Not Returned,9
O03606,C0855,P1168,29-02-2024,7,1375.54,,0.1,First Class,Credit Card,Returned,5
O00900,C0404,P1154,03-06-2022,2,750.04,-88.34,0.5,Second Class,UPI,Returned,8
O03608,C1041,P1088,27-12-2023,8,616.03,141.93,0.1,Same Day,Credit Card,Returned,6
O03609,C0999,P1010,18-04-2024,2,1399.42,563.52,0,First Class,Cash on Delivery,Returned,2
O00816,C0941,P1172,08-08-2022,5,802.1,-88.19,0.5,Second Class,Cash on Delivery,Not Returned,4
O03611,C1779,P1153,13-12-2023,9,1937,463.23,0.3,First Class,Credit Card,Returned,7
O03612,C0515,P1007,21-04-2023,6,2193.95,181.01,0.3,Same Day,Cash on Delivery,Returned,1
O03613,C0541,P1051,21-05-2024,10,4357.68,871.78,0.2,Second Class,Debit Card,Returned,2
O03614,C1591,P1059,11-05-2023,6,2175.46,278.12,0.05,Standard Class,Net Banking,Not Returned,9
O02820,C1686,P1128,07-06-2023,5,148.25,-88.07,0.5,Second Class,Net Banking,Returned,8
O03616,C0422,P1129,18-12-2022,8,1954.73,786.16,0.1,Same Day,Net Banking,Returned,11
O03617,C2108,P1069,04-10-2023,10,4214.7,353.12,0.1,Second Class,Net Banking,Returned,2
O05761,C0062,P1020,27-02-2023,2,648.66,-87.92,0.2,First Class,UPI,Returned,6
O03619,C2472,P1115,09-10-2023,10,530.48,0.2,0.15,Same Day,Credit Card,Not Returned,12
O03620,C0761,P1162,04-04-2022,10,331.92,102.03,0.15,Second Class,Credit Card,Not Returned,2
O03621,C2277,P1164,01-12-2023,7,5033.25,2164.97,0.05,Same Day,Credit Card,Returned,6
O03622,C2099,P1137,28-04-2024,7,542.94,4.93,0.15,Standard Class,Debit Card,Returned,11
O03623,C2026,P1014,24-07-2022,9,5975.34,2131.07,0.05,Standard Class,Cash on Delivery,Not Returned,8
O03624,C1914,P1041,12-09-2022,10,3959.48,948.62,0.3,Same Day,Net Banking,Not Returned,3
O06806,C1140,P1136,13-02-2022,6,1955.1,-87.89,0.5,First Class,Cash on Delivery,Returned,5
O03626,C1460,P1081,06-11-2022,7,1310.18,439.29,0.2,First Class,UPI,Not Returned,11
O06039,C2426,P1157,04-05-2022,3,1115.43,-87.59,0.5,Standard Class,Credit Card,Not Returned,1
O03628,C1310,P1105,11-07-2022,4,1010.8,407.23,0,Same Day,Net Banking,Not Returned,4
O03629,C2476,P1167,17-04-2022,5,4095.3,1891.98,0,Same Day,Net Banking,Not Returned,12
O05858,C1933,P1011,15-09-2023,3,460.15,-87.04,0.3,Standard Class,Cash on Delivery,Returned,8
O03631,C0972,P1011,17-04-2022,8,1577.66,155.65,0.1,First Class,Debit Card,Not Returned,1
O03632,C2350,P1034,29-12-2022,6,1324.08,303.51,0,Standard Class,Net Banking,Not Returned,7
O03633,C0930,P1191,02-11-2022,5,948.32,114.89,0.2,Same Day,UPI,Not Returned,9
O03634,C1615,P1154,21-10-2022,4,2850.15,1228.99,0.05,First Class,Debit Card,Returned,5
O03636,C2422,P1143,06-04-2024,6,2712.53,141.66,0.1,Standard Class,UPI,Not Returned,11
O02170,C1217,P1131,10-06-2022,2,332.22,-86.59,0.3,First Class,Debit Card,Not Returned,1
O03485,C0458,P1098,27-02-2023,3,768.86,-86.56,0.2,Second Class,Debit Card,Not Returned,1
O03639,C2018,P1103,03-05-2024,9,1928.29,55.94,0.1,First Class,Net Banking,Not Returned,1
O03640,C0928,P1126,30-01-2022,9,620.01,175.49,0,Second Class,Credit Card,Returned,7
O04740,C0949,P1006,09-07-2023,5,73.55,-86.42,0.5,Standard Class,Net Banking,Not Returned,7
O03642,C1356,P1132,18-10-2023,6,4134.84,1581.64,0.05,Second Class,Credit Card,Not Returned,6
O03643,C2154,P1106,14-02-2022,7,2293.78,613.55,0.05,Standard Class,Cash on Delivery,Returned,1
O03644,C0983,P1063,19-07-2022,4,151.32,68.14,0,Same Day,Credit Card,Returned,1
O03645,C1845,P1116,04-03-2022,4,2059.96,828.24,0,Second Class,Credit Card,Returned,12
O03646,C2316,P1135,26-10-2023,10,4776.92,651.09,0.15,Standard Class,Cash on Delivery,Returned,8
O00049,C0844,P1042,05-04-2022,1,133.44,-86.36,0.5,Second Class,Debit Card,Not Returned,12
O03648,C1277,P1041,01-09-2022,6,2715.07,896.77,0.2,Same Day,Debit Card,Not Returned,6
O03649,C1098,P1154,25-05-2022,10,7500.4,3492.01,0,First Class,Net Banking,Returned,9
O03650,C1463,P1083,09-08-2022,4,775.87,246.39,0.1,Standard Class,Debit Card,Not Returned,9
O03651,C0811,P1039,16-12-2023,8,1330.56,197.88,0.1,Standard Class,Cash on Delivery,Not Returned,2
O03652,C1533,P1092,05-10-2023,7,1733.29,251.85,0.15,Standard Class,Debit Card,Not Returned,5
O03653,C0680,P1034,30-07-2023,9,1986.12,463.56,0,First Class,Debit Card,Not Returned,9
O03654,C0582,P1096,13-02-2022,8,1840.9,750.21,0.1,Same Day,Debit Card,Returned,8
O03655,C1194,P1151,25-07-2023,3,2041.44,742.32,0,Same Day,Debit Card,Returned,11
O03656,C1491,P1114,31-05-2022,6,873.12,330.81,0.15,First Class,Net Banking,Returned,12
O03657,C1156,P1133,07-09-2023,9,4988.63,,0.1,Standard Class,Credit Card,Returned,7
O03658,C1242,P1070,28-10-2022,3,1045.9,280.56,0.1,Standard Class,UPI,Returned,6
O03659,C2258,P1161,07-02-2023,2,1233.74,383.01,0.2,Same Day,UPI,Not Returned,8
O03660,C0494,P1074,30-06-2023,8,1139.01,227.84,0.05,Standard Class,Cash on Delivery,Returned,6
O03662,C2385,P1122,23-11-2023,8,1382.83,,0.1,Standard Class,Credit Card,Returned,4
O04447,C0980,P1087,22-06-2023,1,361.03,-86.31,0.3,Second Class,Cash on Delivery,Returned,5
O03664,C0329,P1123,06-04-2023,8,1257.18,221.01,0.15,First Class,Net Banking,Not Returned,1
O05383,C1670,P1137,29-08-2023,6,383.25,-86.11,0.3,Second Class,Credit Card,Not Returned,4
O03666,C0051,P1022,27-12-2022,1,64.3,2.29,0,First Class,Net Banking,Not Returned,3
O03667,C2320,P1063,05-06-2023,10,340.47,111.48,0.1,First Class,Debit Card,Returned,6
O03668,C2205,P1091,09-05-2023,7,3890.65,405.54,0.05,Standard Class,Cash on Delivery,Returned,10
O02961,C1650,P1160,06-07-2023,9,3861.14,-86.1,0.5,Same Day,Credit Card,Not Returned,7
O03670,C1182,P1122,16-04-2022,3,460.94,102.07,0.2,Standard Class,Cash on Delivery,Not Returned,8
O03671,C0505,P1146,31-05-2024,2,860.74,187.97,0,First Class,Credit Card,Not Returned,1
O03672,C1651,P1161,03-01-2022,5,3084.36,1014.89,0.2,First Class,Credit Card,Not Returned,10
O03673,C0119,P1043,11-09-2023,5,3303.95,793.62,0.15,Second Class,Cash on Delivery,Not Returned,2
O03674,C0414,P1032,19-12-2023,7,3727.53,728.35,0.3,First Class,Cash on Delivery,Returned,9
O03675,C0898,P1072,26-09-2023,5,1332.38,237.02,0.05,Same Day,Cash on Delivery,Returned,11
O04726,C0263,P1057,27-04-2024,3,1291.65,-85.93,0.5,First Class,Debit Card,Not Returned,1
O03794,C2496,P1006,27-08-2022,6,88.26,-85.77,0.5,Second Class,Cash on Delivery,Not Returned,12
O03678,C0141,P1122,21-08-2022,3,489.75,131.27,0.15,Second Class,Debit Card,Not Returned,2
O04525,C0923,P1004,05-06-2022,7,1453.17,-85.06,0.15,Second Class,UPI,Not Returned,8
O03680,C2134,P1175,06-05-2024,3,2097.01,604.09,0.1,Same Day,Debit Card,Returned,6
O05943,C1092,P1141,19-01-2024,3,901.05,-84.98,0.3,Standard Class,Credit Card,Returned,3
O03682,C1897,P1014,04-02-2022,5,2446.04,274.07,0.3,Same Day,Net Banking,Returned,5
O03683,C1003,P1086,28-11-2023,5,2072.85,850.46,0.05,Same Day,Credit Card,Returned,12
O03122,C0543,P1158,16-02-2022,2,346.85,-84.93,0.5,Standard Class,Debit Card,Not Returned,9
O03685,C1568,P1010,10-01-2024,3,2099.13,863.38,0,First Class,UPI,Not Returned,3
O03071,C0507,P1011,20-09-2022,3,460.15,-84.78,0.3,Same Day,Debit Card,Not Returned,11
O04202,C1765,P1045,11-01-2022,7,371.32,-84.65,0.5,Second Class,Debit Card,Returned,7
O06160,C0516,P1100,02-11-2023,3,1406.24,-84.09,0.5,Second Class,UPI,Returned,11
O03508,C2384,P1135,18-04-2023,2,786.79,-83.92,0.3,Same Day,Cash on Delivery,Not Returned,4
O03690,C0128,P1133,15-01-2023,6,3140.99,1266.88,0.15,Second Class,Cash on Delivery,Not Returned,5
O01972,C1445,P1098,29-09-2022,9,2450.75,-83.85,0.15,First Class,UPI,Not Returned,10
O03693,C0163,P1073,16-01-2022,2,819.16,229.31,0.15,Standard Class,Net Banking,Not Returned,9
O05815,C1359,P1032,19-02-2024,1,380.36,-83.79,0.5,Same Day,Debit Card,Returned,3
O03695,C2428,P1046,02-09-2022,4,2356.8,756.56,0,Same Day,UPI,Returned,7
O03696,C1531,P1102,20-02-2024,4,1153.66,130.19,0.1,Second Class,UPI,Returned,9
O03697,C1903,P1135,28-05-2022,7,3933.93,1050.26,0,Standard Class,Debit Card,Returned,12
O03698,C0222,P1138,04-12-2022,3,209.56,4.27,0.3,First Class,Credit Card,Returned,3
O03699,C2281,P1138,21-12-2023,4,279.41,18.69,0.3,Second Class,Cash on Delivery,Returned,5
O03700,C1765,P1141,24-08-2023,4,1544.65,253.77,0.1,Second Class,Credit Card,Not Returned,7
O03701,C1164,P1151,25-02-2023,2,952.67,67.43,0.3,Same Day,Net Banking,Not Returned,5
O03128,C0631,P1013,20-03-2024,4,184.3,-83.63,0,Same Day,Net Banking,Returned,6
O03703,C1129,P1107,22-04-2023,9,8175.6,3858.78,0.05,Same Day,UPI,Returned,8
O03704,C0856,P1017,09-12-2022,4,1248.6,429.22,0,Second Class,Net Banking,Returned,10
O03705,C0818,P1174,05-09-2023,3,1278.26,285.81,0.1,Second Class,Cash on Delivery,Returned,12
O03706,C1513,P1053,09-06-2022,5,458.04,87.15,0.05,Second Class,Cash on Delivery,Returned,4
O03707,C0715,P1094,21-07-2022,9,977.7,8.51,0.3,First Class,Cash on Delivery,Returned,7
O03708,C1734,P1032,29-02-2024,3,1939.84,635.17,0.15,Standard Class,UPI,Not Returned,5
O03709,C2428,P1054,14-06-2022,2,864.46,380.8,0.05,Same Day,UPI,Returned,10
O03828,C2480,P1006,07-04-2023,6,88.26,-83.48,0.5,Second Class,Debit Card,Returned,10
O03711,C0591,P1174,29-05-2024,2,852.17,156.97,0.1,Second Class,Credit Card,Not Returned,9
O03712,C0558,P1126,23-03-2022,10,620.01,124.06,0.1,Standard Class,Cash on Delivery,Not Returned,6
O03713,C1774,P1127,20-12-2022,9,7624.98,3110.56,0.15,Same Day,Credit Card,Returned,3
O03714,C2258,P1016,05-01-2022,4,2155.6,1059.34,0,First Class,Cash on Delivery,Not Returned,7
O03715,C2037,P1127,08-10-2023,8,7176.46,3156.55,0.1,Second Class,Debit Card,Not Returned,6
O02203,C0426,P1006,15-04-2022,7,102.97,-83.47,0.5,First Class,Credit Card,Returned,6
O01488,C0146,P1098,29-01-2022,2,512.58,-83.44,0.2,Same Day,Credit Card,Not Returned,12
O03718,C1832,P1153,15-03-2022,7,2044.61,882.86,0.05,Standard Class,Cash on Delivery,Not Returned,1
O03719,C0102,P1081,11-05-2023,6,1123.01,366.83,0.2,First Class,Debit Card,Returned,12
O03720,C0108,P1063,05-10-2022,3,113.49,30.51,0,Standard Class,Debit Card,Returned,5
O03721,C0633,P1130,11-05-2024,1,584.67,108.09,0.3,First Class,Credit Card,Returned,1
O03722,C1441,P1017,13-05-2024,10,3121.5,1146.62,0,First Class,Credit Card,Returned,12
O03723,C0705,P1024,17-06-2022,3,1308.72,294.64,0.05,Same Day,Cash on Delivery,Not Returned,1
O03724,C1985,P1043,16-11-2023,7,4625.53,1099.73,0.15,Second Class,UPI,Not Returned,11
O06743,C2214,P1007,22-01-2023,1,261.18,-83.33,0.5,Standard Class,Credit Card,Returned,5
O03726,C1019,P1149,12-05-2022,7,497.34,135.44,0.2,Standard Class,UPI,Not Returned,5
O03727,C0378,P1098,05-11-2023,10,3203.6,364.8,0,Standard Class,Debit Card,Returned,1
O03728,C2099,P1088,17-01-2022,5,342.24,22.7,0.2,Second Class,UPI,Returned,8
O03729,C0324,P1163,03-12-2023,1,234.35,18.45,0.3,Standard Class,Credit Card,Returned,6
O02880,C0871,P1097,15-01-2022,3,638.88,-83.31,0.5,Standard Class,Debit Card,Not Returned,9
O03731,C1406,P1018,15-03-2022,5,2759.4,662.09,0.2,Second Class,Net Banking,Not Returned,1
O03732,C0897,P1167,24-08-2022,3,2457.18,1124.68,0,Standard Class,Net Banking,Returned,12
O06292,C0333,P1115,26-03-2023,7,305.81,-83.26,0.3,First Class,Credit Card,Returned,7
O03734,C1708,P1015,11-07-2022,5,2493.22,421.47,0.3,Same Day,Credit Card,Not Returned,2
O03735,C0600,P1003,29-05-2022,3,1501.61,154.79,0.05,Second Class,Debit Card,Returned,9
O03736,C1447,P1042,05-02-2022,9,2041.71,152.96,0.15,Second Class,Credit Card,Not Returned,1
O03737,C0555,P1161,20-08-2023,2,1079.53,259.3,0.3,Standard Class,Debit Card,Returned,1
O03738,C0438,P1063,28-04-2022,10,302.64,71.5,0.2,Standard Class,Cash on Delivery,Returned,11
O00761,C0953,P1156,17-10-2022,8,1009.47,-82.71,0.2,Same Day,Cash on Delivery,Not Returned,6
O03740,C1466,P1002,26-12-2023,5,2218.4,350.42,0.3,Second Class,Net Banking,Returned,9
O03346,C2151,P1022,06-03-2022,9,405.09,-82.67,0.3,Second Class,Debit Card,Returned,9
O03742,C1758,P1078,17-12-2023,10,2003.61,209.18,0.3,Same Day,Net Banking,Not Returned,8
O03743,C0290,P1164,30-01-2023,,6055.04,2008.53,0,Second Class,Debit Card,Returned,9
O04649,C0101,P1138,01-10-2023,5,249.48,-82.46,0.5,Same Day,Debit Card,Returned,9
O03745,C1929,P1119,19-11-2023,3,1498.2,563.98,0,Second Class,UPI,Returned,8
O02099,C1812,P1069,09-11-2023,4,1498.56,-82.39,0.2,Second Class,Cash on Delivery,Not Returned,4
O03747,C1388,P1044,31-03-2022,7,218.12,,0.5,Standard Class,Cash on Delivery,Returned,11
O02888,C1706,P1187,27-11-2023,1,153.43,-82.04,0.3,First Class,UPI,Returned,9
O03749,C2328,P1040,21-10-2023,7,2266.89,234.8,0.15,Standard Class,Cash on Delivery,Returned,11
O04065,C1404,P1011,25-04-2022,3,460.15,-81.84,0.3,First Class,Cash on Delivery,Not Returned,2
O01291,C0054,P1144,02-11-2022,5,1027.18,-81.79,0.3,Standard Class,Credit Card,Not Returned,1
O01689,C1856,P1025,02-08-2023,4,690.54,-81.72,0.3,First Class,Credit Card,Returned,4
O03753,C1368,P1136,27-03-2023,10,5213.6,1814.41,0.2,First Class,Cash on Delivery,Returned,7
O03754,C1252,P1049,15-01-2022,8,5829.06,1925.56,0.2,Standard Class,UPI,Not Returned,7
O03755,C1165,P1147,11-12-2023,8,4289.9,1282.59,0.1,First Class,Credit Card,Returned,6
O03756,C0545,P1085,12-11-2023,8,5442.98,1661.77,0.1,Second Class,Cash on Delivery,Not Returned,1
O03757,C1474,P1191,11-03-2023,4,758.66,104.81,0.2,Same Day,Net Banking,Not Returned,4
O03758,C2393,P1049,12-09-2022,6,5464.74,2504.77,0,Second Class,Net Banking,Returned,9
O03759,C0168,P1140,13-07-2023,2,881.71,150.9,0.05,Standard Class,UPI,Returned,1
O03761,C2054,P1008,17-06-2023,8,1385.35,414.18,0.1,Standard Class,Cash on Delivery,Returned,8
O03762,C0562,P1032,06-09-2023,7,4792.54,1812.48,0.1,Same Day,UPI,Not Returned,11
O03763,C0307,P1052,23-04-2023,3,672.6,214.35,0.05,First Class,Debit Card,Returned,3
O03764,C1954,P1144,04-07-2022,7,2054.36,492.96,0,First Class,Cash on Delivery,Returned,2
O03765,C0681,P1146,08-07-2023,9,3098.66,179.68,0.2,Second Class,Credit Card,Not Returned,5
O03766,C1141,P1057,06-03-2022,6,4908.27,2120.67,0.05,Same Day,UPI,Not Returned,5
O03767,C1063,P1160,17-05-2024,5,4075.64,1869.4,0.05,Standard Class,Cash on Delivery,Returned,9
O03768,C0044,P1045,07-03-2024,6,541.06,138.4,0.15,Standard Class,Cash on Delivery,Returned,11
O02597,C1943,P1119,01-11-2023,1,249.7,-81.62,0.5,Same Day,Credit Card,Returned,6
O01962,C1209,P1187,06-02-2024,5,876.76,-81.59,0.2,First Class,Cash on Delivery,Not Returned,4
O03772,C0540,P1159,23-01-2024,3,348.7,72.54,0.3,Second Class,Cash on Delivery,Not Returned,5
O02404,C0640,P1115,21-03-2024,8,349.5,-80.85,0.3,First Class,Credit Card,Returned,11
O03774,C0767,P1074,04-02-2023,5,636.95,45.05,0.15,Same Day,UPI,Returned,10
O01691,C0912,P1006,23-04-2023,7,102.97,-80.54,0.5,First Class,Net Banking,Returned,12
O03999,C0237,P1115,02-08-2022,6,262.12,-80.51,0.3,Same Day,UPI,Not Returned,2
O03777,C0655,P1166,29-12-2023,2,853.02,53.6,0.1,First Class,Debit Card,Returned,3
O03778,C0311,P1168,24-10-2023,10,1746.72,545.12,0.2,Second Class,Net Banking,Returned,5
O05340,C0553,P1153,27-09-2022,5,768.65,-80.46,0.5,Standard Class,Debit Card,Not Returned,4
O03780,C0245,P1158,21-11-2023,4,1109.92,252.44,0.2,Same Day,Net Banking,Not Returned,6
O06870,C0021,P1071,19-10-2022,7,922.95,-80.31,0.5,First Class,Net Banking,Not Returned,8
O03782,C1004,P1031,03-02-2023,8,3689.95,1411.89,0.05,First Class,UPI,Not Returned,12
O03783,C2441,P1168,24-03-2023,4,829.69,321.02,0.05,Second Class,Debit Card,Returned,7
O01721,C1801,P1033,27-06-2022,8,938.26,-80.27,0.15,Standard Class,Cash on Delivery,Not Returned,4
O00213,C1248,P1010,06-09-2022,1,349.86,-80.22,0.5,Standard Class,UPI,Not Returned,7
O03787,C0897,P1045,06-04-2024,8,678.98,152.92,0.2,Standard Class,Credit Card,Returned,5
O02767,C2447,P1076,02-08-2023,1,175.9,-80.06,0.5,First Class,Credit Card,Returned,1
O04014,C1106,P1115,12-05-2023,7,305.81,-79.98,0.3,First Class,Credit Card,Not Returned,5
O06901,C1339,P1156,02-01-2023,9,1135.66,-79.93,0.2,Same Day,Credit Card,Not Returned,3
O03791,C0559,P1144,13-02-2023,10,2641.32,446,0.1,First Class,Net Banking,Returned,6
O03792,C1575,P1082,12-02-2023,5,2258.28,74.91,0.1,Standard Class,UPI,Not Returned,7
O03793,C1856,P1022,05-03-2022,10,610.85,77.28,0.05,Second Class,Cash on Delivery,Not Returned,2
O00727,C1815,P1082,01-02-2023,10,4265.64,-79.79,0.15,First Class,Net Banking,Not Returned,6
O03795,C0617,P1160,04-10-2022,4,2745.7,991.75,0.2,First Class,Cash on Delivery,Returned,5
O03796,C0360,P1054,21-12-2023,7,2547.89,893.02,0.2,Standard Class,Cash on Delivery,Not Returned,7
O00071,C2305,P1169,18-01-2024,8,1813.28,-79.72,0.3,Same Day,Cash on Delivery,Returned,9
O03798,C0205,P1071,04-07-2023,8,2004.12,858.46,0.05,Second Class,UPI,Not Returned,4
O05187,C1279,P1041,01-03-2022,3,848.46,-79.65,0.5,First Class,Net Banking,Not Returned,11
O03800,C2003,P1032,06-01-2024,7,4526.28,1521.26,0.15,Same Day,Net Banking,Not Returned,3
O03801,C1770,P1173,16-11-2022,2,1045.9,67.1,0.2,Same Day,Net Banking,Not Returned,8
O03802,C0585,P1111,06-02-2023,1,342.18,40.99,0.3,First Class,Net Banking,Returned,6
O03803,C2461,P1153,26-06-2022,8,1967.74,657.66,0.2,Standard Class,Cash on Delivery,Returned,5
O03784,C1357,P1033,31-03-2023,5,551.92,-79.62,0.2,Same Day,Credit Card,Returned,7
O03805,C0973,P1026,09-03-2022,9,2339.37,1028.4,0.05,Standard Class,Net Banking,Returned,7
O03806,C0430,P1161,15-11-2023,8,5243.41,1950.78,0.15,Same Day,Debit Card,Not Returned,4
O03807,C0973,P1165,31-10-2022,9,4666.5,987.38,0,First Class,Credit Card,Returned,12
O05270,C1787,P1128,05-12-2023,7,290.57,-79.46,0.3,Same Day,Cash on Delivery,Returned,7
O03809,C0743,P1153,02-01-2023,10,2459.68,814.1,0.2,Second Class,UPI,Not Returned,1
O05825,C1967,P1135,10-04-2022,2,786.79,-79.33,0.3,Standard Class,Net Banking,Returned,4
O03811,C2288,P1110,03-06-2024,6,4007.48,1058.25,0.15,Second Class,Net Banking,Not Returned,4
O00703,C0904,P1117,26-03-2022,7,847.22,-78.82,0.2,Second Class,Credit Card,Returned,1
O01428,C0587,P1066,17-08-2023,7,3007.97,-78.69,0.5,Second Class,Credit Card,Returned,11
O03814,C0435,P1188,03-06-2024,5,2226.47,516.35,0.05,Same Day,Debit Card,Returned,11
O03815,C0628,P1173,11-11-2023,6,3922.14,995.07,0,Second Class,Cash on Delivery,Not Returned,3
O03816,C0526,P1046,19-01-2022,2,1178.4,370.93,0,Standard Class,UPI,Not Returned,1
O03817,C2068,P1016,02-11-2022,6,2586.72,929.5,0.2,Standard Class,Net Banking,Returned,4
O03818,C1357,P1163,25-05-2024,1,301.3,90.8,0.1,First Class,Net Banking,Returned,2
O03819,C0375,P1118,08-10-2022,4,2359,532.14,0,First Class,Credit Card,Returned,2
O03820,C1051,P1010,19-12-2022,2,1399.42,543.77,0,Second Class,Cash on Delivery,Returned,11
O03821,C1673,P1007,21-04-2022,8,3343.17,677.56,0.2,Standard Class,Cash on Delivery,Returned,4
O03822,C1706,P1036,21-10-2023,7,3829.2,745.3,0.1,First Class,Cash on Delivery,Not Returned,9
O01214,C0670,P1177,07-04-2022,1,428.46,-78.51,0.3,First Class,Debit Card,Returned,12
O03824,C1558,P1090,02-10-2023,4,1754.31,261.57,0.3,Second Class,Debit Card,Not Returned,4
O03825,C0902,P1063,21-08-2023,3,113.49,49.74,0,Standard Class,Debit Card,Returned,3
O03826,C0472,P1111,12-11-2022,6,2493.03,800.42,0.15,Standard Class,Debit Card,Not Returned,1
O03827,C0879,P1061,19-12-2023,5,2624.67,649.59,0.15,Second Class,Credit Card,Not Returned,1
O04716,C0597,P1185,02-10-2023,2,478.53,-78.49,0.5,Second Class,Debit Card,Returned,7
O03829,C0231,P1027,10-06-2023,2,755.8,95.65,0.3,Same Day,Net Banking,Not Returned,11
O00712,C2367,P1173,23-08-2023,2,915.17,-78.38,0.3,First Class,Credit Card,Returned,2
O04491,C2321,P1079,21-06-2022,1,79.68,-78.35,0.5,First Class,Net Banking,Returned,6
O03833,C0551,P1053,20-07-2023,3,289.29,73.74,0,First Class,Credit Card,Returned,8
O03834,C0566,P1078,19-07-2023,5,1144.92,240.98,0.2,First Class,UPI,Not Returned,1
O03835,C1505,P1020,21-07-2023,6,2432.46,262.56,0,Standard Class,UPI,Returned,5
O02806,C2039,P1049,11-04-2022,1,455.4,-78.12,0.5,Standard Class,UPI,Returned,12
O03837,C1701,P1147,19-06-2022,10,5362.38,1594.85,0.1,First Class,Debit Card,Not Returned,2
O03838,C1753,P1154,09-06-2022,5,3375.18,1365.13,0.1,Same Day,UPI,Returned,1
O03839,C0375,P1112,05-05-2022,10,587.1,172.24,0.05,Standard Class,UPI,Returned,5
O03840,C1748,P1062,08-02-2024,9,122.35,17.74,0.05,Second Class,Net Banking,Returned,3
O03841,C0316,P1190,27-02-2023,2,844.87,77.71,0.15,Standard Class,UPI,Returned,2
O03843,C0634,P1014,25-10-2023,3,1991.78,686.29,0.05,First Class,Credit Card,Not Returned,5
O03845,C2429,P1159,21-02-2024,10,1494.45,631.82,0.1,Standard Class,Net Banking,Returned,7
O03846,C2185,P1111,19-05-2023,3,1319.84,444.93,0.1,First Class,UPI,Returned,6
O03847,C1033,P1023,25-12-2022,10,803.2,162.06,0,Standard Class,Debit Card,Not Returned,6
O03848,C2268,P1032,01-01-2023,2,1217.15,352.11,0.2,Second Class,Debit Card,Returned,3
O03849,C1309,P1074,19-07-2023,2,254.78,23.74,0.15,Second Class,Cash on Delivery,Returned,11
O03850,C1158,P1025,25-09-2023,3,739.86,120.59,0,Standard Class,Credit Card,Not Returned,3
O02622,C1500,P1126,28-12-2023,5,172.22,-78.05,0.5,Same Day,UPI,Not Returned,4
O03852,C0780,P1051,03-03-2022,6,3104.85,1032.88,0.05,Standard Class,UPI,Returned,2
O03853,C1579,P1078,11-11-2022,5,1216.48,319.57,0.15,Standard Class,Debit Card,Not Returned,11
O03854,C0259,P1038,05-05-2023,10,6584.83,1965.28,0.05,First Class,Cash on Delivery,Not Returned,7
O03855,C1799,P1157,21-08-2023,10,5205.34,1256.45,0.3,Same Day,Cash on Delivery,Not Returned,11
O03857,C2461,P1139,11-08-2022,8,1320.93,150.2,0.3,Standard Class,Cash on Delivery,Not Returned,8
O03858,C1819,P1049,10-03-2024,6,5464.74,2515.14,0,Same Day,UPI,Not Returned,3
O01507,C0454,P1168,03-10-2022,3,327.51,-77.93,0.5,First Class,Cash on Delivery,Not Returned,6
O03860,C2106,P1030,18-03-2022,2,1409.98,374.97,0.15,Same Day,Debit Card,Not Returned,7
O03861,C0635,P1185,28-04-2022,10,4067.5,1322.31,0.15,Standard Class,UPI,Returned,6
O03862,C2156,P1118,12-05-2022,8,3774.4,158.86,0.2,First Class,Cash on Delivery,Not Returned,1
O03863,C2352,P1068,04-08-2022,3,199.82,49.53,0.15,First Class,Net Banking,Returned,8
O00572,C0354,P1132,10-03-2024,1,362.7,-77.9,0.5,Standard Class,Cash on Delivery,Returned,6
O03865,C0188,P1136,11-11-2022,8,4170.88,1473.78,0.2,First Class,Credit Card,Not Returned,5
O03866,C1738,P1146,29-07-2022,4,1463.26,142.17,0.15,Same Day,Net Banking,Returned,2
O02991,C0333,P1033,12-06-2023,3,331.15,-77.89,0,First Class,Credit Card,Not Returned,3
O03868,C2375,P1030,15-06-2023,10,7049.9,2076.48,0.15,Second Class,UPI,Returned,6
O03869,C2153,P1087,19-10-2022,7,3068.77,209.36,0.15,First Class,Debit Card,Not Returned,10
O04683,C0270,P1021,15-10-2023,1,82.76,-77.83,0.5,Same Day,Net Banking,Returned,4
O03871,C1730,P1189,14-03-2022,4,1220.92,516.04,0,Same Day,Credit Card,Not Returned,10
O03872,C0349,P1188,12-08-2023,3,1406.19,366.03,0,Standard Class,Debit Card,Not Returned,6
O03873,C0449,P1116,18-04-2022,3,1390.47,442.45,0.1,Second Class,Net Banking,Not Returned,3
O03874,C1806,P1134,08-06-2022,5,1737.64,60.69,0.05,Standard Class,Debit Card,Returned,1
O03875,C0322,P1133,20-02-2023,7,3880.04,1666.3,0.1,Standard Class,Debit Card,Not Returned,7
O05277,C2016,P1105,17-07-2022,3,379.05,-77.65,0.5,Same Day,Credit Card,Not Returned,10
O03878,C2400,P1153,26-12-2022,9,2490.43,1023.72,0.1,Standard Class,UPI,Returned,11
O03879,C0341,P1173,20-01-2023,3,1961.07,480.53,0,Same Day,Credit Card,Returned,3
O00066,C0995,P1097,19-03-2023,5,1064.8,-77.25,0.5,Same Day,Net Banking,Returned,11
O00962,C1003,P1080,06-05-2023,9,336.2,-77,0.5,Standard Class,Cash on Delivery,Returned,9
O03882,C0847,P1056,19-03-2024,1,289.68,19.63,0.1,Same Day,Debit Card,Not Returned,9
O03883,C1148,P1113,14-05-2023,10,4548.7,1946.68,0.05,Same Day,Net Banking,Not Returned,11
O03884,C0674,P1025,30-05-2023,9,1886.64,116.14,0.15,Second Class,UPI,Not Returned,3
O03885,C0937,P1140,27-06-2023,10,4408.57,744.75,0.05,Same Day,Debit Card,Returned,5
O04135,C1804,P1136,01-01-2024,7,2280.95,-76.53,0.5,Second Class,Cash on Delivery,Returned,4
O05481,C1241,P1098,18-05-2023,8,2178.45,-76.39,0.15,First Class,Debit Card,Not Returned,10
O03888,C1843,P1047,08-08-2023,4,225.61,26.45,0.05,Same Day,UPI,Not Returned,10
O03889,C1755,P1150,25-01-2023,1,648.57,169.33,0.1,First Class,Debit Card,Not Returned,2
O04607,C1460,P1077,21-07-2022,2,90.23,-76.26,0.5,Same Day,Debit Card,Returned,2
O03891,C2426,P1119,08-03-2024,1,474.43,153.66,0.05,First Class,Net Banking,Not Returned,6
O03892,C1940,P1157,18-02-2024,7,5205.34,2441.29,0,Standard Class,Net Banking,Not Returned,7
O03893,C1945,P1000,21-11-2023,4,1379.13,42.08,0.05,Same Day,Cash on Delivery,Not Returned,2
O03894,C1280,P1125,25-06-2022,3,791.18,264.26,0.1,First Class,Credit Card,Returned,3
O03895,C2408,P1123,10-09-2022,10,1756.36,440.18,0.05,Same Day,Net Banking,Returned,8
O03896,C2297,P1027,15-06-2022,7,3401.12,1072.76,0.1,Second Class,Net Banking,Not Returned,1
O03897,C0538,P1083,29-08-2022,8,1379.33,336.19,0.2,Second Class,Net Banking,Returned,7
O05843,C1453,P1105,17-01-2022,5,631.75,-76.19,0.5,Same Day,Net Banking,Returned,7
O03899,C2386,P1110,02-09-2022,10,7072.02,2201.55,0.1,First Class,UPI,Returned,12
O03900,C0250,P1065,15-10-2022,7,907.09,,0.3,Second Class,Net Banking,Returned,5
O03901,C0704,P1151,03-04-2024,3,1429.01,162.14,0.3,Second Class,Cash on Delivery,Returned,11
O03902,C1408,P1061,12-01-2024,3,1296.9,98.97,0.3,Second Class,Net Banking,Not Returned,12
O03903,C0952,P1184,17-01-2024,3,50.23,1.65,0.2,Second Class,Credit Card,Not Returned,1
O02225,C1629,P1065,24-06-2022,10,1573.52,-75.64,0.15,Standard Class,Debit Card,Returned,11
O03905,C1844,P1074,03-06-2023,9,1348.83,340.26,0,First Class,UPI,Returned,4
O03906,C2487,P1037,31-05-2022,7,2362.73,31.65,0.3,Same Day,Debit Card,Not Returned,3
O03907,C0758,P1091,18-05-2022,7,3481.11,19.96,0.15,Second Class,UPI,Not Returned,6
O03908,C2141,P1039,06-03-2024,4,702.24,123.68,0.05,Second Class,Cash on Delivery,Not Returned,5
O03909,C0775,P1122,13-11-2023,6,1152.36,482.98,0,Same Day,UPI,Not Returned,3
O02591,C1340,P1153,04-03-2024,6,922.38,-75.45,0.5,Standard Class,Net Banking,Returned,7
O03911,C0025,P1035,09-02-2023,3,463.95,92.94,0.3,Standard Class,Cash on Delivery,Returned,4
O03912,C1262,P1008,08-06-2022,3,404.06,44.83,0.3,First Class,Net Banking,Not Returned,6
O05091,C2252,P1071,11-02-2022,8,1054.8,-75.35,0.5,Standard Class,Debit Card,Not Returned,4
O00852,C0989,P1188,06-05-2023,4,1312.44,-75.32,0.3,Second Class,Credit Card,Not Returned,8
O00108,C2208,P1087,15-10-2022,1,361.03,-75.23,0.3,First Class,Credit Card,Not Returned,10
O03916,C1126,P1183,03-10-2022,8,1312.02,228.34,0.3,Standard Class,Net Banking,Returned,7
O03917,C0423,P1086,26-04-2023,4,1745.56,751.73,0,Standard Class,Credit Card,Not Returned,3
O06489,C2360,P1055,19-01-2024,1,411.03,-75.11,0.3,Second Class,Credit Card,Returned,4
O03919,C2248,P1046,14-04-2022,4,2356.8,738.9,0,First Class,UPI,Returned,4
O03920,C1281,P1101,02-11-2022,3,1357.08,69.95,0.15,First Class,Net Banking,Returned,11
O03921,C0651,P1183,27-03-2023,5,1112.88,430.89,0.05,Same Day,Credit Card,Returned,6
O03922,C2286,P1157,20-12-2023,5,3160.38,1165.81,0.15,Second Class,Debit Card,Not Returned,2
O04256,C0316,P1112,02-08-2022,6,185.4,-74.91,0.5,Same Day,Credit Card,Not Returned,6
O03924,C1085,P1111,09-06-2023,9,3079.63,591.64,0.3,Standard Class,Cash on Delivery,Returned,7
O03925,C2420,P1175,04-09-2023,3,2097.01,577.37,0.1,Same Day,Debit Card,Returned,4
O03926,C2139,P1014,24-04-2022,4,2236.38,486.81,0.2,Standard Class,Net Banking,Returned,7
O03676,C2211,P1186,11-11-2023,1,318.19,-74.83,0,Same Day,Debit Card,Returned,3
O01356,C0282,P1098,15-02-2023,6,1633.84,-74.26,0.15,Second Class,Credit Card,Returned,6
O03931,C1029,P1007,26-07-2023,8,3761.06,1095.09,0.1,Standard Class,Cash on Delivery,Returned,11
O03932,C1064,P1151,04-05-2022,6,3674.59,1144.79,0.1,Standard Class,Net Banking,Returned,5
O04842,C0259,P1129,21-07-2022,8,1085.96,-74.15,0.5,Same Day,Credit Card,Returned,12
O03934,C1025,P1151,10-10-2023,8,4627.26,1233.83,0.15,Standard Class,Cash on Delivery,Not Returned,7
O03935,C0433,P1046,27-02-2022,4,2003.28,375.32,0.15,Second Class,Credit Card,Returned,4
O03936,C1726,P1147,14-03-2023,3,1429.97,277.49,0.2,First Class,Cash on Delivery,Not Returned,10
O03937,C0339,P1053,20-04-2023,10,964.3,273.48,0,Same Day,Cash on Delivery,Returned,3
O06156,C0279,P1092,29-01-2024,9,1835.25,-74.07,0.3,Second Class,Cash on Delivery,Returned,10
O05936,C0153,P1074,25-05-2022,9,944.18,-73.98,0.3,Standard Class,Cash on Delivery,Not Returned,12
O03940,C0170,P1107,18-06-2023,1,812.78,298.74,0.15,Same Day,Credit Card,Returned,10
O02872,C1291,P1001,09-03-2022,2,263.65,-73.82,0.3,Second Class,Credit Card,Returned,1
O03942,C2003,P1059,23-12-2023,2,686.99,24.82,0.1,Standard Class,Cash on Delivery,Not Returned,8
O03943,C0505,P1053,27-05-2022,7,641.26,169.63,0.05,Standard Class,Debit Card,Returned,12
O06170,C0274,P1059,09-03-2023,1,267.16,-73.8,0.3,First Class,Cash on Delivery,Not Returned,10
O03946,C2352,P1126,22-08-2022,8,523.56,116.96,0.05,First Class,UPI,Returned,8
O03947,C0207,P1191,05-06-2022,1,189.66,16.23,0.2,Second Class,Cash on Delivery,Returned,1
O03948,C1701,P1093,15-02-2022,3,1373.21,40.58,0.2,Same Day,Credit Card,Returned,12
O03949,C1871,P1143,04-09-2022,6,2712.53,145.5,0.1,Same Day,Debit Card,Not Returned,12
O03950,C0173,P1132,12-07-2023,5,3264.34,1149.69,0.1,Second Class,Cash on Delivery,Not Returned,12
O03951,C1846,P1155,13-02-2022,7,3658.35,497.08,0.1,Second Class,Debit Card,Returned,4
O03952,C2476,P1092,20-02-2022,1,291.31,60.03,0,First Class,Cash on Delivery,Returned,4
O03953,C2308,P1181,06-09-2022,6,2012.09,131.36,0.3,Same Day,Credit Card,Returned,5
O05750,C2092,P1009,24-11-2022,2,764.42,-73.73,0.15,Second Class,Credit Card,Returned,12
O03955,C0771,P1150,21-03-2023,7,3531.09,354.82,0.3,Same Day,Net Banking,Returned,11
O03956,C0905,P1125,28-01-2022,2,410.24,39.13,0.3,Second Class,Cash on Delivery,Returned,7
O03957,C1603,P1053,07-01-2022,10,675.01,1.83,0.3,Same Day,Cash on Delivery,Not Returned,4
O03958,C0600,P1061,07-11-2023,6,3149.61,781.5,0.15,First Class,Net Banking,Returned,9
O03959,C0442,P1092,03-08-2023,7,1937.21,454.62,0.05,Second Class,Cash on Delivery,Not Returned,10
O03960,C0042,P1133,02-05-2023,3,1847.64,903.33,0,Standard Class,Cash on Delivery,Returned,11
O01479,C1680,P1121,29-06-2023,5,1291.7,-73.46,0.5,Second Class,UPI,Not Returned,6
O04697,C0241,P1160,05-06-2024,7,3003.1,-73.39,0.5,Second Class,Net Banking,Returned,12
O01977,C0634,P1041,11-02-2024,4,1131.28,-73.36,0.5,Same Day,Debit Card,Returned,2
O03354,C2111,P1129,14-05-2023,6,814.47,-73.19,0.5,Second Class,UPI,Not Returned,3
O03966,C1752,P1080,30-10-2023,3,212.92,68.93,0.05,First Class,Cash on Delivery,Returned,10
O03967,C0922,P1136,02-08-2022,2,1303.4,585.03,0,Same Day,Credit Card,Returned,1
O06680,C0781,P1137,16-02-2022,2,91.25,-73.1,0.5,Standard Class,Net Banking,Returned,11
O03969,C1911,P1190,27-02-2022,4,1689.73,231.5,0.15,Second Class,Credit Card,Returned,3
O03970,C0471,P1117,01-02-2023,3,408.48,23.07,0.1,Second Class,Net Banking,Not Returned,7
O03971,C1943,P1019,08-08-2022,3,2100.18,760.06,0,First Class,Net Banking,Not Returned,7
O03972,C1891,P1126,25-06-2022,3,206.67,38.92,0,First Class,Debit Card,Returned,5
O03973,C1162,P1046,19-02-2024,8,4242.24,1010.94,0.1,Second Class,Debit Card,Not Returned,5
O03974,C0171,P1019,16-11-2022,9,5670.49,1750.88,0.1,First Class,Net Banking,Not Returned,12
O03975,C2372,P1012,21-02-2023,1,604.84,115.52,0.1,Same Day,Debit Card,Not Returned,2
O03976,C0280,P1025,06-01-2022,2,443.92,29.77,0.1,Same Day,UPI,Not Returned,3
O03977,C2303,P1092,18-09-2023,7,1835.25,362.28,0.1,First Class,Net Banking,Not Returned,1
O03978,C1158,P1080,11-03-2024,7,496.82,155.47,0.05,Standard Class,Net Banking,Returned,8
O03979,C1396,P1190,07-10-2023,6,2981.88,762.15,0,Second Class,UPI,Returned,4
O03980,C0017,P1152,16-04-2024,9,902.7,146.71,0,Second Class,Net Banking,Not Returned,4
O03981,C1837,P1112,11-06-2024,6,259.56,22.18,0.3,Standard Class,Debit Card,Returned,3
O03982,C1267,P1132,11-02-2024,10,6528.69,2325.88,0.1,Second Class,Credit Card,Not Returned,9
O03983,C0461,P1124,06-05-2024,5,1858.44,130.38,0.2,First Class,Credit Card,Not Returned,11
O03984,C0944,P1182,17-05-2022,10,2252.32,244.53,0.3,Standard Class,Cash on Delivery,Returned,2
O03985,C1466,P1060,06-11-2022,9,5473.98,1993.97,0,First Class,Cash on Delivery,Not Returned,4
O03986,C2049,P1021,02-08-2023,4,562.8,32.84,0.15,Standard Class,Debit Card,Not Returned,10
O03987,C1622,P1052,26-09-2023,7,1156.4,127.99,0.3,First Class,Cash on Delivery,Not Returned,6
O03988,C1879,P1003,20-11-2023,9,4504.82,463.51,0.05,Standard Class,Debit Card,Returned,1
O03989,C0781,P1166,16-06-2024,9,3838.59,234.69,0.1,First Class,Cash on Delivery,Returned,8
O03990,C0148,P1116,03-12-2022,9,3939.67,1212.71,0.15,Standard Class,Cash on Delivery,Returned,10
O03991,C0396,P1001,04-04-2023,4,640.29,39.61,0.15,Same Day,UPI,Not Returned,2
O03992,C2476,P1002,05-08-2022,7,3549.45,935.96,0.2,Second Class,Net Banking,Not Returned,6
O05155,C2114,P1096,24-07-2023,8,1022.72,-72.92,0.5,Standard Class,Net Banking,Returned,6
O05231,C1383,P1022,25-10-2022,3,96.45,-72.7,0.5,First Class,UPI,Not Returned,2
O03995,C2299,P1187,23-06-2022,7,1534.33,209.17,0,First Class,Debit Card,Not Returned,10
O03996,C0949,P1060,26-04-2023,2,1094.8,279.72,0.1,First Class,Net Banking,Returned,4
O03997,C1990,P1075,09-06-2023,8,6036.77,2025.29,0.1,Same Day,Cash on Delivery,Not Returned,1
O03998,C2080,P1175,07-10-2023,2,1242.67,232.94,0.2,Second Class,Credit Card,Not Returned,10
O06289,C1157,P1065,15-04-2023,1,129.58,-72.5,0.3,Second Class,UPI,Returned,9
O02488,C1393,P1152,14-08-2023,4,280.84,-72.16,0.3,Same Day,Net Banking,Not Returned,10
O04001,C2378,P1039,30-04-2024,3,526.68,69.17,0.05,First Class,Credit Card,Not Returned,2
O04002,C2331,P1180,16-06-2024,10,4311.96,613.89,0.15,Same Day,UPI,Returned,5
O04003,C1136,P1122,30-09-2023,3,403.33,,0.3,First Class,Credit Card,Returned,5
O04004,C0989,P1026,08-05-2022,2,465.14,176.53,0.15,Standard Class,Credit Card,Not Returned,8
O04005,C0081,P1166,18-08-2022,5,2251.02,255.38,0.05,Same Day,Cash on Delivery,Returned,6
O05362,C0177,P1013,24-02-2024,10,526.56,-72.12,0.2,Standard Class,Debit Card,Returned,8
O00620,C1790,P1080,06-09-2023,9,336.2,-71.98,0.5,Second Class,UPI,Returned,5
O04008,C0120,P1015,04-03-2023,8,5698.8,2421.36,0,First Class,UPI,Not Returned,11
O04009,C0816,P1141,14-10-2023,7,2552.97,289.71,0.15,Second Class,UPI,Returned,12
O04010,C1978,P1133,13-04-2022,6,3695.28,1803.48,0,First Class,UPI,Returned,10
O05263,C2223,P1028,07-12-2022,4,329.68,-71.76,0.5,Second Class,Net Banking,Not Returned,11
O04012,C1316,P1173,31-05-2022,6,3529.93,601.27,0.1,First Class,Credit Card,Returned,8
O04013,C0194,P1060,21-09-2022,6,3101.92,784.75,0.15,First Class,Debit Card,Not Returned,5
O02444,C1867,P1103,30-05-2024,2,380.9,-71.45,0.2,Standard Class,UPI,Returned,1
O04015,C2417,P1023,28-07-2023,7,506.02,45.68,0.1,Same Day,Cash on Delivery,Not Returned,3
O04016,C2327,P1091,11-04-2022,2,1111.61,79.87,0.05,First Class,Debit Card,Returned,10
O04017,C1892,P1189,16-05-2022,4,1037.78,355.68,0.15,First Class,Credit Card,Returned,5
O04018,C1663,P1085,20-02-2024,2,1436.34,,0.05,Second Class,Debit Card,Returned,3
O04019,C0691,P1191,24-08-2022,5,1007.59,188.65,0.15,First Class,UPI,Not Returned,6
O01672,C0905,P1069,18-04-2024,4,1498.56,-71.1,0.2,Same Day,Credit Card,Not Returned,9
O04021,C0817,P1157,01-01-2022,6,4238.63,1875.71,0.05,First Class,Debit Card,Returned,7
O06524,C0586,P1094,11-09-2023,2,155.19,-70.94,0.5,Standard Class,Credit Card,Not Returned,3
O04023,C0187,P1139,13-06-2023,10,1651.16,180.65,0.3,First Class,Credit Card,Returned,8
O04024,C0668,P1066,09-03-2024,9,7348.04,3368.22,0.05,First Class,Debit Card,Returned,5
O04025,C0743,P1154,25-11-2023,4,2850.15,1231.98,0.05,Standard Class,Debit Card,Returned,10
O04026,C0778,P1191,11-10-2022,4,900.9,236.6,0.05,Standard Class,UPI,Returned,11
O04027,C1743,P1166,17-07-2022,8,3601.64,425.14,0.05,Same Day,Credit Card,Not Returned,5
O04028,C1015,P1034,10-08-2023,8,1412.35,80.03,0.2,Second Class,Debit Card,Not Returned,10
O04029,C0499,P1133,07-09-2023,9,4434.34,1622.43,0.2,Second Class,Net Banking,Returned,5
O04030,C0611,P1164,30-06-2022,5,2649.08,600.52,0.3,Standard Class,Debit Card,Returned,9
O04031,C2299,P1009,03-03-2024,4,1798.64,163.11,0,Same Day,Debit Card,Returned,2
O04032,C1459,P1086,10-10-2022,9,3927.51,1745.65,0,Standard Class,UPI,Returned,4
O01926,C1065,P1020,23-12-2022,2,689.2,-70.88,0.15,Second Class,Net Banking,Returned,4
O04034,C0554,P1108,02-05-2023,5,2342.27,899.27,0.05,Standard Class,Cash on Delivery,Not Returned,6
O04035,C0393,P1136,21-08-2022,9,5865.3,2805.8,0,Standard Class,Cash on Delivery,Returned,4
O04036,C0464,P1082,01-05-2023,7,3337.24,269.5,0.05,Standard Class,Credit Card,Returned,1
O04038,C1723,P1136,19-05-2024,10,6191.15,2820.88,0.05,First Class,Net Banking,Not Returned,4
O04039,C1157,P1159,01-11-2022,2,282.29,78.74,0.15,Same Day,Debit Card,Returned,6
O04040,C1650,P1180,28-07-2022,5,2409.63,532.19,0.05,Same Day,Credit Card,Returned,7
O04041,C1910,P1050,08-11-2022,8,185.84,52.48,0.15,First Class,Credit Card,Returned,5
O04042,C0472,P1081,04-09-2023,3,491.32,117.83,0.3,Same Day,Cash on Delivery,Returned,7
O04043,C1458,P1029,25-09-2023,5,616.74,139.69,0.05,Second Class,Debit Card,Not Returned,4
O04044,C1279,P1126,06-05-2022,2,137.78,22.41,0,First Class,Credit Card,Returned,2
O04046,C0375,P1056,28-01-2022,9,2462.31,122,0.15,First Class,Debit Card,Returned,7
O04047,C1102,P1184,30-07-2023,5,94.18,23.2,0.1,Same Day,Debit Card,Returned,6
O04048,C2260,P1020,26-10-2023,5,1925.7,116.06,0.05,Second Class,Net Banking,Not Returned,7
O04049,C2198,P1187,22-05-2023,9,1775.44,47.88,0.1,Same Day,Cash on Delivery,Not Returned,8
O02058,C1529,P1081,16-02-2024,10,1169.8,-70.78,0.5,Same Day,Debit Card,Returned,3
O04051,C0205,P1028,09-09-2023,2,329.68,98.88,0,Same Day,Net Banking,Returned,11
O04052,C1777,P1149,21-04-2023,10,710.48,210.08,0.2,Standard Class,Credit Card,Not Returned,10
O04053,C1301,P1155,31-03-2024,7,3861.59,688.98,0.05,Second Class,Credit Card,Returned,10
O04054,C0186,P1158,02-12-2023,4,1179.29,334.38,0.15,Standard Class,Cash on Delivery,Not Returned,3
O06702,C0010,P1082,28-11-2023,1,401.47,-70.78,0.2,First Class,Cash on Delivery,Returned,7
O02643,C0936,P1068,11-02-2024,7,274.26,-70.69,0.5,Second Class,Cash on Delivery,Returned,9
O04057,C0289,P1065,26-02-2023,8,1480.96,166.71,0,Second Class,Net Banking,Returned,11
O02276,C2118,P1021,27-03-2022,6,695.23,-70.65,0.3,First Class,Cash on Delivery,Returned,9
O04059,C0472,P1100,30-10-2023,7,4593.7,1167.61,0.3,Same Day,UPI,Returned,9
O04060,C0809,P1116,23-11-2023,4,1956.96,729.01,0.05,Standard Class,Net Banking,Returned,1
O04061,C0785,P1105,10-04-2024,9,2046.87,,0.1,Standard Class,Credit Card,Returned,3
O04062,C2336,P1108,28-07-2023,2,936.91,335.65,0.05,Standard Class,UPI,Returned,2
O04063,C1228,P1050,03-08-2023,,245.97,67.27,0,Same Day,Net Banking,Not Returned,10
O04064,C0987,P1184,10-02-2022,9,160.11,19.7,0.15,Same Day,Credit Card,Returned,9
O06336,C2383,P1059,28-01-2024,1,267.16,-70.57,0.3,Second Class,Net Banking,Returned,6
O04066,C2264,P1160,06-03-2022,7,5105.28,2058.1,0.15,First Class,Debit Card,Not Returned,10
O04067,C1681,P1082,10-06-2022,7,3161.59,123.34,0.1,Second Class,Debit Card,Not Returned,11
O04068,C0702,P1033,23-04-2023,,1241.82,121.84,0,Second Class,Debit Card,Returned,5
O04069,C0304,P1064,19-01-2023,3,2076.69,740.29,0.15,Same Day,Net Banking,Returned,11
O04070,C0243,P1017,18-01-2022,4,1186.17,399.14,0.05,Standard Class,Credit Card,Returned,9
O04071,C1414,P1037,20-01-2024,7,2869.03,526.77,0.15,Second Class,Cash on Delivery,Not Returned,9
O06212,C1243,P1138,12-06-2023,3,149.68,-70.48,0.5,First Class,Debit Card,Returned,1
O01039,C0257,P1142,22-05-2024,3,716.26,-70.47,0.5,Same Day,Credit Card,Returned,6
O04074,C0809,P1183,20-05-2023,1,210.86,35.41,0.1,First Class,Debit Card,Not Returned,12
O04075,C1207,P1091,18-04-2023,5,2486.5,4.81,0.15,Same Day,UPI,Not Returned,4
O04076,C1758,P1018,04-02-2024,5,3276.79,1168.79,0.05,Same Day,Credit Card,Returned,3
O06036,C1168,P1022,18-03-2022,8,360.08,-70.45,0.3,Same Day,Cash on Delivery,Returned,8
O04078,C0598,P1107,26-10-2023,5,4302.95,1874.24,0.1,Standard Class,Debit Card,Returned,7
O04079,C1854,P1087,31-07-2023,7,3249.29,370.54,0.1,Second Class,Credit Card,Returned,4
O03125,C2422,P1058,07-12-2023,1,130.85,-70.28,0.5,Second Class,UPI,Not Returned,9
O04081,C0316,P1050,12-09-2023,8,153.05,6.42,0,Second Class,Cash on Delivery,Returned,2
O04082,C2296,P1014,23-04-2023,4,2655.71,913.2,0.05,Same Day,Net Banking,Returned,2
O04083,C0882,P1095,22-03-2022,5,1463.6,369.82,0,Second Class,Credit Card,Returned,6
O04084,C0707,P1116,16-07-2023,4,1647.97,424.39,0.2,Same Day,Debit Card,Returned,10
O04085,C0479,P1158,07-09-2023,2,589.64,157.31,0.15,Second Class,UPI,Not Returned,2
O03353,C0714,P1034,24-12-2023,3,463.43,-70.2,0.3,Same Day,UPI,Not Returned,2
O04087,C0958,P1046,22-05-2022,3,1502.46,281.13,0.15,Second Class,Net Banking,Not Returned,11
O04088,C1296,P1046,11-10-2023,4,1885.44,287.58,0.2,Same Day,Net Banking,Not Returned,12
O03717,C2110,P1054,16-11-2023,6,1364.94,-70.06,0.5,Standard Class,Debit Card,Not Returned,12
O00278,C2204,P1123,24-01-2023,1,92.44,-70.01,0.5,Same Day,Credit Card,Not Returned,6
O04091,C2370,P1117,26-07-2022,5,718.63,64.6,0.05,Same Day,Debit Card,Returned,12
O04092,C2409,P1104,17-11-2022,9,2449.5,656.42,0.3,Same Day,Debit Card,Returned,9
O04093,C2457,P1131,11-12-2022,10,2135.7,198.01,0.1,Second Class,Debit Card,Not Returned,10
O04094,C0532,P1072,27-08-2023,8,1795.2,26.47,0.2,First Class,UPI,Not Returned,3
O04095,C1310,P1087,04-11-2022,2,1031.52,214.76,0,Same Day,Net Banking,Not Returned,5
O04096,C0140,P1004,06-05-2024,6,1392.11,61.21,0.05,Same Day,Net Banking,Returned,12
O04097,C2261,P1040,14-03-2024,7,2133.54,125.1,0.2,Standard Class,UPI,Returned,11
O00592,C0614,P1006,03-08-2022,10,205.94,-69.98,0.3,Second Class,Credit Card,Returned,8
O04099,C0881,P1018,03-01-2023,4,2759.4,1080.85,0,Standard Class,UPI,Returned,2
O04100,C0616,P1182,05-05-2022,2,643.52,221,0,Second Class,Debit Card,Returned,2
O04101,C2289,P1176,17-08-2023,6,3396.42,554.75,0,Standard Class,Net Banking,Returned,4
O04102,C1396,P1151,09-08-2022,6,2858.02,299.54,0.3,Standard Class,Debit Card,Not Returned,9
O04103,C1059,P1189,09-01-2024,3,824.12,308.17,0.1,Second Class,UPI,Not Returned,2
O04104,C0094,P1089,24-09-2023,3,992.25,305.61,0,Same Day,Cash on Delivery,Not Returned,3
O06195,C1235,P1058,14-03-2022,1,130.85,-69.95,0.5,Same Day,Net Banking,Returned,2
O04106,C1262,P1164,02-12-2023,7,4238.53,1385.15,0.2,Same Day,Cash on Delivery,Not Returned,10
O04107,C1982,P1089,20-10-2022,5,1488.38,392.09,0.1,Standard Class,Debit Card,Not Returned,11
O04108,C0624,P1001,30-01-2022,9,1525.39,203.5,0.1,Same Day,UPI,Returned,7
O04109,C1656,P1002,14-01-2023,4,2408.55,909.68,0.05,Standard Class,Net Banking,Not Returned,7
O04110,C0117,P1038,05-03-2022,2,1316.97,364.42,0.05,Same Day,UPI,Not Returned,9
O04111,C1074,P1073,05-10-2022,5,1686.51,295.75,0.3,First Class,Debit Card,Not Returned,12
O04112,C2137,P1029,05-05-2022,8,882.91,115.94,0.15,First Class,UPI,Returned,2
O04113,C1201,P1144,29-06-2022,7,1951.64,414.76,0.05,Same Day,Credit Card,Returned,6
O00190,C1914,P1180,10-03-2023,4,1420.41,-69.81,0.3,First Class,Credit Card,Not Returned,6
O04115,C0567,P1083,14-03-2023,8,1206.91,144.47,0.3,Standard Class,Cash on Delivery,Not Returned,12
O04116,C0167,P1034,18-02-2022,3,562.73,60.34,0.15,Second Class,Credit Card,Not Returned,5
O04117,C1658,P1089,27-10-2023,8,2381.4,597.05,0.1,First Class,Credit Card,Not Returned,9
O04118,C2407,P1073,22-11-2022,,1927.44,513.17,0.2,Standard Class,Cash on Delivery,Returned,1
O04119,C1804,P1102,10-10-2023,9,2451.52,210.12,0.15,Second Class,Net Banking,Returned,10
O04120,C1661,P1107,06-04-2024,2,1529.94,540.1,0.2,Same Day,Cash on Delivery,Returned,2
O04121,C1340,P1164,18-05-2024,7,4768.34,1941.52,0.1,Standard Class,UPI,Returned,9
O04122,C2039,P1183,12-05-2024,7,1148.02,179.57,0.3,Standard Class,Debit Card,Returned,11
O04123,C1270,P1113,07-06-2023,9,3447.43,1124.71,0.2,First Class,UPI,Not Returned,8
O04124,C0614,P1038,16-05-2024,4,2772.56,925.76,0,Standard Class,Credit Card,Not Returned,3
O01487,C0445,P1098,25-01-2024,6,1633.84,-69.38,0.15,First Class,Debit Card,Returned,7
O03194,C0047,P1034,03-04-2022,2,308.95,-69.31,0.3,Same Day,UPI,Returned,11
O04127,C1129,P1151,08-04-2022,2,1156.82,306.29,0.15,Standard Class,Credit Card,Not Returned,2
O01535,C1965,P1079,22-06-2022,5,557.79,-69.23,0.3,Standard Class,Net Banking,Returned,4
O04129,C1835,P1163,30-10-2022,8,2410.42,994.2,0.1,Standard Class,Cash on Delivery,Not Returned,4
O04130,C1225,P1055,19-04-2022,10,4697.52,271.14,0.2,Same Day,Net Banking,Not Returned,1
O04131,C0356,P1092,08-03-2022,6,1747.86,489.37,0,Standard Class,Cash on Delivery,Not Returned,6
O04080,C0005,P1129,11-01-2024,5,678.72,-69.07,0.5,Second Class,Cash on Delivery,Not Returned,6
O04133,C0069,P1047,02-02-2024,5,296.85,78.76,0,Second Class,Debit Card,Returned,1
O04134,C0482,P1024,26-04-2024,7,2892.96,602.59,0.1,Same Day,Net Banking,Not Returned,6
O06641,C0230,P1142,02-04-2023,2,477.51,-68.86,0.5,Second Class,UPI,Returned,10
O04136,C1157,P1069,14-05-2023,7,2786.38,46.09,0.15,First Class,Credit Card,Not Returned,2
O04137,C1100,P1059,23-12-2023,2,610.66,,0.2,Standard Class,Cash on Delivery,Returned,6
O04138,C0106,P1009,02-12-2023,9,3844.59,158.53,0.05,Second Class,UPI,Returned,2
O04139,C0105,P1144,16-10-2022,1,249.46,9.03,0.15,First Class,Net Banking,Not Returned,12
O04140,C2377,P1028,09-06-2023,10,1401.14,433.87,0.15,Same Day,Cash on Delivery,Not Returned,8
O04141,C2209,P1027,27-10-2022,10,4588.81,1304.57,0.15,First Class,Net Banking,Returned,11
O04142,C2070,P1182,27-08-2023,10,3217.6,1183.2,0,First Class,UPI,Returned,9
O04143,C0344,P1059,18-11-2023,4,1450.31,177.42,0.05,First Class,Credit Card,Returned,1
O04144,C2201,P1146,09-04-2024,4,1635.41,299.26,0.05,Second Class,Debit Card,Returned,2
O03968,C1147,P1071,10-04-2023,3,395.55,-68.75,0.5,First Class,UPI,Returned,7
O04146,C1991,P1102,03-05-2023,10,2884.14,372.53,0.1,Same Day,UPI,Returned,9
O02943,C0594,P1026,07-03-2022,6,820.83,-68.71,0.5,First Class,Debit Card,Returned,12
O04148,C2051,P1191,13-03-2022,7,1327.65,171.81,0.2,Second Class,UPI,Returned,6
O04149,C2059,P1133,08-02-2024,5,2155.58,587.54,0.3,First Class,Credit Card,Returned,11
O06557,C1809,P1013,17-04-2024,1,32.91,-68.64,0.5,Second Class,UPI,Not Returned,3
O06294,C1758,P1080,23-12-2022,4,149.42,-68.53,0.5,First Class,Cash on Delivery,Returned,4
O01762,C1183,P1168,29-04-2022,6,655.02,-68.5,0.5,First Class,Credit Card,Not Returned,8
O04153,C1200,P1124,10-08-2023,8,3716.88,962.76,0,Same Day,Net Banking,Not Returned,12
O02134,C2064,P1169,23-11-2023,3,679.98,-68.47,0.3,Second Class,Debit Card,Not Returned,2
O00180,C0400,P1077,11-04-2024,8,505.29,-68.3,0.3,Same Day,Net Banking,Not Returned,6
O04761,C0165,P1171,19-03-2022,9,173.31,-68.04,0.3,Standard Class,Debit Card,Returned,8
O04157,C1928,P1104,26-12-2022,3,991.47,395.23,0.15,Same Day,Cash on Delivery,Not Returned,3
O04158,C0137,P1080,15-12-2023,4,254.01,46.83,0.15,Standard Class,Credit Card,Returned,10
O03115,C2126,P1065,26-05-2023,10,1573.52,-67.86,0.15,Standard Class,Debit Card,Not Returned,6
O04160,C0359,P1050,25-10-2023,1,27.33,0.99,0,First Class,Debit Card,Returned,8
O03730,C1545,P1044,21-11-2022,9,448.7,-67.76,0.2,First Class,UPI,Not Returned,2
O04163,C1795,P1057,17-12-2023,5,3444.4,1121.49,0.2,Same Day,Cash on Delivery,Not Returned,1
O04164,C1667,P1140,26-01-2024,4,1577.8,109.76,0.15,Same Day,Net Banking,Not Returned,4
O04165,C1570,P1064,05-02-2024,1,651.51,199.49,0,Second Class,Credit Card,Returned,3
O04166,C2090,P1191,22-09-2022,6,1209.11,218.13,0.15,First Class,UPI,Not Returned,6
O01331,C0942,P1034,09-04-2024,6,926.86,-67.65,0.3,Standard Class,Debit Card,Returned,7
O04168,C0723,P1097,03-01-2022,5,1810.16,649.78,0.15,Standard Class,Net Banking,Returned,1
O04169,C2006,P1165,23-06-2023,1,518.5,94.75,0.05,Standard Class,Net Banking,Returned,10
O01076,C0602,P1080,07-06-2024,4,149.42,-67.5,0.5,First Class,UPI,Returned,5
O04171,C0210,P1174,24-06-2023,9,4047.83,1091.26,0.05,Same Day,Cash on Delivery,Returned,6
O04172,C1647,P1120,04-08-2022,9,3151.08,1164.12,0,Same Day,Debit Card,Returned,12
O04173,C1155,P1010,18-05-2023,3,1994.17,759.65,0.05,Second Class,Net Banking,Not Returned,4
O04174,C1415,P1023,11-09-2023,6,457.82,90.75,0.05,Same Day,UPI,Returned,4
O04175,C2040,P1005,07-05-2024,5,865.07,247.68,0.05,Second Class,Credit Card,Not Returned,11
O04176,C1992,P1169,27-02-2022,7,2153.27,475.36,0.05,Same Day,Net Banking,Returned,12
O04177,C1450,P1051,11-03-2022,10,4630.04,1181.25,0.15,Same Day,Cash on Delivery,Returned,4
O04178,C1101,P1029,13-05-2023,1,116.86,12.09,0.1,Same Day,UPI,Returned,12
O04179,C2018,P1094,24-07-2023,4,589.72,165.11,0.05,First Class,Cash on Delivery,Returned,10
O05576,C0446,P1159,10-12-2023,8,664.2,-66.76,0.5,Second Class,UPI,Returned,1
O04181,C2007,P1057,06-09-2023,8,5855.48,2154.78,0.15,First Class,UPI,Returned,8
O00346,C2495,P1069,28-08-2023,3,1123.92,-66.73,0.2,Second Class,Debit Card,Returned,8
O04183,C0377,P1104,02-10-2022,10,3693.7,1696.41,0.05,First Class,UPI,Not Returned,10
O04184,C0871,P1114,24-04-2023,1,154.08,39.3,0.1,Second Class,Debit Card,Not Returned,4
O01646,C2125,P1163,02-02-2023,9,1506.51,-66.48,0.5,First Class,Cash on Delivery,Not Returned,7
O02237,C0567,P1098,02-09-2023,4,1089.22,-66.34,0.15,Same Day,Net Banking,Returned,3
O04187,C2055,P1158,20-05-2022,1,329.51,93.03,0.05,Same Day,Cash on Delivery,Not Returned,12
O04188,C0520,P1081,26-05-2024,7,1146.4,260.8,0.3,Second Class,Cash on Delivery,Not Returned,11
O04189,C0174,P1060,22-03-2023,10,4257.54,415.8,0.3,Standard Class,Net Banking,Not Returned,1
O04190,C2239,P1008,29-05-2024,1,192.41,51.28,0,First Class,Cash on Delivery,Returned,10
O01849,C0934,P1003,26-03-2022,1,421.5,-66.17,0.2,First Class,Cash on Delivery,Not Returned,8
O03965,C1172,P1081,01-09-2023,9,1052.82,-65.75,0.5,Same Day,UPI,Returned,11
O04193,C1842,P1081,23-02-2022,10,2222.62,986.43,0.05,Standard Class,Net Banking,Returned,6
O04195,C0029,P1105,06-04-2024,8,1819.44,692.99,0.1,Standard Class,Net Banking,Returned,9
O04196,C1601,P1065,16-05-2022,3,555.36,55.93,0,Same Day,Credit Card,Returned,1
O04197,C0924,P1092,05-01-2023,3,699.14,59.39,0.2,Standard Class,Cash on Delivery,Returned,12
O04198,C2143,P1005,31-10-2023,2,291.39,47.81,0.2,Same Day,Debit Card,Not Returned,10
O04200,C0051,P1132,27-05-2023,2,1160.66,283.9,0.2,Same Day,Debit Card,Not Returned,1
O00424,C1609,P1176,01-08-2023,2,905.71,-65.17,0.2,First Class,UPI,Not Returned,5
O03355,C1380,P1023,13-12-2022,2,80.32,-65.17,0.5,First Class,Credit Card,Returned,2
O01724,C0825,P1149,11-06-2022,8,355.24,-65.1,0.5,Same Day,Net Banking,Not Returned,2
O04205,C1061,P1149,30-09-2022,2,142.1,29.48,0.2,Second Class,Debit Card,Returned,2
O04207,C0487,P1175,30-10-2023,5,3689.18,1219.08,0.05,Standard Class,Credit Card,Not Returned,11
O00017,C0596,P1026,31-01-2023,5,684.03,-64.82,0.5,First Class,Net Banking,Returned,3
O04209,C0192,P1065,27-09-2022,9,1582.78,127.26,0.05,Standard Class,Credit Card,Not Returned,7
O05057,C1679,P1148,21-09-2022,4,827.7,-64.49,0.15,Standard Class,UPI,Returned,1
O04211,C2050,P1163,08-12-2022,9,3013.02,1419.43,0,First Class,Credit Card,Returned,6
O05466,C1217,P1124,21-03-2022,2,650.45,-64.42,0.3,First Class,Cash on Delivery,Not Returned,10
O04213,C1893,P1125,31-12-2023,1,249.08,58.72,0.15,First Class,Cash on Delivery,Returned,6
O04214,C1588,P1089,21-02-2023,2,595.35,143.05,0.1,Same Day,UPI,Returned,1
O04215,C0328,P1113,25-05-2022,7,3016.5,1198.02,0.1,First Class,Debit Card,Returned,11
O04216,C0094,P1081,01-04-2024,7,1555.83,673.18,0.05,Standard Class,Credit Card,Returned,5
O00576,C1319,P1126,17-03-2022,5,172.22,-64.35,0.5,Second Class,UPI,Not Returned,4
O06917,C0144,P1065,04-07-2023,7,1101.46,-64.06,0.15,Same Day,Net Banking,Not Returned,11
O04219,C1275,P1039,07-11-2023,6,887.04,0.98,0.2,Second Class,UPI,Returned,6
O04220,C1863,P1045,31-03-2023,7,742.63,254.83,0,First Class,Debit Card,Not Returned,10
O04221,C0475,P1042,29-06-2022,4,907.43,71.9,0.15,Same Day,UPI,Not Returned,9
O04222,C1104,P1010,14-07-2023,3,1994.17,759.04,0.05,First Class,Credit Card,Returned,4
O04223,C2371,P1051,23-05-2023,6,2287.78,187.87,0.3,Same Day,Credit Card,Not Returned,3
O02665,C1897,P1103,11-12-2023,6,1214.11,-63.93,0.15,Standard Class,Cash on Delivery,Not Returned,12
O04225,C1099,P1027,02-06-2022,4,1511.61,183.44,0.3,First Class,Debit Card,Returned,10
O04226,C1135,P1164,13-05-2022,3,2043.58,824.58,0.1,Standard Class,Net Banking,Returned,11
O04227,C0156,P1174,28-10-2023,8,3787.44,1147.72,0,First Class,Credit Card,Returned,8
O05731,C1560,P1074,19-08-2023,1,74.94,-63.53,0.5,Standard Class,Credit Card,Returned,8
O04229,C0785,P1026,02-05-2023,6,1395.41,535.23,0.15,Standard Class,Credit Card,Not Returned,2
O04231,C1784,P1067,20-08-2023,10,719.1,189.96,0.1,Same Day,Credit Card,Not Returned,9
O06732,C0259,P1092,19-01-2024,7,1427.42,-63.52,0.3,Second Class,Credit Card,Not Returned,7
O04233,C0833,P1064,28-05-2024,9,6596.56,2602.6,0.1,Standard Class,Net Banking,Returned,5
O04234,C1387,P1111,04-01-2022,,3079.63,1133.59,0.1,First Class,UPI,Returned,9
O01348,C2017,P1136,02-02-2022,2,651.7,-63.36,0.5,First Class,Cash on Delivery,Returned,1
O04236,C1297,P1078,16-08-2022,3,815.76,248.58,0.05,Second Class,Credit Card,Not Returned,1
O04237,C1104,P1053,21-04-2023,6,462.86,67.74,0.2,First Class,Debit Card,Returned,1
O03630,C1365,P1171,07-11-2022,3,41.26,-63.15,0.5,Standard Class,Net Banking,Returned,2
O04239,C0762,P1181,24-01-2023,3,1221.63,292.84,0.15,Same Day,Credit Card,Not Returned,5
O04240,C2295,P1007,22-09-2022,1,365.66,18.08,0.3,Standard Class,UPI,Returned,12
O04241,C2327,P1016,14-11-2022,4,1832.26,719.74,0.15,First Class,Debit Card,Returned,7
O04242,C0697,P1080,07-07-2023,1,74.71,6.35,0,First Class,Credit Card,Not Returned,8
O04243,C0982,P1051,24-10-2023,10,4357.68,903.84,0.2,Second Class,Credit Card,Not Returned,2
O04244,C0722,P1090,26-11-2022,8,4511.09,1529.07,0.1,First Class,Debit Card,Returned,3
O03062,C1747,P1130,11-08-2023,2,835.25,-63.11,0.5,Second Class,UPI,Returned,12
O04246,C1720,P1049,01-03-2022,7,5737.98,2297.41,0.1,Standard Class,Credit Card,Returned,11
O04247,C1471,P1011,04-08-2022,9,1676.27,64.75,0.15,First Class,Cash on Delivery,Returned,6
O04248,C0410,P1125,06-12-2022,5,1025.6,161.05,0.3,Second Class,Cash on Delivery,Not Returned,9
O04249,C0661,P1029,06-01-2023,4,415.49,19.02,0.2,Second Class,Debit Card,Returned,6
O04250,C1109,P1007,17-05-2023,3,1567.11,560.95,0,Standard Class,Net Banking,Returned,12
O04251,C1576,P1168,02-01-2023,5,927.94,323.4,0.15,Standard Class,UPI,Returned,4
O04977,C2016,P1103,09-03-2024,6,1214.11,-63.07,0.15,Same Day,UPI,Not Returned,9
O04253,C1828,P1098,06-06-2022,9,2739.08,211,0.05,Second Class,Net Banking,Returned,11
O04254,C1857,P1113,04-02-2024,3,1220.97,413.3,0.15,Standard Class,Debit Card,Returned,5
O04255,C1010,P1015,07-02-2023,6,4274.1,1798.6,0,Standard Class,UPI,Returned,11
O05325,C0794,P1035,28-07-2022,7,773.26,-63.05,0.5,First Class,Credit Card,Not Returned,7
O04257,C0692,P1158,11-02-2022,5,1474.11,396.02,0.15,Second Class,UPI,Returned,6
O04258,C1930,P1008,11-09-2022,8,1539.28,564.58,0,First Class,Credit Card,Not Returned,9
O04259,C0236,P1057,15-06-2022,8,5855.48,,0.15,Same Day,Debit Card,Returned,11
O04260,C0635,P1068,19-09-2023,10,744.42,299.67,0.05,First Class,UPI,Not Returned,12
O04261,C1603,P1094,06-08-2023,9,1187.2,231.11,0.15,Standard Class,Cash on Delivery,Returned,11
O04262,C1918,P1144,17-04-2024,10,2641.32,435.53,0.1,Standard Class,Cash on Delivery,Returned,1
O04263,C1944,P1190,11-12-2022,3,1341.85,244.71,0.1,Second Class,Net Banking,Returned,6
O04264,C1768,P1065,30-04-2023,4,703.46,48.28,0.05,Same Day,Net Banking,Not Returned,9
O06990,C2272,P1125,14-11-2022,2,293.03,-62.93,0,Standard Class,Net Banking,Returned,7
O04266,C0265,P1114,12-05-2024,5,599.2,130.79,0.3,First Class,Credit Card,Returned,1
O04267,C0400,P1079,09-03-2022,6,860.6,99.29,0.1,Second Class,Net Banking,Not Returned,10
O04268,C1751,P1017,07-10-2023,7,2185.05,786.61,0,Same Day,Cash on Delivery,Returned,6
O04269,C1390,P1027,14-06-2022,9,4372.87,1410.84,0.1,Standard Class,Credit Card,Not Returned,12
O04270,C2136,P1001,23-05-2022,9,1440.65,130.77,0.15,Standard Class,Cash on Delivery,Returned,11
O04271,C1028,P1098,12-06-2024,5,1601.8,169.1,0,First Class,UPI,Not Returned,12
O04272,C0297,P1175,17-03-2024,2,1398.01,411.39,0.1,First Class,Net Banking,Not Returned,12
O04273,C0937,P1028,13-08-2022,3,395.62,78.08,0.2,Same Day,Debit Card,Not Returned,3
O04488,C0515,P1128,05-01-2022,8,332.08,-62.72,0.3,Second Class,Debit Card,Returned,11
O04275,C1348,P1050,27-03-2022,5,136.65,29.34,0,Second Class,Cash on Delivery,Not Returned,9
O04782,C1992,P1084,10-06-2024,9,1009.22,-62.64,0.2,Second Class,UPI,Returned,1
O04277,C0959,P1080,11-11-2022,9,672.39,256.83,0,Second Class,Cash on Delivery,Returned,10
O04278,C0994,P1170,15-09-2023,8,4172.56,962.54,0,Second Class,Debit Card,Returned,11
O04279,C0045,P1048,26-04-2023,6,3768.53,771.45,0.2,First Class,Credit Card,Returned,8
O04280,C1578,P1183,03-02-2023,10,1991.46,638.28,0.15,First Class,Cash on Delivery,Not Returned,3
O04281,C1913,P1063,20-05-2023,6,215.63,72.37,0.05,Standard Class,UPI,Returned,3
O04282,C1976,P1175,07-04-2024,6,3961.02,985.57,0.15,Second Class,Credit Card,Returned,2
O04283,C1965,P1066,31-05-2023,6,5156.52,2483.43,0,First Class,Credit Card,Returned,7
O04284,C1804,P1184,06-11-2022,7,139.18,,0.05,Second Class,Debit Card,Returned,4
O05916,C2044,P1180,10-02-2024,4,1420.41,-62.56,0.3,Standard Class,UPI,Not Returned,5
O04286,C1738,P1063,27-03-2022,7,185.37,34.78,0.3,Second Class,Credit Card,Returned,6
O03375,C0314,P1160,26-01-2024,3,1287.04,-62.34,0.5,Standard Class,Net Banking,Not Returned,12
O04288,C1555,P1070,03-09-2022,8,2634.12,671.81,0.15,Same Day,UPI,Not Returned,5
O04289,C1495,P1133,28-05-2022,1,523.5,195.8,0.15,First Class,Debit Card,Returned,3
O04290,C1491,P1070,31-05-2023,5,1743.16,479.61,0.1,Standard Class,Net Banking,Returned,3
O04291,C1201,P1048,14-07-2022,8,4396.62,405.88,0.3,First Class,Credit Card,Not Returned,10
O04292,C0339,P1185,28-02-2023,7,3182.22,1223.39,0.05,Second Class,Net Banking,Not Returned,11
O04293,C1699,P1133,14-05-2023,6,3325.75,1453.31,0.1,Same Day,Net Banking,Not Returned,7
O04829,C2457,P1013,01-05-2023,9,473.9,-62.12,0.2,Standard Class,Cash on Delivery,Not Returned,11
O04295,C1362,P1138,29-07-2023,3,254.46,34.43,0.15,Standard Class,Net Banking,Returned,3
O04296,C1430,P1018,04-05-2022,7,3380.26,421.65,0.3,Standard Class,Cash on Delivery,Not Returned,2
O01048,C0539,P1171,22-06-2023,8,154.06,-61.8,0.3,Standard Class,Cash on Delivery,Not Returned,3
O04298,C1675,P1114,05-03-2023,3,436.56,168.82,0.15,First Class,Net Banking,Returned,5
O04975,C1639,P1084,23-02-2022,3,294.36,-61.34,0.3,Same Day,UPI,Returned,12
O05507,C1110,P1023,23-01-2023,7,393.57,-61.27,0.3,Standard Class,Net Banking,Returned,6
O04301,C0138,P1005,17-01-2024,8,1019.87,40.17,0.3,Same Day,Credit Card,Returned,11
O04302,C2311,P1045,03-10-2023,3,302.36,66.87,0.05,Standard Class,Credit Card,Returned,1
O04303,C1551,P1100,16-02-2022,8,7124.92,3234.82,0.05,Second Class,Cash on Delivery,Not Returned,2
O04304,C1851,P1094,04-09-2022,2,217.27,0.47,0.3,Same Day,Credit Card,Not Returned,10
O04305,C1553,P1110,25-04-2023,3,2003.74,519.92,0.15,Same Day,UPI,Not Returned,3
O04147,C2492,P1149,10-10-2023,5,222.02,-61.19,0.5,First Class,Debit Card,Returned,9
O04307,C2123,P1006,17-02-2023,8,211.82,13.91,0.1,First Class,Cash on Delivery,Returned,10
O02883,C0664,P1044,10-04-2023,6,299.14,-61.06,0.2,First Class,Cash on Delivery,Returned,10
O04309,C1921,P1172,24-10-2022,4,1026.69,332.91,0.2,Standard Class,Net Banking,Not Returned,4
O04310,C0743,P1152,02-01-2022,4,401.2,37.77,0,Standard Class,Debit Card,Not Returned,4
O04311,C1708,P1105,10-05-2024,3,644.38,215.17,0.15,Second Class,Cash on Delivery,Not Returned,11
O01679,C1715,P1039,07-03-2023,4,517.44,-60.95,0.3,Second Class,Credit Card,Not Returned,6
O04313,C2014,P1111,05-12-2022,9,3079.63,569.83,0.3,Second Class,Credit Card,Returned,9
O04314,C1386,P1055,24-01-2024,2,1115.66,210.27,0.05,Same Day,Net Banking,Returned,3
O02945,C1007,P1152,13-05-2024,3,210.63,-60.95,0.3,First Class,UPI,Returned,2
O04316,C0579,P1160,14-06-2023,7,5705.9,2651.11,0.05,First Class,Net Banking,Not Returned,9
O06910,C0135,P1020,16-02-2022,2,689.2,-60.85,0.15,Standard Class,Net Banking,Returned,3
O04318,C0830,P1130,29-05-2024,2,1503.45,591.75,0.1,Standard Class,Cash on Delivery,Not Returned,9
O04319,C1907,P1036,24-02-2022,2,1215.62,294.58,0,First Class,Credit Card,Not Returned,11
O04320,C0269,P1151,07-06-2023,10,5784.08,1566.66,0.15,Standard Class,Credit Card,Returned,6
O04321,C1337,P1010,13-02-2023,7,4653.07,1777.57,0.05,Same Day,Cash on Delivery,Returned,8
O04322,C2361,P1035,09-10-2022,9,1391.86,341.48,0.3,Standard Class,Cash on Delivery,Returned,10
O01418,C0801,P1152,08-01-2024,8,641.92,-60.47,0.2,First Class,Debit Card,Not Returned,2
O04324,C1862,P1129,23-07-2023,4,1085.96,476.62,0,Standard Class,UPI,Not Returned,9
O04325,C0049,P1129,26-05-2024,3,733.02,279.86,0.1,First Class,Debit Card,Not Returned,10
O06119,C0676,P1156,15-03-2022,3,378.55,-60.25,0.2,Standard Class,Cash on Delivery,Returned,10
O04327,C1445,P1151,18-01-2024,8,4627.26,1246.99,0.15,Standard Class,Cash on Delivery,Not Returned,2
O04329,C1861,P1130,25-05-2024,7,4677.4,1548.04,0.2,Standard Class,Cash on Delivery,Not Returned,3
O04330,C1953,P1149,03-05-2024,9,719.36,257.95,0.1,Second Class,Credit Card,Not Returned,5
O04331,C0822,P1084,27-03-2023,5,700.85,106.25,0,Standard Class,Credit Card,Not Returned,4
O04334,C0432,P1028,07-01-2023,2,230.78,13.51,0.3,First Class,UPI,Not Returned,8
O06566,C1942,P1137,07-04-2022,4,255.5,-59.92,0.3,Standard Class,Cash on Delivery,Not Returned,12
O00367,C2092,P1129,05-10-2022,10,1357.45,-59.74,0.5,Same Day,Credit Card,Not Returned,12
O04337,C2364,P1046,09-02-2022,2,589.2,,0.5,First Class,Cash on Delivery,Returned,6
O04338,C1438,P1178,27-08-2023,10,5481.48,638.01,0.15,First Class,Credit Card,Not Returned,8
O04339,C2203,P1114,30-12-2023,7,1198.4,567.7,0,First Class,Cash on Delivery,Returned,9
O04340,C0222,P1099,20-11-2023,7,6478.92,2953.69,0,Standard Class,Debit Card,Returned,5
O04341,C1130,P1097,14-06-2024,3,1213.87,500.81,0.05,Standard Class,UPI,Returned,12
O01343,C1889,P1159,01-04-2023,10,830.25,-59.4,0.5,First Class,UPI,Not Returned,10
O04343,C2265,P1119,24-01-2024,6,2397.12,570.34,0.2,First Class,UPI,Not Returned,7
O04344,C0728,P1014,04-05-2024,6,2935.25,378.61,0.3,Standard Class,Cash on Delivery,Not Returned,10
O04345,C2069,P1032,18-04-2023,1,722.68,263.98,0.05,Standard Class,Cash on Delivery,Returned,9
O01861,C2408,P1154,03-03-2024,1,375.02,-59.4,0.5,Second Class,Cash on Delivery,Not Returned,9
O04347,C1538,P1133,19-11-2023,4,2093.99,807.2,0.15,First Class,Credit Card,Not Returned,12
O01262,C2325,P1138,29-06-2023,2,99.79,-59.26,0.5,Second Class,UPI,Not Returned,11
O04349,C0583,P1168,14-10-2023,9,1375.54,295.67,0.3,Same Day,Net Banking,Returned,6
O03284,C1389,P1017,22-07-2022,1,156.07,-59.26,0.5,First Class,Cash on Delivery,Returned,12
O04351,C1553,P1029,30-01-2023,9,934.85,89.55,0.2,Standard Class,Credit Card,Returned,10
O04352,C2067,P1008,25-03-2023,4,615.71,117.87,0.2,Standard Class,UPI,Returned,5
O04755,C1099,P1159,01-04-2024,6,498.15,-59.14,0.5,Standard Class,Cash on Delivery,Returned,1
O04354,C0354,P1000,30-06-2023,7,2413.48,131.2,0.05,Second Class,Credit Card,Not Returned,11
O04355,C1532,P1086,27-08-2022,3,1112.79,341.75,0,First Class,Debit Card,Not Returned,11
O04356,C0996,P1117,12-09-2022,9,1225.45,57.04,0.1,Standard Class,Cash on Delivery,Not Returned,5
O04357,C2144,P1078,15-04-2022,10,2432.96,646.06,0.15,Same Day,Cash on Delivery,Returned,10
O04358,C1240,P1075,09-01-2024,10,8384.4,3371.92,0,First Class,Net Banking,Not Returned,7
O04359,C1268,P1170,12-08-2023,2,886.67,81.37,0.15,First Class,Net Banking,Returned,6
O05482,C1333,P1156,11-06-2022,7,883.29,-58.99,0.2,Second Class,Cash on Delivery,Returned,8
O04361,C0664,P1111,03-04-2024,6,2639.68,979.55,0.1,Same Day,Credit Card,Returned,6
O04362,C1701,P1136,21-03-2023,8,4952.92,2245.08,0.05,Standard Class,Net Banking,Not Returned,9
O04363,C2155,P1098,29-07-2023,10,3043.42,204.81,0.05,Standard Class,Credit Card,Not Returned,12
O04364,C0267,P1141,13-11-2023,7,2102.44,,0.3,First Class,Cash on Delivery,Returned,3
O04365,C0161,P1061,09-05-2023,4,1729.2,137.13,0.3,Same Day,Net Banking,Not Returned,4
O04366,C0076,P1133,20-02-2024,3,1662.88,723.47,0.1,Standard Class,Net Banking,Not Returned,6
O03200,C0284,P1029,08-06-2023,2,129.84,-58.87,0.5,First Class,UPI,Not Returned,10
O02641,C1302,P1011,03-04-2024,1,153.38,-58.63,0.3,First Class,Net Banking,Returned,6
O04369,C0099,P1178,15-11-2023,7,4062.74,679.76,0.1,Same Day,Net Banking,Not Returned,4
O04370,C1965,P1108,19-10-2022,5,1725.88,306.17,0.3,Same Day,Credit Card,Not Returned,11
O04371,C2124,P1154,21-06-2023,2,1500.08,686.18,0,Second Class,Net Banking,Not Returned,10
O04372,C0882,P1092,15-11-2023,7,2039.17,543.84,0,First Class,Credit Card,Returned,6
O04373,C2289,P1107,29-11-2022,1,669.35,148.34,0.3,Standard Class,Net Banking,Returned,5
O04374,C1508,P1130,09-01-2024,7,5262.08,2161.57,0.1,Second Class,UPI,Not Returned,2
O04375,C0580,P1083,06-10-2023,4,603.46,68.52,0.3,Same Day,Cash on Delivery,Not Returned,6
O04376,C1448,P1127,08-05-2024,2,1395.42,380.53,0.3,First Class,Cash on Delivery,Returned,10
O00731,C1077,P1159,07-03-2022,8,664.2,-58.42,0.5,Standard Class,Cash on Delivery,Not Returned,7
O04378,C1878,P1036,06-12-2023,7,3829.2,733.19,0.1,Same Day,Credit Card,Not Returned,2
O04379,C1780,P1078,06-01-2022,7,1602.89,357.54,0.2,Standard Class,UPI,Returned,11
O04380,C0661,P1108,27-05-2022,2,788.98,217.06,0.2,First Class,Net Banking,Not Returned,6
O04381,C2273,P1064,10-09-2022,6,4153.39,1474.17,0.15,Standard Class,Credit Card,Returned,11
O03503,C0088,P1074,23-09-2023,4,419.64,-58.38,0.3,First Class,UPI,Not Returned,2
O04383,C1949,P1123,12-04-2024,5,785.74,118.92,0.15,First Class,Cash on Delivery,Not Returned,6
O04384,C0008,P1090,26-10-2023,7,4166.49,1569.4,0.05,Same Day,Cash on Delivery,Not Returned,6
O04386,C1145,P1138,12-03-2023,7,663.6,179.96,0.05,Same Day,Credit Card,Not Returned,5
O04387,C2085,P1162,06-09-2022,5,165.96,9.35,0.15,Standard Class,Cash on Delivery,Returned,8
O04388,C1627,P1097,04-08-2023,5,1703.68,551.97,0.2,Second Class,UPI,Returned,2
O05813,C1637,P1086,26-11-2023,2,436.39,-58.33,0,Second Class,Cash on Delivery,Not Returned,1
O03799,C1977,P1187,29-08-2022,7,1304.18,-58.12,0.15,Second Class,UPI,Returned,7
O04391,C1319,P1191,17-02-2022,2,379.33,48.8,0.2,Second Class,Debit Card,Not Returned,9
O04392,C1693,P1121,24-04-2023,5,2454.23,1111.2,0.05,Second Class,UPI,Returned,4
O04393,C2196,P1073,12-07-2023,3,1373.3,501.22,0.05,Same Day,Net Banking,Returned,1
O04394,C0716,P1121,28-06-2022,6,2480.06,862.67,0.2,Same Day,Cash on Delivery,Returned,3
O04395,C0619,P1102,20-05-2022,5,1522.18,273.19,0.05,First Class,Cash on Delivery,Returned,12
O04396,C0625,P1104,22-01-2022,10,3693.7,1700.68,0.05,First Class,Net Banking,Returned,11
O04397,C2106,P1109,14-04-2023,7,698.29,51.7,0.15,Second Class,Debit Card,Not Returned,12
O04398,C2225,P1141,26-04-2023,6,2316.98,354.17,0.1,Standard Class,Debit Card,Not Returned,9
O04399,C1174,P1175,12-02-2022,8,5902.69,1966.34,0.05,Same Day,Credit Card,Not Returned,7
O04400,C2331,P1173,07-08-2022,9,5294.89,919.17,0.1,First Class,Cash on Delivery,Not Returned,9
O04401,C1305,P1069,29-11-2023,8,3559.08,454.99,0.05,Same Day,UPI,Returned,7
O04402,C1271,P1146,07-01-2022,5,2044.26,423.34,0.05,Standard Class,Net Banking,Returned,7
O02313,C0216,P1059,07-03-2024,7,2137.3,-58.11,0.2,Standard Class,Credit Card,Returned,1
O04404,C1676,P1173,10-11-2023,2,1045.9,36.36,0.2,Second Class,Debit Card,Not Returned,3
O06993,C1919,P1035,20-03-2023,3,331.4,-57.92,0.5,Same Day,Cash on Delivery,Not Returned,3
O04011,C2098,P1121,20-10-2022,2,516.68,-57.78,0.5,First Class,Cash on Delivery,Not Returned,3
O03677,C0713,P1145,11-12-2022,9,94.77,-57.72,0.5,First Class,Debit Card,Returned,11
O04408,C1852,P1056,05-07-2022,5,1367.95,47.65,0.15,Standard Class,UPI,Not Returned,4
O04409,C1559,P1063,05-03-2023,10,378.3,142.33,0,First Class,Net Banking,Not Returned,1
O06422,C1566,P1163,10-06-2023,6,1004.34,-57.53,0.5,Same Day,Debit Card,Not Returned,12
O04412,C0968,P1116,07-03-2024,7,2883.94,731.34,0.2,Same Day,Net Banking,Not Returned,7
O04413,C1339,P1086,03-05-2022,5,1854.66,613.98,0.15,Standard Class,UPI,Returned,8
O04414,C0038,P1136,05-10-2022,5,3095.58,1395.15,0.05,Second Class,Credit Card,Returned,3
O01281,C1392,P1159,07-08-2023,10,830.25,-57.23,0.5,Same Day,Credit Card,Not Returned,6
O04416,C1915,P1122,29-04-2022,4,691.42,231.23,0.1,Same Day,Net Banking,Returned,1
O04417,C1986,P1104,26-12-2022,1,388.81,187.26,0,Second Class,Debit Card,Not Returned,10
O04418,C1641,P1064,31-07-2022,4,2606.05,829.08,0.2,Second Class,Net Banking,Not Returned,4
O03091,C1213,P1169,13-05-2022,4,906.64,-57.15,0.3,Same Day,Credit Card,Returned,11
O04420,C0133,P1175,08-12-2023,8,5592.02,1656.51,0.1,Second Class,Credit Card,Not Returned,1
O04421,C0929,P1147,02-02-2023,9,4826.14,1449.98,0,Standard Class,Credit Card,Not Returned,12
O05827,C0964,P1036,20-06-2022,1,425.47,-57.03,0.3,First Class,Cash on Delivery,Not Returned,3
O02346,C1798,P1071,12-01-2023,5,659.25,-57.01,0.5,Same Day,Net Banking,Not Returned,1
O04424,C1349,P1096,19-03-2024,7,1789.76,842.32,0,Second Class,UPI,Returned,9
O04425,C0596,P1128,26-10-2023,3,151.21,1.08,0.15,Standard Class,Net Banking,Returned,5
O00678,C0803,P1133,20-03-2024,9,2771.46,-56.94,0.5,Standard Class,Cash on Delivery,Returned,9
O04428,C1285,P1097,22-07-2022,10,3620.32,1329.54,0.15,Second Class,Cash on Delivery,Not Returned,10
O04429,C2482,P1124,03-05-2022,2,743.38,29.25,0.2,First Class,Debit Card,Not Returned,10
O04430,C0085,P1167,23-06-2022,7,5160.08,2063.52,0.1,Second Class,Debit Card,Not Returned,9
O04431,C2022,P1120,29-03-2024,4,1400.48,533.31,0,Same Day,Debit Card,Not Returned,11
O04432,C0750,P1143,24-09-2023,4,1808.35,71.49,0.1,Second Class,Debit Card,Returned,2
O00773,C2213,P1154,26-01-2023,2,750.04,-56.93,0.5,First Class,Net Banking,Returned,8
O04434,C1689,P1104,04-12-2023,1,330.49,103.56,0.15,Standard Class,Net Banking,Not Returned,2
O04436,C0400,P1035,15-02-2024,8,1590.7,664.29,0.1,First Class,Cash on Delivery,Returned,1
O04437,C0218,P1029,16-06-2024,1,129.84,0.95,0,Second Class,UPI,Not Returned,9
O04438,C0971,P1017,09-01-2022,10,3121.5,1150.21,0,Second Class,UPI,Not Returned,11
O06509,C2205,P1077,22-02-2022,3,189.48,-56.89,0.3,Second Class,Net Banking,Returned,12
O04440,C0542,P1143,19-03-2022,7,3164.62,172.99,0.1,Standard Class,Debit Card,Returned,4
O04441,C0045,P1065,30-03-2023,7,1166.26,8.55,0.1,Standard Class,Debit Card,Not Returned,12
O04443,C1642,P1038,13-10-2023,2,1109.02,166.61,0.2,Same Day,Net Banking,Not Returned,11
O04444,C0884,P1144,18-01-2024,10,2347.84,162.02,0.2,Same Day,Net Banking,Returned,11
O02865,C1065,P1160,23-06-2022,8,3432.12,-56.77,0.5,Second Class,Cash on Delivery,Not Returned,10
O04446,C0125,P1031,21-04-2023,6,2330.5,587.15,0.2,Standard Class,UPI,Not Returned,6
O05268,C0198,P1082,14-12-2022,8,3412.51,-56.68,0.15,Standard Class,Debit Card,Returned,2
O04962,C1203,P1020,02-01-2023,2,689.2,-56.44,0.15,Same Day,Credit Card,Returned,3
O04449,C1901,P1049,12-07-2023,,6922,3001.35,0.05,First Class,Credit Card,Returned,8
O04451,C1878,P1055,21-12-2022,3,1409.26,57.21,0.2,Second Class,UPI,Returned,8
O04452,C0933,P1142,20-08-2023,1,405.88,124.57,0.15,Standard Class,Net Banking,Returned,4
O04453,C1900,P1109,19-08-2022,2,211.25,1.21,0.1,First Class,Net Banking,Returned,11
O04454,C0933,P1104,11-02-2023,9,3149.36,1358.7,0.1,First Class,Cash on Delivery,Not Returned,10
O04455,C1941,P1119,09-03-2023,7,3321.01,1195.32,0.05,First Class,UPI,Not Returned,3
O04456,C1197,P1136,12-01-2022,7,3877.62,1519.17,0.15,Standard Class,Credit Card,Returned,2
O06446,C0958,P1062,17-05-2023,7,50.08,-56.44,0.5,Second Class,Cash on Delivery,Not Returned,12
O06365,C1722,P1129,18-04-2022,3,407.24,-56.42,0.5,Same Day,Cash on Delivery,Not Returned,9
O04459,C0424,P1167,23-07-2023,3,2457.18,1129.2,0,First Class,Net Banking,Returned,11
O04460,C0176,P1073,03-04-2022,2,819.16,254.93,0.15,First Class,Net Banking,Not Returned,6
O04461,C0387,P1173,07-07-2022,5,2941.61,513.84,0.1,Standard Class,Net Banking,Not Returned,12
O04462,C1401,P1079,25-02-2023,10,1593.7,345.4,0,Same Day,Debit Card,Not Returned,6
O04463,C1239,P1058,29-10-2022,1,261.71,80.38,0,Standard Class,UPI,Returned,7
O04465,C0907,P1073,17-12-2022,5,2409.3,1019.1,0,First Class,Cash on Delivery,Returned,11
O04466,C0801,P1170,26-01-2022,6,2972.95,554.06,0.05,Standard Class,Cash on Delivery,Not Returned,1
O04467,C1250,P1164,08-09-2023,7,5033.25,2179.61,0.05,Second Class,Credit Card,Not Returned,2
O04468,C2351,P1153,03-11-2023,1,307.46,127.94,0,First Class,Credit Card,Not Returned,8
O04469,C0330,P1016,11-04-2022,1,377.23,72.03,0,Standard Class,Net Banking,Returned,4
O06450,C1915,P1033,24-01-2022,4,469.13,-56.38,0.15,First Class,Credit Card,Not Returned,2
O04471,C2299,P1157,24-04-2022,8,4164.27,985.85,0.3,Standard Class,Credit Card,Returned,1
O04472,C0292,P1175,02-09-2022,1,660.17,156.62,0.15,Second Class,Debit Card,Not Returned,2
O04473,C1472,P1078,21-05-2023,7,1703.07,442.78,0.15,Same Day,Cash on Delivery,Returned,2
O04474,C1653,P1055,06-06-2024,8,4462.64,916.7,0.05,Standard Class,Credit Card,Returned,6
O04475,C0770,P1159,11-09-2022,4,664.2,275.52,0,Second Class,Debit Card,Not Returned,12
O04477,C0298,P1057,06-07-2023,3,2066.64,660.09,0.2,Second Class,UPI,Not Returned,4
O04478,C0766,P1097,05-01-2022,7,2832.37,1210.55,0.05,Same Day,Credit Card,Returned,12
O02368,C1120,P1083,11-08-2023,1,107.76,-56.09,0.5,Standard Class,UPI,Returned,7
O04480,C1421,P1149,17-12-2022,6,479.57,188.67,0.1,First Class,Net Banking,Not Returned,10
O04481,C1203,P1164,17-10-2022,1,681.19,261.47,0.1,Standard Class,UPI,Not Returned,8
O04482,C1343,P1035,04-02-2022,10,1988.37,819.52,0.1,Second Class,Credit Card,Not Returned,5
O04483,C2474,P1014,26-08-2022,5,2446.04,290.5,0.3,First Class,UPI,Not Returned,8
O00882,C0610,P1059,12-05-2024,2,610.66,-55.9,0.2,First Class,UPI,Not Returned,8
O05637,C2471,P1163,08-09-2023,6,1004.34,-55.76,0.5,Same Day,Cash on Delivery,Returned,1
O04711,C1316,P1171,04-08-2023,5,96.28,-55.61,0.3,Standard Class,Cash on Delivery,Returned,8
O04487,C0944,P1167,12-03-2023,4,3276.24,1507.28,0,Standard Class,Cash on Delivery,Returned,1
O06230,C1174,P1190,05-03-2022,1,347.89,-55.59,0.3,First Class,Credit Card,Not Returned,3
O04489,C2236,P1144,31-03-2024,2,586.96,117.76,0,First Class,Net Banking,Returned,4
O04490,C0237,P1096,05-06-2024,1,178.98,34.51,0.3,Second Class,Debit Card,Returned,1
O06163,C1963,P1059,09-12-2023,7,2137.3,-55.45,0.2,Standard Class,Cash on Delivery,Returned,7
O04492,C2264,P1154,15-11-2023,10,5250.28,1207.86,0.3,Second Class,Credit Card,Not Returned,1
O04493,C1126,P1021,25-04-2023,9,1489.77,351.23,0,Standard Class,Net Banking,Returned,6
O04494,C1931,P1056,01-06-2022,1,273.59,,0.15,First Class,Cash on Delivery,Returned,11
O04495,C0560,P1173,02-01-2023,1,522.95,19.47,0.2,Same Day,UPI,Returned,10
O04496,C0456,P1102,08-12-2023,10,2563.68,46.74,0.2,Standard Class,Debit Card,Returned,4
O04497,C1720,P1109,28-05-2023,7,739.37,95.94,0.1,Standard Class,UPI,Returned,6
O04498,C0135,P1019,13-10-2022,10,5600.48,1253.91,0.2,Same Day,Cash on Delivery,Not Returned,11
O04499,C1040,P1033,04-11-2023,8,1103.84,105.92,0,First Class,Cash on Delivery,Not Returned,8
O01226,C1178,P1129,27-09-2023,9,1221.7,-55.27,0.5,Second Class,UPI,Not Returned,8
O04501,C1428,P1085,13-08-2022,1,718.17,228.28,0.05,Same Day,Credit Card,Returned,5
O04935,C1574,P1023,17-12-2023,5,281.12,-55.08,0.3,First Class,Credit Card,Returned,4
O04503,C1527,P1150,23-04-2023,5,2522.2,242.59,0.3,Standard Class,UPI,Not Returned,10
O04504,C0314,P1042,28-04-2022,5,1067.56,2.08,0.2,First Class,UPI,Not Returned,4
O02012,C1722,P1069,06-01-2024,4,1498.56,-55.06,0.2,First Class,Net Banking,Returned,6
O04506,C2309,P1083,14-07-2023,1,150.86,15.06,0.3,Second Class,Cash on Delivery,Returned,3
O05266,C1546,P1171,08-04-2023,10,192.57,-55.05,0.3,First Class,Cash on Delivery,Not Returned,2
O04508,C1863,P1146,11-11-2023,10,3658.14,408.71,0.15,First Class,Debit Card,Returned,7
O04348,C1768,P1074,21-11-2023,10,1049.09,-54.97,0.3,First Class,Cash on Delivery,Not Returned,9
O04056,C0318,P1117,14-03-2022,9,1089.29,-54.94,0.2,Second Class,Net Banking,Returned,10
O04511,C1540,P1035,15-07-2022,9,1391.86,356.72,0.3,Same Day,Debit Card,Returned,12
O04513,C1519,P1117,23-04-2022,2,302.58,30.18,0,Standard Class,Debit Card,Returned,1
O04514,C1180,P1109,12-01-2024,9,897.8,105.38,0.15,Second Class,Cash on Delivery,Returned,2
O04515,C2273,P1088,19-01-2024,9,693.04,131.49,0.1,Second Class,Debit Card,Not Returned,9
O02168,C0525,P1145,05-11-2023,6,63.18,-54.92,0.5,Second Class,Debit Card,Returned,1
O04517,C0398,P1002,06-10-2023,2,1014.13,246.49,0.2,Same Day,Net Banking,Returned,4
O04518,C1120,P1126,28-06-2023,3,186,29.26,0.1,Standard Class,Credit Card,Not Returned,8
O06932,C2194,P1082,15-01-2023,5,2132.82,-54.9,0.15,Second Class,Cash on Delivery,Not Returned,1
O04520,C1589,P1078,26-03-2024,8,1946.36,500.84,0.15,First Class,Cash on Delivery,Not Returned,7
O04521,C1656,P1019,13-12-2022,6,3570.31,967.71,0.15,Same Day,Cash on Delivery,Not Returned,2
O04522,C0171,P1068,11-08-2023,10,666.06,219.09,0.15,First Class,UPI,Returned,6
O00851,C2363,P1049,10-06-2024,1,455.4,-54.86,0.5,First Class,Net Banking,Not Returned,10
O06518,C1395,P1071,24-09-2022,4,527.4,-54.85,0.5,Second Class,Cash on Delivery,Not Returned,10
O01283,C0202,P1152,11-02-2024,10,802.4,-54.81,0.2,Same Day,Debit Card,Returned,10
O00115,C0212,P1163,20-09-2023,7,1171.73,-54.8,0.5,First Class,UPI,Not Returned,1
O04527,C0742,P1099,23-03-2023,8,6293.81,2266.83,0.15,Standard Class,UPI,Returned,3
O04528,C1513,P1190,05-03-2023,8,3975.84,1035.02,0,First Class,Credit Card,Not Returned,1
O04529,C1926,P1024,04-04-2023,2,780.64,87.78,0.15,Second Class,Credit Card,Not Returned,2
O04530,C1947,P1111,24-09-2022,4,1759.79,622.56,0.1,Standard Class,Cash on Delivery,Returned,4
O01963,C0166,P1137,23-01-2022,1,63.87,-54.73,0.3,Same Day,Cash on Delivery,Not Returned,2
O04532,C2434,P1088,18-01-2022,7,509.08,68.54,0.15,First Class,Credit Card,Returned,2
O04533,C1235,P1122,15-12-2023,2,345.71,102.37,0.1,Same Day,Debit Card,Returned,11
O01002,C1110,P1109,14-11-2022,1,58.68,-54.69,0.5,Second Class,UPI,Returned,4
O04535,C0903,P1102,18-06-2023,10,2723.91,227.91,0.15,Second Class,UPI,Returned,3
O04536,C2008,P1185,20-07-2023,3,1435.59,589.54,0,Second Class,UPI,Not Returned,6
O04537,C0125,P1115,23-04-2024,8,449.35,6.75,0.1,Standard Class,Credit Card,Returned,9
O04539,C2240,P1132,30-04-2023,6,3046.72,514.02,0.3,Same Day,Credit Card,Not Returned,4
O04540,C0491,P1018,15-04-2022,7,4104.61,1147.24,0.15,First Class,Net Banking,Not Returned,2
O04541,C2439,P1172,02-06-2024,8,2310.05,921.12,0.1,Standard Class,Credit Card,Returned,5
O04542,C1394,P1068,06-04-2023,3,223.33,76.21,0.05,Second Class,Debit Card,Returned,10
O04543,C1249,P1123,01-02-2024,10,1479.04,184.12,0.2,Second Class,Net Banking,Returned,10
O04544,C2143,P1094,08-03-2023,10,1474.3,404.66,0.05,Standard Class,UPI,Not Returned,12
O04545,C0859,P1145,11-02-2022,4,84.24,30.47,0,Same Day,UPI,Returned,6
O02536,C1697,P1021,25-01-2024,2,231.74,-54.64,0.3,First Class,UPI,Returned,6
O04547,C0300,P1141,02-01-2023,4,1373.02,47.02,0.2,Second Class,Cash on Delivery,Returned,12
O04548,C0145,P1166,19-03-2024,10,4739,768.41,0,Standard Class,Net Banking,Not Returned,10
O04549,C0674,P1172,24-03-2024,7,2021.29,799.52,0.1,Second Class,Cash on Delivery,Returned,5
O04550,C1523,P1104,20-06-2022,7,2585.59,1176.37,0.05,Same Day,Debit Card,Returned,2
O04551,C0572,P1107,29-09-2022,7,6693.47,3302.12,0,Second Class,Credit Card,Returned,4
O00935,C1337,P1033,07-10-2022,1,96.59,-54.17,0.3,Second Class,UPI,Not Returned,4
O06621,C0789,P1137,24-07-2022,5,365,-54.1,0.2,Same Day,Cash on Delivery,Returned,10
O04554,C1676,P1170,31-01-2024,6,2660.01,250.37,0.15,Standard Class,Credit Card,Returned,10
O04555,C1817,P1016,02-07-2023,2,970.02,408.98,0.1,Second Class,Credit Card,Not Returned,6
O04556,C0043,P1169,15-10-2023,5,1457.1,241.06,0.1,Second Class,Net Banking,Returned,1
O04663,C0298,P1160,03-04-2023,2,858.03,-54.09,0.5,First Class,UPI,Not Returned,6
O04558,C1851,P1173,19-09-2022,10,5229.52,354.1,0.2,Second Class,Cash on Delivery,Returned,10
O02905,C1384,P1104,04-01-2022,4,777.62,-54.08,0.5,First Class,Cash on Delivery,Not Returned,3
O04560,C1070,P1136,30-09-2023,6,3910.2,1874.93,0,First Class,UPI,Not Returned,9
O04561,C0663,P1156,30-03-2022,2,283.91,10.14,0.1,Same Day,Credit Card,Returned,8
O04562,C1237,P1056,15-06-2024,7,2140.44,318.04,0.05,First Class,Debit Card,Not Returned,7
O04563,C1042,P1167,29-05-2024,6,4914.36,2253.27,0,Standard Class,Debit Card,Not Returned,7
O04564,C0164,P1143,26-11-2022,4,1908.82,180.98,0,Second Class,Credit Card,Returned,10
O04565,C0578,P1186,01-11-2022,9,4009.19,598.94,0.3,First Class,Cash on Delivery,Returned,1
O04566,C1633,P1085,31-12-2023,9,5442.98,1198.96,0.2,Second Class,Credit Card,Returned,3
O04567,C0867,P1050,13-03-2023,5,136.65,17.08,0,Same Day,Cash on Delivery,Returned,12
O04568,C2363,P1172,23-01-2023,9,2743.18,1175.66,0.05,Standard Class,Cash on Delivery,Not Returned,8
O04569,C1861,P1178,28-10-2022,4,2321.57,358.92,0.1,First Class,Cash on Delivery,Returned,12
O04570,C1627,P1186,08-01-2023,2,1209.12,452.92,0.05,First Class,Credit Card,Not Returned,12
O04571,C2016,P1130,16-08-2022,5,3549.81,1317.38,0.15,First Class,Debit Card,Returned,4
O04572,C1892,P1097,07-07-2022,2,766.66,284.22,0.1,Same Day,Credit Card,Returned,6
O03478,C1848,P1008,22-05-2024,1,96.2,-53.54,0.5,Second Class,Net Banking,Not Returned,8
O04574,C0740,P1008,03-09-2023,3,490.65,94.52,0.15,Second Class,Net Banking,Returned,8
O04575,C1662,P1032,30-05-2023,3,2168.05,849.71,0.05,Second Class,Cash on Delivery,Not Returned,7
O04576,C2349,P1099,11-04-2022,9,6664.03,2138.4,0.2,Second Class,Cash on Delivery,Not Returned,5
O04577,C2147,P1050,18-11-2022,5,95.65,3.69,0.3,First Class,UPI,Not Returned,4
O04578,C0214,P1077,15-06-2022,8,721.84,141.8,0,First Class,UPI,Returned,11
O04579,C0058,P1089,05-01-2022,10,2976.75,760.07,0.1,Same Day,Net Banking,Returned,1
O04580,C1036,P1041,13-04-2022,5,2262.56,758.68,0.2,First Class,Credit Card,Not Returned,9
O04581,C0207,P1029,15-02-2022,8,830.98,92.7,0.2,Standard Class,Cash on Delivery,Not Returned,8
O04912,C1092,P1074,26-11-2023,5,524.54,-53.47,0.3,First Class,Cash on Delivery,Returned,10
O04583,C0366,P1026,20-08-2023,4,930.27,333.56,0.15,Standard Class,Debit Card,Not Returned,7
O04584,C0907,P1176,01-10-2023,4,2151.07,264.63,0.05,Standard Class,Debit Card,Returned,6
O04585,C2431,P1042,29-05-2023,10,2535.45,438.83,0.05,Same Day,Debit Card,Returned,7
O04586,C1916,P1157,14-10-2022,6,4238.63,1845.03,0.05,First Class,Net Banking,Returned,11
O04587,C0421,P1027,31-08-2022,8,4318.88,1676.55,0,Same Day,Cash on Delivery,Not Returned,10
O04588,C1167,P1161,22-05-2023,6,4395.21,1932.55,0.05,First Class,Net Banking,Returned,5
O04589,C0348,P1080,11-01-2022,4,283.9,85.13,0.05,Second Class,UPI,Not Returned,10
O04590,C2491,P1143,28-03-2022,2,904.18,46.55,0.1,First Class,Net Banking,Not Returned,12
O04591,C0340,P1094,05-12-2023,9,1396.71,418.12,0,First Class,Credit Card,Returned,9
O04592,C0305,P1041,26-06-2022,1,537.36,202.66,0.05,Same Day,UPI,Returned,12
O04593,C0111,P1160,18-04-2023,8,6864.24,3363.65,0,Same Day,Debit Card,Returned,6
O04594,C1022,P1189,27-11-2023,5,1449.84,595.28,0.05,First Class,Debit Card,Not Returned,7
O04596,C0199,P1120,27-01-2022,9,2205.76,242.28,0.3,First Class,Debit Card,Not Returned,4
O04597,C2482,P1094,14-06-2024,10,1319.12,239.55,0.15,Second Class,Cash on Delivery,Not Returned,7
O04598,C0053,P1032,22-05-2022,10,6085.76,1848.69,0.2,Second Class,Net Banking,Returned,11
O04599,C1688,P1181,05-01-2024,7,2682.79,484.88,0.2,First Class,Net Banking,Returned,5
O04600,C0991,P1058,21-12-2022,5,1112.27,311.39,0.15,Standard Class,Net Banking,Returned,9
O04602,C1215,P1083,23-05-2022,8,1206.91,153.3,0.3,Second Class,Credit Card,Returned,3
O04603,C1537,P1072,16-04-2022,2,532.95,70.14,0.05,Second Class,Credit Card,Returned,4
O04604,C2251,P1025,09-11-2022,3,628.88,43.25,0.15,Standard Class,Cash on Delivery,Returned,9
O04605,C0131,P1150,18-09-2022,9,4539.97,428.56,0.3,Second Class,Credit Card,Returned,11
O04606,C0180,P1173,15-01-2024,4,2484.02,535.96,0.05,Same Day,UPI,Returned,9
O05456,C1327,P1162,18-02-2024,4,78.1,-53.33,0.5,Same Day,Debit Card,Not Returned,1
O04608,C1452,P1131,25-04-2024,5,1067.85,77.71,0.1,Standard Class,Debit Card,Not Returned,5
O04609,C0752,P1051,05-11-2023,5,2587.37,821.28,0.05,Same Day,Debit Card,Not Returned,11
O03294,C1745,P1163,10-04-2024,4,669.56,-53.32,0.5,Standard Class,Debit Card,Returned,7
O04611,C0314,P1169,11-04-2023,9,2768.49,643.45,0.05,First Class,Cash on Delivery,Not Returned,10
O03306,C1918,P1112,25-03-2023,6,185.4,-53.23,0.5,Same Day,Cash on Delivery,Not Returned,10
O04613,C1638,P1118,27-08-2023,9,5042.36,998.75,0.05,First Class,UPI,Not Returned,7
O04614,C2291,P1068,01-05-2024,10,548.52,91.39,0.3,Standard Class,Credit Card,Returned,8
O04615,C0684,P1158,14-10-2022,10,2427.95,313.71,0.3,Second Class,Debit Card,Returned,8
O04616,C1381,P1191,06-04-2023,6,1209.11,229.6,0.15,Same Day,UPI,Returned,2
O04617,C2362,P1138,07-12-2022,8,718.49,185.18,0.1,First Class,UPI,Returned,7
O03710,C1683,P1129,23-12-2022,4,542.98,-53.2,0.5,Second Class,Credit Card,Not Returned,5
O04619,C1491,P1168,16-06-2023,7,1299.12,432.94,0.15,Second Class,Debit Card,Returned,4
O05290,C0338,P1062,09-11-2023,3,21.46,-53.2,0.5,First Class,UPI,Not Returned,12
O02582,C0994,P1092,25-03-2022,10,2039.17,-53.02,0.3,Same Day,Cash on Delivery,Not Returned,4
O04622,C2351,P1030,22-04-2022,4,2819.96,802.38,0.15,First Class,Cash on Delivery,Returned,10
O04623,C0912,P1074,02-08-2023,9,1146.51,132.89,0.15,Second Class,Net Banking,Returned,10
O04624,C1104,P1020,29-08-2022,10,3851.4,253.18,0.05,Second Class,Cash on Delivery,Returned,11
O04625,C1633,P1185,11-10-2022,1,406.75,119.88,0.15,Standard Class,Credit Card,Returned,7
O04626,C1560,P1057,12-02-2024,10,8611,3993,0,Same Day,Debit Card,Not Returned,5
O04627,C0801,P1122,26-12-2022,10,1920.6,809.3,0,Second Class,Debit Card,Not Returned,8
O04628,C0294,P1125,01-06-2023,4,1172.12,474.26,0,Second Class,Credit Card,Returned,3
O04629,C0258,P1078,01-04-2024,3,601.08,36.17,0.3,First Class,Credit Card,Not Returned,12
O04630,C2158,P1164,04-05-2022,3,2157.11,939.7,0.05,Second Class,Cash on Delivery,Returned,7
O04631,C1691,P1001,24-03-2024,8,1280.58,83.43,0.15,First Class,Net Banking,Returned,6
O04632,C1661,P1018,08-02-2023,4,1931.58,219.32,0.3,Standard Class,Cash on Delivery,Not Returned,9
O04633,C2096,P1021,01-07-2023,4,595.91,73.15,0.1,Same Day,Debit Card,Not Returned,3
O04634,C2082,P1064,21-02-2024,10,7736.7,3300.58,0.05,Second Class,Cash on Delivery,Returned,9
O04635,C0618,P1042,24-01-2022,2,533.78,82.17,0,Standard Class,Cash on Delivery,Returned,12
O04636,C1362,P1045,14-09-2022,7,705.5,232.94,0.05,Second Class,Credit Card,Not Returned,1
O04637,C1714,P1132,25-08-2022,9,6528.69,2728.73,0,First Class,Debit Card,Not Returned,11
O00283,C2442,P1013,03-01-2024,6,315.94,-53.01,0.2,Standard Class,Credit Card,Returned,4
O03725,C0701,P1009,23-01-2024,1,382.21,-53,0.15,First Class,Cash on Delivery,Returned,6
O04640,C2415,P1140,15-08-2023,7,2761.16,199.17,0,Standard Class,Credit Card,Not Returned,7
O04641,C0061,P1189,15-07-2022,10,2441.84,759.55,0.2,Second Class,UPI,Not Returned,9
O06650,C0581,P1044,09-09-2023,3,158.92,-52.99,0.15,Same Day,Net Banking,Not Returned,10
O04643,C0986,P1163,05-05-2023,9,3013.02,1436.65,0,First Class,UPI,Returned,4
O04644,C2392,P1056,02-03-2024,6,1641.54,98.93,0.15,Second Class,Cash on Delivery,Not Returned,1
O05545,C0204,P1005,02-08-2023,1,91.06,-52.93,0.5,Standard Class,Debit Card,Returned,3
O04646,C0448,P1131,25-09-2023,2,450.87,50.61,0.05,Second Class,UPI,Returned,2
O04647,C0183,P1097,30-09-2022,8,3236.99,1388.1,0.05,Standard Class,Credit Card,Not Returned,7
O06465,C1992,P1021,08-01-2024,3,347.61,-52.8,0.3,Same Day,Net Banking,Not Returned,3
O06997,C2373,P1023,23-11-2023,2,80.32,-52.25,0.5,Standard Class,Credit Card,Returned,1
O04650,C0352,P1109,26-09-2022,6,704.16,143.26,0,First Class,Cash on Delivery,Returned,12
O04651,C1408,P1017,12-04-2022,5,1560.75,536.24,0,Same Day,Credit Card,Returned,6
O05492,C2450,P1126,17-12-2023,3,103.34,-52.23,0.5,Second Class,Debit Card,Not Returned,9
O04653,C0835,P1081,20-10-2022,3,631.69,248.04,0.1,Standard Class,Credit Card,Returned,8
O04654,C0634,P1175,05-12-2022,10,6990.03,2052.87,0.1,Same Day,Net Banking,Not Returned,9
O04655,C1752,P1180,31-03-2023,,1623.33,149.88,0.2,Same Day,Credit Card,Not Returned,8
O04656,C1294,P1014,13-12-2023,10,6289.83,2031.54,0.1,Second Class,Credit Card,Returned,8
O04657,C2269,P1046,11-08-2022,7,3711.96,896.14,0.1,First Class,UPI,Returned,10
O06185,C2370,P1084,23-01-2024,10,1121.36,-52.12,0.2,First Class,Cash on Delivery,Returned,5
O00896,C0913,P1044,11-04-2022,4,211.89,-52.04,0.15,First Class,Debit Card,Returned,4
O04661,C0362,P1165,24-03-2024,1,463.92,51.38,0.15,First Class,Cash on Delivery,Returned,2
O04662,C2129,P1077,09-06-2024,8,685.75,107.44,0.05,First Class,Net Banking,Returned,11
O01395,C0680,P1071,15-04-2022,3,395.55,-52,0.5,Second Class,Cash on Delivery,Not Returned,4
O04664,C1058,P1150,19-07-2022,6,3459.02,699.79,0.2,Standard Class,Net Banking,Not Returned,9
O04665,C2117,P1071,21-03-2022,1,210.96,47.87,0.2,Same Day,Debit Card,Not Returned,12
O06194,C2137,P1065,25-04-2022,4,629.41,-51.96,0.15,First Class,UPI,Returned,4
O04667,C2368,P1132,18-06-2023,8,5803.28,2432.1,0,Second Class,Debit Card,Not Returned,7
O00407,C2383,P1062,02-01-2022,9,64.4,-51.81,0.5,First Class,Credit Card,Not Returned,11
O06879,C1223,P1189,08-01-2024,4,610.46,-51.81,0.5,First Class,Net Banking,Not Returned,2
O05964,C1343,P1084,14-09-2023,1,98.12,-51.63,0,Standard Class,Credit Card,Not Returned,8
O04671,C0965,P1181,12-10-2022,7,2347.44,158.88,0.3,Same Day,Debit Card,Returned,3
O04672,C1206,P1150,13-12-2023,4,2450.14,618.36,0.15,Second Class,Credit Card,Returned,5
O04673,C2068,P1044,02-01-2023,10,592.04,12.25,0.05,Second Class,UPI,Not Returned,7
O04674,C0403,P1172,27-05-2023,7,2021.29,811,0.1,Standard Class,UPI,Returned,9
O04675,C1084,P1052,30-07-2022,2,472,183.75,0,Same Day,Cash on Delivery,Returned,9
O01305,C0902,P1109,04-07-2023,6,492.91,-51.56,0.3,Second Class,Debit Card,Returned,3
O06762,C2202,P1160,03-03-2022,3,1287.04,-51.56,0.5,Same Day,Cash on Delivery,Not Returned,10
O04678,C1812,P1051,11-08-2023,3,1552.42,478.72,0.05,Second Class,Net Banking,Returned,10
O02596,C2324,P1059,13-09-2023,,267.16,-51.53,0.3,Standard Class,Cash on Delivery,Not Returned,10
O06752,C1239,P1141,02-04-2024,2,600.7,-51.53,0.3,Same Day,Cash on Delivery,Returned,6
O04681,C0112,P1059,20-01-2023,,1373.98,90.8,0.1,Second Class,UPI,Returned,4
O04682,C0367,P1058,24-05-2024,4,1046.84,378.32,0,Same Day,Debit Card,Returned,11
O05595,C2029,P1187,16-12-2022,1,153.43,-51.46,0.3,Same Day,Credit Card,Not Returned,6
O04684,C2049,P1045,12-06-2024,10,742.63,79.91,0.3,Standard Class,Credit Card,Not Returned,12
O00800,C2055,P1069,26-06-2023,3,1123.92,-51.33,0.2,First Class,UPI,Not Returned,7
O03716,C1858,P1176,26-01-2023,1,452.86,-51.08,0.2,Standard Class,Credit Card,Not Returned,3
O04687,C1485,P1120,08-01-2022,10,3151.08,981.23,0.1,Same Day,UPI,Not Returned,10
O04688,C1642,P1120,10-11-2023,5,1575.54,477.2,0.1,Standard Class,UPI,Returned,1
O04690,C1111,P1165,12-04-2022,2,1037,,0.05,Same Day,Debit Card,Returned,2
O04486,C0193,P1016,03-05-2023,10,2694.5,-50.84,0.5,Standard Class,Debit Card,Returned,9
O04692,C2138,P1123,04-02-2024,3,526.91,113.25,0.05,Standard Class,UPI,Not Returned,7
O04693,C2186,P1106,28-05-2022,8,2621.47,725.84,0.05,Standard Class,Net Banking,Returned,7
O04694,C1536,P1138,20-05-2023,5,349.26,8.77,0.3,Second Class,Cash on Delivery,Not Returned,2
O04695,C1958,P1082,25-02-2022,8,3613.25,129.88,0.1,Standard Class,Net Banking,Not Returned,3
O04696,C2033,P1145,06-01-2023,8,160.06,21.65,0.05,Second Class,Cash on Delivery,Returned,3
O06341,C1720,P1127,23-04-2022,4,1993.46,-50.82,0.5,Same Day,Debit Card,Returned,4
O04698,C0470,P1189,15-03-2022,3,869.91,334.89,0.05,Standard Class,Credit Card,Returned,10
O06700,C2476,P1059,27-03-2024,6,1831.97,-50.61,0.2,First Class,Cash on Delivery,Not Returned,6
O04700,C1556,P1024,10-08-2022,1,413.28,52.79,0.1,Second Class,Debit Card,Returned,11
O06490,C1766,P1084,09-04-2024,1,70.08,-50.45,0.5,First Class,UPI,Returned,7
O04702,C1843,P1078,09-06-2022,6,1373.9,284.76,0.2,First Class,Net Banking,Not Returned,6
O03421,C0870,P1114,09-03-2022,8,684.8,-50.25,0.5,First Class,Net Banking,Not Returned,10
O06841,C0342,P1184,03-06-2022,2,20.93,-50.22,0.5,Same Day,UPI,Returned,3
O04353,C0067,P1114,05-07-2023,10,856,-49.93,0.5,Standard Class,Debit Card,Returned,5
O04706,C1187,P1186,16-08-2022,1,445.47,25.71,0.3,Standard Class,Credit Card,Not Returned,1
O04707,C1367,P1149,28-01-2023,5,355.24,104.85,0.2,Standard Class,Net Banking,Not Returned,11
O04708,C0885,P1147,24-04-2023,6,3396.17,1142.16,0.05,Same Day,Credit Card,Returned,12
O04709,C1832,P1082,31-12-2022,7,3161.59,94.11,0.1,First Class,Net Banking,Returned,6
O01130,C1572,P1077,27-04-2022,7,442.13,-49.9,0.3,Same Day,Credit Card,Not Returned,6
O04712,C1832,P1101,22-03-2022,6,3193.14,618.72,0,Standard Class,UPI,Not Returned,5
O06198,C0930,P1153,16-11-2023,6,922.38,-49.86,0.5,Standard Class,Debit Card,Returned,10
O04714,C2061,P1060,15-05-2023,9,4379.18,920.27,0.2,Standard Class,UPI,Returned,7
O04715,C1667,P1021,31-12-2022,9,1415.28,286.37,0.05,Same Day,UPI,Not Returned,11
O01917,C0781,P1063,01-09-2023,3,56.74,-49.85,0.5,First Class,Cash on Delivery,Returned,5
O06521,C0462,P1059,05-03-2024,1,305.33,-49.85,0.2,Same Day,Net Banking,Not Returned,11
O04718,C0878,P1129,15-04-2024,8,1520.34,391,0.3,First Class,Cash on Delivery,Returned,2
O04719,C1678,P1174,06-04-2024,3,1349.28,334.76,0.05,Standard Class,Debit Card,Not Returned,12
O03344,C1033,P1124,06-01-2023,1,325.23,-49.83,0.3,Same Day,Credit Card,Not Returned,8
O04721,C1086,P1136,20-02-2024,2,1042.72,336.46,0,Same Day,Cash on Delivery,Returned,6
O04722,C2455,P1026,30-10-2022,1,191.53,31.33,0.3,Standard Class,Credit Card,Not Returned,5
O04723,C0721,P1127,15-08-2023,8,7973.84,3931.77,0,Standard Class,Debit Card,Not Returned,12
O06516,C1153,P1082,31-10-2023,4,1706.26,-49.72,0.15,First Class,Net Banking,Returned,9
O04523,C1581,P1077,26-05-2024,5,315.8,-49.18,0.3,Standard Class,Net Banking,Not Returned,4
O01695,C2026,P1115,06-04-2023,4,174.75,-49.16,0.3,Second Class,Cash on Delivery,Not Returned,5
O04727,C0503,P1028,08-01-2024,3,469.79,175.94,0,Standard Class,Net Banking,Not Returned,8
O04728,C0984,P1095,28-08-2023,3,790.34,127.22,0.1,First Class,Debit Card,Returned,12
O04729,C1024,P1179,16-05-2023,,941.2,286.75,0,Second Class,UPI,Not Returned,4
O02374,C0030,P1136,13-10-2022,4,1303.4,-49.14,0.5,Standard Class,UPI,Returned,8
O03140,C1359,P1004,29-04-2022,1,195.38,-48.91,0.2,Standard Class,Credit Card,Returned,4
O04733,C1217,P1162,02-04-2023,3,111.29,19.71,0.05,First Class,Net Banking,Returned,4
O04734,C1857,P1164,21-05-2023,8,6055.04,2809.96,0,Second Class,UPI,Returned,12
O04735,C2115,P1097,13-01-2022,1,425.92,160.76,0,Standard Class,Credit Card,Returned,11
O04736,C0667,P1191,21-07-2023,9,1813.66,325.88,0.15,Standard Class,UPI,Returned,2
O00993,C1035,P1065,30-04-2022,1,148.1,-48.8,0.2,Second Class,UPI,Returned,6
O05719,C0123,P1068,22-02-2022,1,39.18,-48.76,0.5,Same Day,Net Banking,Returned,11
O04739,C1604,P1042,14-01-2024,5,1201,131.39,0.1,Second Class,Net Banking,Not Returned,10
O02644,C1957,P1063,14-08-2023,3,56.74,-48.64,0.5,Second Class,Net Banking,Not Returned,9
O04741,C1041,P1003,09-07-2022,4,2002.14,171.85,0.05,First Class,UPI,Not Returned,9
O04742,C0293,P1191,21-04-2023,3,640.12,123.22,0.1,Standard Class,UPI,Not Returned,1
O04743,C2453,P1080,21-05-2023,7,470.67,123.21,0.1,Same Day,Debit Card,Returned,8
O04980,C0803,P1128,06-05-2023,,332.08,-48.53,0.3,First Class,Net Banking,Returned,2
O04745,C1521,P1188,05-12-2022,10,4218.57,839.78,0.1,Second Class,UPI,Not Returned,8
O04746,C0364,P1105,14-03-2023,7,1768.9,768.85,0,Same Day,UPI,Returned,5
O04747,C1896,P1107,24-08-2022,10,7649.68,2823.03,0.2,Same Day,Cash on Delivery,Returned,9
O04748,C1957,P1145,18-06-2022,10,200.07,60.95,0.05,Same Day,Credit Card,Not Returned,11
O04749,C2086,P1144,19-08-2022,3,704.35,44.55,0.2,Same Day,Net Banking,Not Returned,5
O03993,C2045,P1159,13-06-2022,10,830.25,-48.45,0.5,Second Class,Credit Card,Not Returned,10
O04751,C1531,P1008,11-11-2023,5,865.84,233.07,0.1,Standard Class,Cash on Delivery,Not Returned,11
O01651,C0330,P1114,21-05-2023,6,513.6,-48.38,0.5,First Class,UPI,Returned,1
O04753,C1644,P1168,26-05-2024,10,2183.4,962.27,0,First Class,UPI,Returned,8
O04754,C1366,P1131,15-11-2022,5,1127.18,149.26,0.05,Standard Class,Credit Card,Returned,9
O01801,C1532,P1044,28-10-2022,5,249.28,-48.33,0.2,First Class,Debit Card,Returned,1
O04756,C2409,P1131,10-10-2022,4,854.28,64.62,0.1,Standard Class,Debit Card,Returned,5
O04757,C2427,P1174,04-05-2022,7,3314.01,1001.16,0,Same Day,Credit Card,Not Returned,4
O04758,C1610,P1058,09-06-2023,2,366.39,33.84,0.3,First Class,Credit Card,Not Returned,11
O04759,C1664,P1080,07-08-2022,8,478.14,113.99,0.2,Second Class,Cash on Delivery,Returned,4
O04760,C0896,P1125,14-10-2022,6,1406.54,373.78,0.2,Standard Class,Cash on Delivery,Not Returned,5
O01845,C1517,P1050,11-08-2022,7,95.66,-48.25,0.5,Standard Class,UPI,Returned,1
O02832,C0699,P1074,02-12-2023,6,629.45,-48.18,0.3,Second Class,Cash on Delivery,Not Returned,11
O01264,C1132,P1021,14-03-2024,7,811.1,-48.17,0.3,First Class,Net Banking,Returned,6
O04764,C0053,P1161,18-01-2023,9,6245.83,2552.92,0.1,Standard Class,Cash on Delivery,Not Returned,5
O04765,C0353,P1168,11-08-2023,7,1528.38,678.44,0,First Class,Net Banking,Returned,2
O01374,C1571,P1152,02-05-2024,1,80.24,-48.1,0.2,Same Day,Cash on Delivery,Not Returned,5
O04767,C1020,P1133,29-03-2024,10,5234.98,2098.3,0.15,Standard Class,Cash on Delivery,Returned,3
O04768,C0118,P1132,14-03-2024,7,3554.51,618.76,0.3,First Class,Net Banking,Not Returned,3
O02935,C2323,P1131,27-11-2023,9,1708.56,-48.01,0.2,Same Day,Credit Card,Not Returned,2
O04770,C0581,P1037,19-10-2022,9,3471.77,485.37,0.2,Same Day,Debit Card,Not Returned,6
O04771,C1210,P1090,15-08-2022,7,3947.2,1351.92,0.1,Standard Class,Credit Card,Returned,11
O04772,C0912,P1093,01-03-2022,3,1630.68,319.53,0.05,Same Day,Cash on Delivery,Returned,1
O04773,C1490,P1016,31-07-2023,5,1886.15,493.23,0.3,Standard Class,Credit Card,Returned,4
O00721,C0926,P1152,29-09-2023,2,140.42,-47.99,0.3,Same Day,Debit Card,Not Returned,8
O05044,C1399,P1141,08-05-2022,2,600.7,-47.97,0.3,Same Day,Credit Card,Returned,1
O04776,C1113,P1092,01-10-2022,5,1310.9,229.75,0.1,Same Day,Debit Card,Returned,2
O04777,C1871,P1050,18-05-2022,4,87.46,12.95,0.2,Second Class,Cash on Delivery,Returned,7
O04779,C0421,P1163,23-07-2022,8,1874.77,453.1,0.3,First Class,Net Banking,Not Returned,2
O04780,C1208,P1063,07-03-2023,10,340.47,100.24,0.1,Standard Class,UPI,Returned,7
O02940,C1507,P1033,20-05-2022,8,938.26,-47.8,0.15,Second Class,UPI,Returned,1
O04911,C1286,P1156,22-01-2024,1,126.18,-47.52,0.2,Same Day,Cash on Delivery,Not Returned,11
O04784,C1497,P1120,05-02-2022,8,2240.77,501.74,0.2,Second Class,Debit Card,Not Returned,5
O04785,C1672,P1011,26-10-2022,3,591.62,45.29,0.1,First Class,Cash on Delivery,Not Returned,8
O04786,C2252,P1186,21-08-2023,8,5091.04,2090.57,0,Standard Class,Debit Card,Not Returned,2
O02303,C0173,P1102,21-09-2023,1,224.32,-47.49,0.3,Same Day,UPI,Returned,12
O01462,C1043,P1112,18-02-2024,3,92.7,-47.39,0.5,Same Day,UPI,Returned,10
O00529,C2057,P1117,14-09-2022,2,211.81,-47.15,0.3,Second Class,Net Banking,Not Returned,6
O04790,C0497,P1163,25-03-2023,8,2276.5,860.82,0.15,Standard Class,Debit Card,Returned,10
O04791,C0869,P1048,14-07-2023,8,5652.79,1627.3,0.1,First Class,UPI,Returned,12
O04792,C1328,P1057,03-06-2022,1,688.88,193.95,0.2,First Class,UPI,Returned,8
O04793,C0005,P1092,09-05-2024,7,1631.34,168.13,0.2,Standard Class,UPI,Not Returned,10
O04794,C2471,P1052,08-10-2022,7,1652,624.73,0,First Class,UPI,Not Returned,12
O04795,C0932,P1120,20-02-2022,1,315.11,89.03,0.1,Same Day,Cash on Delivery,Not Returned,6
O04796,C0048,P1002,19-06-2022,3,1616.27,488.56,0.15,Second Class,Credit Card,Not Returned,9
O02487,C2265,P1114,17-01-2023,9,770.4,-47,0.5,Second Class,UPI,Returned,7
O04798,C0571,P1073,29-05-2024,3,1373.3,530.64,0.05,First Class,Net Banking,Returned,9
O04799,C1960,P1149,07-02-2023,9,759.33,324.97,0.05,First Class,Debit Card,Returned,12
O04800,C0822,P1147,03-01-2024,5,2383.28,471.33,0.2,First Class,Debit Card,Not Returned,12
O04801,C1470,P1105,30-10-2022,5,884.45,160.77,0.3,Standard Class,Credit Card,Returned,11
O01434,C2480,P1081,27-02-2023,6,701.88,-46.96,0.5,First Class,Debit Card,Not Returned,7
O04803,C0922,P1039,03-07-2023,3,498.96,31.79,0.1,Standard Class,Cash on Delivery,Not Returned,4
O04804,C1713,P1089,10-03-2022,8,2513.7,757.58,0.05,Same Day,Debit Card,Not Returned,7
O04805,C0202,P1126,02-03-2022,9,558.01,104.02,0,First Class,Credit Card,Not Returned,8
O06755,C0410,P1041,22-03-2022,1,282.82,-46.8,0.5,Second Class,Net Banking,Not Returned,3
O04807,C0475,P1057,18-06-2024,9,7362.4,3211.94,0.05,Standard Class,UPI,Not Returned,1
O04808,C1408,P1002,20-08-2022,8,4056.51,,0.2,Same Day,UPI,Returned,12
O00250,C0719,P1187,16-05-2024,10,1863.12,-46.65,0.15,Second Class,Credit Card,Not Returned,9
O04810,C1753,P1130,15-08-2022,3,2505.75,1159.33,0,First Class,Credit Card,Returned,8
O04811,C0510,P1041,24-04-2024,6,3224.15,1403.68,0.05,First Class,UPI,Returned,1
O04812,C0289,P1139,21-05-2023,3,636.88,175.71,0.1,First Class,UPI,Returned,3
O04813,C0592,P1111,04-02-2024,3,1173.19,319.87,0.2,Same Day,Cash on Delivery,Not Returned,3
O04814,C1205,P1042,29-07-2023,4,960.8,129.31,0.1,First Class,Credit Card,Returned,11
O05269,C1252,P1045,14-08-2023,1,53.04,-46.52,0.5,Standard Class,UPI,Not Returned,12
O04816,C0079,P1025,29-09-2023,10,2342.89,402.17,0.05,Second Class,UPI,Not Returned,6
O01338,C1851,P1098,11-01-2024,1,272.31,-46.35,0,Standard Class,Debit Card,Returned,2
O04818,C1534,P1011,23-07-2023,4,788.83,48.89,0.1,Second Class,Net Banking,Not Returned,5
O04819,C0268,P1169,20-05-2023,5,1538.05,344.54,0.05,Standard Class,Credit Card,Returned,4
O06568,C1517,P1148,07-01-2023,1,206.92,-46.33,0.15,First Class,Net Banking,Not Returned,12
O04822,C1833,P1176,25-09-2022,6,3226.6,386.67,0.05,First Class,UPI,Returned,4
O04823,C0048,P1163,01-07-2023,9,2862.37,1278.67,0.05,Standard Class,Cash on Delivery,Not Returned,11
O04824,C1424,P1001,30-01-2022,9,1355.9,9.52,0.2,Standard Class,Debit Card,Not Returned,4
O04825,C1559,P1025,01-07-2023,6,1331.75,165.17,0.1,Same Day,Credit Card,Returned,4
O04826,C0595,P1099,22-02-2024,3,2637.85,1110.26,0.05,Second Class,Credit Card,Not Returned,12
O04827,C0791,P1024,28-12-2022,5,2296,676.35,0,Standard Class,Credit Card,Returned,12
O04828,C2453,P1170,12-04-2022,4,2086.28,481.09,0,First Class,UPI,Not Returned,4
O00356,C2491,P1153,29-01-2023,2,307.46,-46.32,0.5,Standard Class,Debit Card,Returned,12
O04830,C0242,P1162,01-07-2023,5,165.96,5.55,0.15,Standard Class,Credit Card,Returned,5
O04831,C2441,P1127,15-03-2022,1,847.22,336.24,0.15,First Class,Net Banking,Returned,12
O04832,C2429,P1176,02-06-2024,4,1924.64,36.07,0.15,Same Day,Credit Card,Not Returned,11
O04833,C1873,P1088,28-04-2022,9,770.04,206.98,0,Standard Class,Cash on Delivery,Returned,12
O04834,C0096,P1007,28-05-2022,8,3761.06,1103.14,0.1,Same Day,Net Banking,Not Returned,3
O04835,C0356,P1075,18-04-2022,9,5282.17,782.13,0,Second Class,Net Banking,Not Returned,6
O04836,C1736,P1011,24-12-2022,8,1577.66,142.11,0.1,First Class,UPI,Not Returned,7
O04837,C2274,P1188,08-12-2023,4,1781.17,412.87,0.05,Second Class,Net Banking,Returned,3
O04838,C1496,P1002,24-02-2022,2,1140.89,376.41,0.1,Second Class,UPI,Not Returned,3
O04839,C1343,P1107,03-09-2022,9,7315.01,2988.44,0.15,Same Day,Debit Card,Not Returned,5
O01251,C0876,P1171,05-02-2022,2,46.77,-46.14,0.15,Second Class,Cash on Delivery,Not Returned,3
O05494,C1458,P1115,10-05-2024,3,131.06,-45.94,0.3,Standard Class,UPI,Not Returned,5
O01377,C1935,P1112,03-07-2022,2,61.8,-45.88,0.5,Standard Class,Credit Card,Not Returned,9
O04843,C2397,P1114,02-04-2024,6,924.48,389.91,0.1,Second Class,Net Banking,Not Returned,1
O06942,C1129,P1036,11-01-2023,2,850.93,-45.87,0.3,Same Day,Debit Card,Not Returned,10
O04845,C0775,P1074,02-11-2022,10,1348.83,221.72,0.1,First Class,Credit Card,Returned,8
O06978,C1012,P1142,31-01-2024,2,477.51,-45.84,0.5,First Class,Debit Card,Not Returned,5
O00199,C2470,P1044,07-11-2023,2,105.94,-45.54,0.15,First Class,UPI,Not Returned,6
O01353,C0682,P1081,09-07-2023,4,467.92,-45.52,0.5,Standard Class,Cash on Delivery,Not Returned,12
O04849,C1616,P1060,28-01-2023,2,851.51,61.97,0.3,First Class,UPI,Returned,6
O04850,C1205,P1190,04-11-2022,10,4224.33,582.98,0.15,Standard Class,Cash on Delivery,Not Returned,8
O04851,C1501,P1085,15-02-2024,10,5291.79,591.04,0.3,Same Day,UPI,Not Returned,7
O03144,C1047,P1134,01-08-2023,1,292.66,-45.49,0.2,Second Class,Credit Card,Returned,6
O04853,C1918,P1066,09-04-2023,7,4211.16,1091.12,0.3,First Class,Credit Card,Not Returned,4
O04854,C0552,P1123,01-04-2024,7,1294.16,399.61,0,First Class,UPI,Returned,9
O05762,C2459,P1034,23-09-2023,4,617.9,-45.47,0.3,Second Class,Net Banking,Not Returned,3
O04856,C1799,P1075,19-10-2023,1,712.67,188.3,0.15,Same Day,UPI,Returned,6
O05117,C1976,P1044,13-04-2024,4,199.42,-45.43,0.2,Same Day,Credit Card,Returned,6
O04858,C0533,P1088,20-03-2023,5,385.02,54.68,0.1,First Class,Cash on Delivery,Not Returned,7
O04859,C0288,P1014,30-12-2022,7,4647.49,1627.38,0.05,Second Class,Credit Card,Returned,4
O04860,C0771,P1003,15-08-2023,9,4267.73,237.06,0.1,Same Day,Net Banking,Not Returned,10
O04861,C0277,P1154,31-10-2022,9,6075.32,2449.27,0.1,First Class,UPI,Not Returned,1
O04862,C2244,P1038,19-02-2022,6,3742.96,968.1,0.1,First Class,Credit Card,Not Returned,8
O05926,C2367,P1190,11-02-2024,1,347.89,-45.36,0.3,Standard Class,Net Banking,Not Returned,12
O04865,C1065,P1156,26-10-2023,3,449.53,47.1,0.05,Second Class,Cash on Delivery,Returned,3
O04867,C1060,P1100,24-01-2022,2,1781.23,773.27,0.05,First Class,UPI,Returned,4
O05047,C0105,P1059,30-06-2023,10,3053.28,-45.34,0.2,Standard Class,UPI,Not Returned,1
O01182,C2304,P1163,19-11-2022,2,334.78,-45.32,0.5,Second Class,Net Banking,Returned,10
O00419,C0733,P1156,31-05-2023,1,126.18,-44.89,0.2,Same Day,Cash on Delivery,Not Returned,10
O03625,C1751,P1171,03-02-2024,2,27.51,-44.85,0.5,Second Class,Cash on Delivery,Returned,3
O01272,C2119,P1162,01-08-2022,4,78.1,-44.18,0.5,First Class,Credit Card,Returned,10
O00155,C0959,P1040,11-03-2022,2,533.39,-44.13,0.3,First Class,Credit Card,Not Returned,10
O04874,C1067,P1130,18-11-2022,9,6013.8,2013.2,0.2,Same Day,Net Banking,Returned,6
O02460,C2278,P1145,17-12-2023,2,21.06,-44.07,0.5,Same Day,Cash on Delivery,Returned,5
O04876,C1722,P1106,25-02-2022,10,2931.9,568.54,0.15,Same Day,Credit Card,Returned,9
O00710,C2113,P1054,15-10-2023,5,1137.45,-43.89,0.5,Same Day,Credit Card,Not Returned,5
O04878,C2254,P1079,22-04-2024,5,796.85,142.72,0,Standard Class,UPI,Not Returned,6
O04879,C0380,P1032,12-12-2023,9,5819.51,1999.68,0.15,Second Class,Debit Card,Returned,2
O00292,C1791,P1187,04-05-2024,1,186.31,-43.63,0.15,First Class,Debit Card,Returned,10
O04881,C1332,P1035,14-07-2022,6,1126.74,438.31,0.15,Same Day,Cash on Delivery,Returned,5
O03049,C1558,P1065,31-05-2024,3,444.29,-43.55,0.2,First Class,Debit Card,Returned,3
O04883,C1295,P1180,07-05-2022,7,2840.82,222.54,0.2,Same Day,Debit Card,Not Returned,2
O04884,C1689,P1117,18-07-2022,4,302.58,,0.5,Standard Class,Debit Card,Returned,9
O04885,C1229,P1126,01-06-2023,10,654.45,188.03,0.05,Second Class,Net Banking,Returned,5
O00688,C2266,P1003,13-04-2022,7,3134.94,-43.52,0.15,First Class,Credit Card,Returned,11
O04997,C1352,P1173,12-10-2022,1,457.58,-43.39,0.3,Second Class,Credit Card,Returned,7
O04888,C1263,P1125,08-01-2024,9,2241.68,729.84,0.15,Second Class,Net Banking,Not Returned,4
O04889,C1043,P1002,14-04-2024,5,2535.32,634.28,0.2,Standard Class,Credit Card,Returned,7
O05929,C0458,P1115,11-09-2023,3,131.06,-43.35,0.3,Same Day,Credit Card,Not Returned,3
O04891,C0150,P1025,05-02-2023,2,443.92,38.93,0.1,Standard Class,Credit Card,Not Returned,2
O00711,C0640,P1152,11-04-2023,2,160.48,-43.09,0.2,First Class,UPI,Not Returned,5
O04893,C1117,P1076,14-02-2023,3,949.83,250.53,0.1,First Class,Debit Card,Not Returned,9
O04894,C1312,P1042,26-05-2024,9,2161.81,278.39,0.1,Standard Class,Net Banking,Returned,5
O04895,C0820,P1016,02-05-2023,4,1724.48,593.19,0.2,First Class,Debit Card,Returned,7
O04896,C0302,P1003,17-08-2023,1,500.54,12.89,0.05,Standard Class,Debit Card,Returned,2
O04897,C0905,P1085,19-01-2022,10,6047.76,,0.2,Second Class,UPI,Returned,6
O04898,C1842,P1149,17-08-2023,4,355.24,155.43,0,Same Day,UPI,Not Returned,3
O04899,C1657,P1021,28-12-2022,10,1407,159.28,0.15,Same Day,Cash on Delivery,Returned,4
O04900,C1638,P1074,12-09-2022,3,404.65,64.05,0.1,First Class,UPI,Not Returned,2
O04901,C2105,P1037,01-07-2022,7,3206.56,861.56,0.05,First Class,Debit Card,Not Returned,5
O05720,C0968,P1137,01-05-2023,3,232.69,-43.05,0.15,Standard Class,Debit Card,Returned,11
O04903,C1877,P1127,09-05-2023,8,7973.84,3963.81,0,First Class,UPI,Not Returned,11
O04904,C1725,P1020,05-06-2024,7,2837.87,326.08,0,First Class,UPI,Not Returned,5
O04905,C1259,P1061,01-04-2023,1,617.57,213.92,0,Second Class,Debit Card,Returned,7
O04906,C0871,P1040,23-04-2024,2,685.78,95.47,0,Second Class,Cash on Delivery,Not Returned,9
O04907,C1997,P1183,20-12-2022,7,1394.03,424.79,0.15,Second Class,Net Banking,Returned,4
O04908,C0881,P1176,20-06-2023,3,1698.21,256.93,0,Standard Class,Cash on Delivery,Not Returned,1
O00142,C2406,P1100,18-01-2022,2,937.49,-43.04,0.5,First Class,Credit Card,Not Returned,1
O03994,C0110,P1066,31-07-2023,2,859.42,-42.88,0.5,Standard Class,Cash on Delivery,Returned,8
O00255,C0119,P1056,24-07-2023,1,225.31,-42.79,0.3,Standard Class,Cash on Delivery,Returned,11
O01856,C2331,P1016,11-07-2022,7,1886.15,-42.72,0.5,Standard Class,Net Banking,Not Returned,10
O03739,C0434,P1044,28-05-2024,3,149.57,-42.52,0.2,First Class,Cash on Delivery,Returned,6
O04914,C1441,P1066,12-04-2024,1,773.48,310.43,0.1,First Class,Net Banking,Not Returned,11
O04915,C0559,P1081,26-05-2024,9,2000.36,878.53,0.05,Second Class,Cash on Delivery,Returned,3
O04916,C2072,P1074,09-07-2022,6,719.38,21.14,0.2,Same Day,Net Banking,Returned,5
O04917,C1197,P1011,30-09-2022,5,1095.6,193.62,0,Second Class,Net Banking,Returned,7
O04919,C0635,P1076,24-09-2023,4,1407.16,465.66,0,Same Day,Net Banking,Returned,8
O06254,C0230,P1171,17-04-2024,1,19.26,-42.44,0.3,Same Day,Debit Card,Returned,9
O04921,C1034,P1087,15-11-2023,2,979.94,125.5,0.05,Second Class,Cash on Delivery,Returned,7
O04922,C0138,P1046,02-01-2024,2,1119.48,305.66,0.05,First Class,Cash on Delivery,Returned,10
O04923,C1515,P1081,21-02-2023,5,818.86,164.53,0.3,Standard Class,UPI,Not Returned,1
O04924,C0798,P1028,12-07-2022,9,1261.03,390.04,0.15,First Class,Cash on Delivery,Returned,1
O03215,C1861,P1115,29-04-2022,3,131.06,-42.41,0.3,Same Day,Net Banking,Returned,3
O04926,C1226,P1147,27-09-2022,2,1132.06,379.51,0.05,Same Day,Debit Card,Not Returned,8
O04927,C1855,P1190,19-08-2023,1,496.98,110.39,0,Second Class,Credit Card,Not Returned,3
O04928,C1731,P1186,26-02-2024,8,5091.04,2079.56,0,First Class,Net Banking,Returned,4
O04929,C1525,P1022,10-01-2023,6,347.22,8.8,0.1,First Class,Cash on Delivery,Not Returned,4
O04930,C0676,P1051,08-01-2023,9,4412.15,1273.04,0.1,Standard Class,Debit Card,Not Returned,2
O04931,C2312,P1052,26-01-2023,1,165.2,,0.3,First Class,Cash on Delivery,Returned,11
O04932,C0350,P1091,31-10-2023,5,2779.03,286.77,0.05,Second Class,Credit Card,Not Returned,8
O04933,C1727,P1151,26-02-2023,1,646.46,217.53,0.05,Second Class,Cash on Delivery,Returned,9
O04934,C0494,P1182,13-09-2023,2,579.17,149.01,0.1,Standard Class,Net Banking,Returned,6
O06174,C0468,P1003,01-04-2022,7,3134.94,-42.32,0.15,Standard Class,Net Banking,Returned,3
O04936,C1599,P1188,18-05-2024,7,2788.94,401.3,0.15,First Class,Credit Card,Returned,4
O04937,C0477,P1014,22-04-2023,5,2446.04,308.31,0.3,Same Day,UPI,Returned,6
O04938,C1430,P1079,20-03-2022,6,812.79,45.93,0.15,Standard Class,Debit Card,Not Returned,9
O03954,C1385,P1104,13-02-2022,4,777.62,-42.07,0.5,Second Class,UPI,Returned,2
O04941,C0849,P1074,25-04-2022,3,382.17,42.39,0.15,First Class,Net Banking,Not Returned,3
O00069,C2261,P1082,20-07-2023,3,1279.69,-41.89,0.15,Standard Class,Cash on Delivery,Not Returned,12
O03124,C1090,P1016,23-10-2022,9,2425.05,-41.7,0.5,Same Day,UPI,Not Returned,4
O04944,C1464,P1128,25-01-2024,10,533.7,24.77,0.1,Standard Class,Debit Card,Not Returned,12
O01359,C2254,P1062,17-01-2023,5,50.08,-41.67,0.3,Second Class,Cash on Delivery,Returned,6
O05738,C0929,P1066,08-10-2022,3,1289.13,-41.56,0.5,Same Day,UPI,Not Returned,7
O04947,C1142,P1170,20-04-2023,10,4433.34,413.44,0.15,Same Day,UPI,Returned,11
O04948,C1711,P1035,30-09-2022,8,1590.7,634.98,0.1,Same Day,Debit Card,Returned,2
O04949,C0623,P1183,12-08-2022,8,1686.89,584.55,0.1,Second Class,UPI,Returned,10
O04950,C0871,P1054,06-06-2024,2,773.47,267.23,0.15,Same Day,Credit Card,Not Returned,9
O04951,C2459,P1072,10-04-2024,4,1065.9,183.66,0.05,Same Day,Cash on Delivery,Returned,5
O04952,C0465,P1173,15-03-2022,4,2222.55,256.26,0.15,Same Day,Credit Card,Not Returned,8
O04953,C0481,P1038,22-08-2023,2,1247.65,282.96,0.1,Standard Class,UPI,Returned,10
O04954,C1683,P1096,26-02-2024,9,2186.06,946.53,0.05,Same Day,Debit Card,Not Returned,1
O03300,C0909,P1161,30-05-2023,1,385.54,-41.47,0.5,Standard Class,Debit Card,Returned,3
O04958,C2325,P1108,16-10-2023,2,887.6,305.69,0.1,First Class,Credit Card,Returned,12
O04847,C2210,P1125,09-02-2022,1,146.51,-41.46,0.5,Second Class,Credit Card,Returned,8
O04960,C1412,P1048,18-11-2023,1,549.58,10.32,0.3,Standard Class,Net Banking,Not Returned,2
O04961,C2071,P1080,03-02-2023,3,212.92,71.72,0.05,First Class,Cash on Delivery,Returned,12
O04724,C1769,P1084,26-02-2023,1,119.14,-41.27,0.15,Same Day,Credit Card,Not Returned,4
O03176,C2164,P1107,30-04-2024,8,3824.84,-41.19,0.5,Same Day,Net Banking,Returned,8
O04964,C0654,P1121,18-07-2023,10,4133.44,1455.13,0.2,Same Day,UPI,Returned,5
O04965,C1220,P1022,29-01-2024,8,462.96,64.46,0.1,First Class,Debit Card,Returned,11
O03881,C1195,P1013,28-08-2022,6,315.94,-41.13,0.2,Second Class,Credit Card,Returned,8
O04967,C2466,P1086,11-01-2022,10,4145.7,1696.68,0.05,Same Day,UPI,Returned,4
O00422,C1367,P1159,25-02-2022,7,581.18,-41.05,0.5,Standard Class,Debit Card,Not Returned,1
O06981,C0295,P1011,24-12-2022,10,1752.96,-40.87,0.2,Same Day,Cash on Delivery,Returned,6
O01889,C2367,P1021,29-05-2022,5,579.35,-40.85,0.3,Second Class,Cash on Delivery,Returned,12
O04971,C0073,P1089,10-01-2023,1,330.75,65.05,0,Standard Class,Cash on Delivery,Not Returned,7
O00307,C0856,P1180,29-03-2023,1,355.1,-40.84,0.3,Standard Class,Net Banking,Not Returned,8
O03089,C1508,P1104,19-03-2022,9,1749.64,-40.77,0.5,Standard Class,Cash on Delivery,Not Returned,3
O04974,C2358,P1027,05-10-2022,10,5128.67,1817.19,0.05,Same Day,UPI,Not Returned,10
O00777,C1782,P1131,10-11-2022,1,166.11,-40.71,0.3,Same Day,UPI,Not Returned,9
O04976,C1812,P1051,12-12-2022,9,4657.27,1540.23,0.05,Standard Class,Net Banking,Returned,5
O00070,C0658,P1023,25-02-2023,4,224.9,-40.64,0.3,Same Day,Debit Card,Returned,10
O04978,C2267,P1158,24-04-2022,1,277.48,41.11,0.2,Second Class,Credit Card,Not Returned,3
O04979,C1573,P1121,21-04-2023,1,361.68,45.87,0.3,Second Class,Debit Card,Not Returned,1
O04984,C1451,P1054,03-07-2023,2,454.98,-40.63,0.5,Second Class,UPI,Returned,12
O04981,C1221,P1073,28-10-2023,8,3662.14,1421.92,0.05,Standard Class,Net Banking,Not Returned,2
O04982,C1971,P1181,16-04-2024,7,2347.44,171.78,0.3,Second Class,Net Banking,Returned,2
O04983,C1090,P1163,17-07-2023,1,267.82,80.76,0.2,Standard Class,Debit Card,Returned,11
O02887,C2455,P1152,26-08-2023,1,50.15,-40.53,0.5,Standard Class,Debit Card,Not Returned,8
O04985,C2238,P1123,24-02-2022,9,1331.14,175.96,0.2,Same Day,Credit Card,Not Returned,8
O04986,C0947,P1122,06-02-2024,2,364.91,98.58,0.05,Same Day,Cash on Delivery,Returned,12
O04987,C1452,P1134,11-05-2023,10,3658.2,348.07,0,Same Day,Net Banking,Returned,10
O04988,C0574,P1133,02-06-2022,8,3941.63,1423.64,0.2,Standard Class,Credit Card,Not Returned,5
O04989,C1204,P1067,03-01-2024,2,151.81,37.36,0.05,First Class,UPI,Not Returned,5
O04990,C1195,P1097,30-07-2022,5,2023.12,852.27,0.05,First Class,Debit Card,Returned,1
O04991,C1399,P1124,11-10-2023,9,3345.19,260.74,0.2,Same Day,Debit Card,Not Returned,4
O03933,C1972,P1115,06-10-2022,4,199.71,-40.35,0.2,Same Day,Debit Card,Not Returned,6
O05364,C0328,P1025,25-02-2023,1,172.63,-40.28,0.3,Same Day,Net Banking,Returned,5
O04994,C0166,P1095,09-10-2022,4,1053.79,173.37,0.1,Standard Class,Net Banking,Returned,2
O04995,C1355,P1046,19-03-2024,10,4713.6,701.79,0.2,Second Class,UPI,Not Returned,9
O05502,C1130,P1153,26-08-2023,1,153.73,-40.2,0.5,Second Class,Cash on Delivery,Returned,7
O01126,C0068,P1104,10-04-2022,8,1555.24,-40.16,0.5,Standard Class,Credit Card,Not Returned,10
O06838,C1593,P1084,23-07-2022,7,784.95,-40.12,0.2,Standard Class,Credit Card,Not Returned,7
O05000,C1675,P1080,06-05-2023,10,747.1,259.53,0,Second Class,Debit Card,Returned,6
O05001,C0566,P1070,05-01-2023,10,2711.59,240.55,0.3,Standard Class,Net Banking,Not Returned,5
O05002,C2269,P1105,10-10-2022,4,960.26,384.45,0.05,Same Day,Cash on Delivery,Returned,11
O02850,C0554,P1004,10-04-2024,3,622.79,-39.86,0.15,Second Class,Credit Card,Returned,3
O04382,C0335,P1171,12-10-2023,2,44.02,-39.82,0.2,Second Class,Debit Card,Returned,9
O05005,C0021,P1127,30-09-2022,5,4983.65,2443.14,0,First Class,Debit Card,Returned,7
O05006,C2084,P1070,29-08-2023,7,2169.27,421.05,0.2,Same Day,Cash on Delivery,Returned,1
O05007,C0189,P1163,26-10-2023,9,3013.02,1449.79,0,Second Class,UPI,Returned,1
O01498,C0506,P1129,08-07-2023,3,407.24,-39.81,0.5,Second Class,Debit Card,Returned,5
O05009,C2320,P1183,20-03-2022,2,398.29,90.66,0.15,Second Class,Net Banking,Not Returned,1
O05010,C1938,P1028,08-07-2023,7,923.1,246.11,0.2,First Class,UPI,Not Returned,11
O06642,C0951,P1082,19-10-2023,4,1706.26,-39.71,0.15,Standard Class,UPI,Returned,2
O05012,C2268,P1070,24-06-2023,4,1472.01,488.02,0.05,Second Class,Net Banking,Not Returned,11
O06409,C1932,P1187,03-12-2023,2,372.62,-39.67,0.15,First Class,Debit Card,Not Returned,10
O05015,C0893,P1111,07-06-2024,9,4399.47,1901.41,0,Second Class,Credit Card,Returned,1
O05016,C1274,P1050,29-01-2024,10,245.97,64.03,0.1,First Class,Debit Card,Returned,5
O05221,C0870,P1156,25-01-2023,2,252.37,-39.65,0.2,Standard Class,UPI,Returned,1
O05019,C1272,P1121,23-10-2023,3,1395.04,580.42,0.1,Standard Class,Cash on Delivery,Not Returned,1
O05020,C1394,P1151,25-08-2023,1,680.48,252.49,0,Same Day,Debit Card,Returned,5
O05021,C1776,P1035,04-03-2023,7,1391.86,574.48,0.1,Second Class,Net Banking,Returned,8
O05022,C0071,P1149,18-01-2023,6,532.86,235.15,0,Second Class,Credit Card,Returned,11
O05378,C1296,P1062,26-05-2022,1,11.45,-39.56,0.2,Standard Class,UPI,Returned,10
O05024,C0113,P1119,20-08-2022,3,1273.47,359.69,0.15,First Class,Cash on Delivery,Not Returned,1
O05025,C1822,P1130,12-09-2023,1,751.72,262.19,0,First Class,Debit Card,Not Returned,10
O05026,C1938,P1165,03-08-2023,6,2783.53,301.42,0.15,Standard Class,Credit Card,Returned,5
O05027,C0507,P1038,12-02-2024,1,693.14,185.75,0,Standard Class,UPI,Not Returned,1
O05028,C1045,P1160,06-01-2024,8,5834.6,2352.9,0.15,Same Day,Credit Card,Returned,1
O05029,C1440,P1029,28-06-2022,10,1168.56,252.85,0.1,Standard Class,Cash on Delivery,Not Returned,8
O05361,C0192,P1101,12-03-2023,2,851.5,-39.45,0.2,First Class,Credit Card,Returned,11
O05031,C0585,P1085,06-08-2022,6,3855.45,1035.57,0.15,Same Day,Cash on Delivery,Not Returned,4
O05032,C1233,P1130,23-11-2022,6,4760.92,2091.76,0.05,First Class,UPI,Not Returned,5
O05033,C2286,P1114,25-02-2022,2,308.16,117.71,0.1,Standard Class,Cash on Delivery,Not Returned,9
O05034,C2292,P1049,21-05-2024,7,4462.87,1055.59,0.3,Second Class,Debit Card,Returned,10
O05035,C0206,P1161,10-03-2024,7,4318.1,1453.5,0.2,First Class,Debit Card,Returned,9
O05036,C0510,P1167,26-07-2022,9,7371.54,3391.24,0,First Class,Credit Card,Not Returned,6
O05037,C1113,P1163,06-06-2024,4,1138.25,440.1,0.15,First Class,Net Banking,Returned,6
O05038,C2067,P1159,23-06-2023,1,149.45,54.32,0.1,First Class,Debit Card,Not Returned,11
O05039,C0543,P1015,01-07-2022,1,712.35,260.83,0,Same Day,Cash on Delivery,Returned,7
O05040,C0331,P1109,08-06-2022,9,1003.43,212.32,0.05,Standard Class,Debit Card,Not Returned,1
O01052,C1916,P1163,20-05-2023,5,836.95,-39.44,0.5,First Class,Cash on Delivery,Not Returned,12
O05042,C0259,P1186,25-02-2022,2,1081.85,312.81,0.15,Standard Class,Debit Card,Not Returned,6
O05043,C0697,P1024,10-07-2022,5,2181.2,550.02,0.05,Second Class,UPI,Returned,11
O06591,C2087,P1117,05-12-2023,3,363.1,-39.39,0.2,Same Day,Credit Card,Returned,6
O05045,C0075,P1125,27-07-2023,8,1640.97,294.05,0.3,Same Day,Cash on Delivery,Not Returned,1
O04377,C1897,P1082,14-04-2024,7,2985.95,-39.25,0.15,First Class,UPI,Returned,5
O04152,C1538,P1023,07-09-2022,7,393.57,-39.18,0.3,Second Class,Debit Card,Returned,5
O05048,C2206,P1122,03-09-2023,6,1037.12,362.61,0.1,First Class,Net Banking,Returned,9
O05049,C1448,P1146,15-04-2024,5,2044.26,401.65,0.05,Standard Class,UPI,Not Returned,4
O05050,C0128,P1027,28-02-2023,6,2591.33,,0.2,Standard Class,Credit Card,Returned,2
O05051,C2421,P1129,03-07-2023,10,2579.15,1157.57,0.05,Second Class,Cash on Delivery,Not Returned,6
O05052,C0222,P1083,20-12-2022,6,1163.81,383.16,0.1,Same Day,Net Banking,Returned,5
O05053,C0862,P1153,22-05-2022,3,784.02,260.26,0.15,Standard Class,Debit Card,Returned,2
O05054,C2067,P1107,09-10-2023,1,764.97,279.07,0.2,Standard Class,Credit Card,Not Returned,11
O05055,C0337,P1010,23-06-2023,10,5947.54,1882.4,0.15,Same Day,Debit Card,Returned,2
O06644,C1243,P1171,28-01-2022,1,26.13,-39.17,0.05,First Class,Credit Card,Not Returned,2
O05058,C1979,P1088,20-03-2024,3,231.01,45.55,0.1,Same Day,Net Banking,Returned,6
O05059,C0845,P1174,28-04-2023,10,4260.87,968.63,0.1,First Class,Cash on Delivery,Not Returned,3
O05060,C0444,P1159,29-06-2022,2,282.29,62.05,0.15,Second Class,UPI,Not Returned,1
O05184,C0586,P1080,18-09-2023,1,52.3,-39.16,0.3,Same Day,UPI,Returned,2
O05062,C2112,P1017,17-02-2024,7,1748.04,330.88,0.2,Standard Class,Credit Card,Not Returned,4
O02436,C1431,P1109,09-03-2023,8,657.22,-39.14,0.3,Standard Class,Credit Card,Not Returned,10
O05064,C1353,P1135,10-09-2023,4,2135.56,448.9,0.05,Second Class,Debit Card,Returned,10
O05065,C1594,P1064,24-05-2023,9,6596.56,2592.7,0.1,First Class,Debit Card,Not Returned,4
O05066,C2454,P1151,21-09-2022,5,2892.04,780.55,0.15,Standard Class,UPI,Returned,6
O05085,C2079,P1191,09-08-2023,2,331.91,-39.04,0.3,Second Class,Debit Card,Returned,11
O05068,C0572,P1073,16-01-2024,4,1638.32,500.38,0.15,Second Class,Credit Card,Returned,4
O05069,C1459,P1147,04-11-2023,6,3574.92,1327.5,0,First Class,Debit Card,Not Returned,1
O05070,C1738,P1022,13-07-2023,4,257.2,34.67,0,Second Class,Credit Card,Not Returned,8
O06004,C1283,P1041,06-06-2022,1,282.82,-39.02,0.5,Second Class,UPI,Not Returned,1
O04368,C0522,P1104,03-07-2022,2,388.81,-38.89,0.5,Second Class,Cash on Delivery,Not Returned,2
O05073,C2284,P1031,26-09-2022,7,3058.78,1042.01,0.1,First Class,Cash on Delivery,Returned,7
O05906,C2267,P1067,22-10-2022,1,55.93,-38.79,0.3,First Class,Debit Card,Not Returned,2
O05075,C1608,P1094,27-04-2022,4,527.65,107.47,0.15,Second Class,Credit Card,Returned,10
O05076,C0017,P1156,12-04-2022,5,709.78,34.41,0.1,First Class,UPI,Returned,6
O03501,C2019,P1104,11-10-2023,2,388.81,-38.72,0.5,First Class,Cash on Delivery,Not Returned,10
O05078,C1869,P1169,14-12-2023,10,2752.3,360.6,0.15,Same Day,Debit Card,Returned,4
O04732,C0637,P1171,29-10-2023,10,220.08,-38.68,0.2,First Class,Credit Card,Not Returned,1
O05081,C2244,P1085,12-03-2023,9,6123.36,1897.44,0.1,First Class,Credit Card,Not Returned,8
O05082,C0753,P1039,09-03-2022,10,1663.2,223.93,0.1,Standard Class,Debit Card,Returned,7
O01368,C0136,P1062,14-03-2023,9,103.03,-38.61,0.2,Standard Class,Debit Card,Returned,8
O05084,C2092,P1129,27-07-2023,5,1085.96,336.74,0.2,Same Day,Net Banking,Not Returned,8
O01813,C0919,P1128,22-03-2023,5,237.2,-38.58,0.2,Same Day,Debit Card,Returned,2
O03349,C0814,P1050,13-01-2024,9,122.98,-38.25,0.5,Standard Class,Debit Card,Returned,4
O05087,C1565,P1190,15-07-2023,1,496.98,124.52,0,First Class,UPI,Returned,4
O03095,C0663,P1050,28-12-2022,1,27.33,-38.24,0,Same Day,Debit Card,Not Returned,12
O05089,C1733,P1162,14-06-2024,5,195.25,53.68,0,Second Class,Credit Card,Not Returned,10
O03638,C1864,P1074,12-04-2022,9,944.18,-38.23,0.3,Same Day,UPI,Not Returned,7
O00013,C0689,P1013,03-12-2023,1,32.91,-38.05,0.5,Standard Class,Credit Card,Returned,5
O05093,C1720,P1054,01-08-2023,7,2547.89,879.73,0.2,First Class,Cash on Delivery,Not Returned,8
O05094,C1361,P1110,02-04-2023,3,1885.87,413.42,0.2,Same Day,Credit Card,Not Returned,12
O05095,C0405,P1106,30-01-2022,,2759.44,389.81,0.2,Second Class,Credit Card,Not Returned,10
O05096,C0160,P1132,15-06-2024,8,5803.28,2415.44,0,First Class,Credit Card,Not Returned,5
O05097,C1453,P1181,10-05-2022,4,1916.28,681.12,0,Second Class,Net Banking,Not Returned,11
O01712,C1014,P1084,09-10-2023,1,112.14,-38.05,0.2,Standard Class,Net Banking,Returned,3
O05099,C2156,P1039,10-12-2023,10,1478.4,65.81,0.2,First Class,Credit Card,Returned,8
O05100,C1036,P1131,12-03-2024,2,427.14,2.97,0.1,First Class,Debit Card,Returned,9
O03072,C2070,P1044,14-09-2022,8,423.78,-37.61,0.15,First Class,Cash on Delivery,Not Returned,6
O05102,C0347,P1138,19-03-2024,9,718.49,120.85,0.2,Second Class,Credit Card,Returned,9
O05072,C0989,P1092,30-04-2024,6,1223.5,-37.5,0.3,Second Class,Credit Card,Returned,2
O05105,C0923,P1189,20-03-2023,6,1831.38,839.71,0,Standard Class,Cash on Delivery,Returned,2
O05106,C1790,P1139,02-07-2022,7,1651.16,621.48,0,Second Class,Net Banking,Returned,2
O02779,C2157,P1129,02-04-2023,1,135.74,-37.43,0.5,Second Class,Credit Card,Not Returned,4
O05108,C2280,P1141,06-07-2022,,1158.49,179.59,0.1,First Class,Net Banking,Not Returned,5
O05109,C2383,P1163,02-02-2024,3,803.47,243.78,0.2,Same Day,Credit Card,Not Returned,11
O05110,C0671,P1022,23-07-2023,4,257.2,32.18,0,Same Day,Credit Card,Returned,4
O04448,C0217,P1149,06-04-2022,8,355.24,-37.43,0.5,Same Day,Debit Card,Not Returned,1
O04573,C1295,P1033,16-06-2022,6,745.09,-37.42,0.1,First Class,Debit Card,Not Returned,1
O05114,C2019,P1094,14-08-2022,8,1241.52,372.65,0,First Class,Cash on Delivery,Returned,3
O05115,C0879,P1027,28-03-2024,3,1457.62,438.71,0.1,Standard Class,Debit Card,Not Returned,3
O05116,C0085,P1099,15-10-2023,5,4627.8,2112.58,0,Same Day,Debit Card,Not Returned,7
O01003,C0993,P1081,17-03-2023,5,584.9,-37.36,0.5,Standard Class,Cash on Delivery,Not Returned,3
O05118,C2132,P1026,20-09-2023,8,1969.99,809.78,0.1,Same Day,Net Banking,Not Returned,7
O05119,C1215,P1178,23-05-2023,5,2740.74,297.84,0.15,Standard Class,Credit Card,Not Returned,12
O05120,C1920,P1081,22-08-2023,9,2105.64,983.33,0,Second Class,Credit Card,Not Returned,3
O05121,C0779,P1094,20-12-2023,3,465.57,131.92,0,First Class,Debit Card,Returned,2
O05122,C1930,P1185,17-01-2022,5,2033.75,655.27,0.15,Standard Class,Debit Card,Returned,10
O05123,C1864,P1173,19-03-2022,9,5589.05,1211.02,0.05,Standard Class,Cash on Delivery,Returned,8
O05124,C0730,P1143,14-04-2023,7,3164.62,178.29,0.1,Second Class,Debit Card,Returned,1
O05125,C0018,P1102,06-02-2022,9,2884.14,625.09,0,Second Class,Debit Card,Not Returned,6
O05126,C1009,P1014,09-10-2022,2,1327.85,431.33,0.05,Second Class,UPI,Not Returned,10
O05127,C0434,P1070,21-03-2024,6,2324.22,819.44,0,First Class,Cash on Delivery,Not Returned,10
O06776,C1411,P1176,25-03-2022,1,452.86,-37.25,0.2,Same Day,Cash on Delivery,Not Returned,8
O01709,C2087,P1009,28-03-2023,10,4046.94,-37.1,0.1,First Class,Cash on Delivery,Returned,1
O05130,C1466,P1053,04-06-2022,9,867.87,250.75,0,First Class,Debit Card,Returned,8
O05131,C2312,P1055,02-11-2023,10,5578.3,1144.56,0.05,Standard Class,UPI,Returned,5
O05132,C1245,P1149,02-07-2022,7,497.34,141.81,0.2,Standard Class,Debit Card,Returned,9
O05133,C1869,P1102,29-07-2022,5,1442.07,195.4,0.1,Second Class,UPI,Returned,11
O05134,C0306,P1096,02-04-2024,2,485.79,210.69,0.05,Second Class,Debit Card,Returned,5
O05135,C2344,P1078,12-05-2022,7,1703.07,437.08,0.15,Same Day,Credit Card,Returned,6
O05136,C0199,P1041,30-05-2024,4,1810.05,606.83,0,First Class,Net Banking,Returned,12
O05137,C0076,P1089,21-07-2023,3,992.25,319.16,0,Second Class,Cash on Delivery,Returned,7
O05138,C2217,P1070,13-06-2023,1,387.37,117.9,0,Second Class,Credit Card,Not Returned,10
O05139,C0199,P1108,25-12-2022,5,2465.55,1009.7,0,Same Day,Debit Card,Returned,6
O05140,C1554,P1119,02-09-2022,6,2696.76,860.92,0.1,Same Day,UPI,Returned,4
O03309,C1542,P1171,16-03-2024,4,88.03,-37.04,0.2,First Class,UPI,Not Returned,2
O05143,C2069,P1126,16-06-2023,7,337.56,5.68,0.3,Same Day,UPI,Returned,11
O05144,C0959,P1069,21-07-2022,2,889.77,110.49,0.05,Second Class,Cash on Delivery,Not Returned,3
O05145,C0942,P1036,03-02-2024,8,4619.36,1075.97,0.05,First Class,Net Banking,Not Returned,12
O01563,C0192,P1123,31-10-2022,3,388.25,-36.79,0.3,Standard Class,Net Banking,Returned,9
O05147,C2470,P1130,03-09-2022,5,3341,1124.36,0.2,Second Class,Debit Card,Not Returned,3
O05148,C2356,P1167,20-02-2023,4,2948.62,1159.32,0.1,Second Class,Cash on Delivery,Not Returned,1
O05149,C0726,P1122,09-03-2023,7,941.09,158.94,0.3,Second Class,Cash on Delivery,Not Returned,8
O00615,C1607,P1033,25-05-2022,,248.36,-36.78,0.1,Second Class,Credit Card,Returned,5
O05151,C0346,P1120,25-04-2024,9,2678.42,711.94,0.15,First Class,Cash on Delivery,Returned,11
O05152,C1491,P1016,29-10-2022,3,1293.36,441.28,0.2,Second Class,Net Banking,Not Returned,2
O05153,C1855,P1108,11-09-2023,10,3451.77,590.76,0.3,Standard Class,Credit Card,Not Returned,5
O05154,C0068,P1038,14-06-2022,5,2425.99,110.3,0.3,First Class,UPI,Returned,5
O00885,C0917,P1137,18-10-2023,1,86.69,-36.76,0.05,Same Day,Net Banking,Returned,10
O04458,C2127,P1013,03-01-2024,1,59.24,-36.58,0.1,Same Day,UPI,Returned,3
O05157,C1612,P1185,04-04-2022,6,2584.06,908.49,0.1,First Class,UPI,Returned,2
O05158,C0087,P1104,16-10-2023,8,2799.43,1195,0.1,Second Class,Net Banking,Not Returned,2
O06283,C0476,P1115,05-06-2023,1,56.17,-36.39,0.1,Same Day,Credit Card,Not Returned,12
O05161,C1642,P1086,27-09-2023,10,3054.73,604,0.3,Same Day,Credit Card,Not Returned,6
O05162,C2251,P1149,06-01-2023,3,239.79,92.77,0.1,Standard Class,Cash on Delivery,Not Returned,6
O04788,C0009,P1088,06-06-2022,1,59.89,-36.25,0.3,Same Day,Credit Card,Returned,1
O05164,C1874,P1109,08-02-2022,5,557.46,116.11,0.05,Second Class,Cash on Delivery,Returned,3
O05165,C2145,P1026,01-12-2023,10,2188.88,746.12,0.2,Second Class,Net Banking,Returned,11
O05166,C0549,P1073,31-07-2022,7,2361.11,426.59,0.3,First Class,Debit Card,Not Returned,7
O05167,C0366,P1157,19-01-2023,4,2825.76,1224.93,0.05,First Class,Net Banking,Not Returned,5
O05168,C2200,P1068,24-05-2023,9,493.67,76.54,0.3,Same Day,Net Banking,Returned,9
O05169,C0157,P1008,11-05-2022,7,942.81,79.91,0.3,First Class,Cash on Delivery,Not Returned,1
O05170,C0263,P1134,10-03-2022,6,2085.17,53.94,0.05,Second Class,Cash on Delivery,Not Returned,7
O05171,C0407,P1021,07-10-2022,2,281.4,26,0.15,Standard Class,Debit Card,Returned,9
O05172,C1513,P1018,17-01-2023,8,5518.8,2144.7,0,Same Day,Debit Card,Not Returned,1
O00043,C1088,P1103,25-12-2022,7,1416.46,-36.16,0,First Class,Debit Card,Returned,5
O05174,C1497,P1018,05-03-2023,6,3932.14,1392.69,0.05,Second Class,Debit Card,Returned,3
O05175,C0068,P1035,15-01-2024,8,1413.95,465.56,0.2,Standard Class,Cash on Delivery,Returned,10
O05176,C0470,P1189,26-02-2024,6,1739.81,746.88,0.05,Standard Class,Debit Card,Returned,3
O05177,C1662,P1019,28-02-2024,4,2520.22,771.53,0.1,Same Day,UPI,Returned,8
O05178,C0957,P1177,13-01-2022,7,3641.88,202.03,0.15,Same Day,UPI,Not Returned,12
O05179,C1748,P1015,29-01-2022,1,498.64,69.26,0.3,First Class,UPI,Returned,11
O04419,C2004,P1137,22-12-2022,2,164.25,-36.01,0.1,Same Day,Debit Card,Not Returned,6
O05181,C0394,P1043,03-06-2024,8,5908.24,1879.68,0.05,Second Class,Debit Card,Returned,2
O05182,C1376,P1131,18-06-2024,4,854.28,81.45,0.1,Second Class,Net Banking,Not Returned,9
O05183,C0671,P1071,28-06-2022,4,949.32,342.22,0.1,Same Day,Cash on Delivery,Not Returned,7
O00205,C0613,P1068,02-06-2022,2,78.36,-35.95,0.5,Same Day,Debit Card,Returned,9
O05185,C0037,P1030,13-11-2023,10,7464.6,2488.78,0.1,Second Class,Cash on Delivery,Not Returned,5
O05186,C0610,P1018,06-01-2022,10,6208.65,2011.79,0.1,First Class,Debit Card,Returned,12
O04992,C0273,P1009,09-10-2023,2,809.39,-35.93,0.1,Same Day,UPI,Not Returned,11
O05189,C0836,P1041,14-03-2024,2,1131.28,510.4,0,Second Class,Net Banking,Returned,2
O05190,C2039,P1147,04-01-2022,2,1191.64,427.42,0,First Class,Debit Card,Returned,11
O05191,C1367,P1084,18-05-2022,3,378.46,10.25,0.1,First Class,UPI,Returned,1
O05192,C0225,P1020,04-12-2023,10,3648.69,74.99,0.1,Second Class,UPI,Not Returned,6
O05193,C0342,P1015,21-03-2023,,4274.1,1822.66,0,Same Day,Net Banking,Not Returned,12
O05194,C0186,P1151,01-04-2023,2,1224.86,371.16,0.1,Same Day,Cash on Delivery,Returned,2
O05195,C0154,P1124,22-10-2022,5,1858.44,147.37,0.2,Second Class,Credit Card,Not Returned,7
O05196,C0870,P1094,15-09-2023,2,248.3,6.51,0.2,Standard Class,UPI,Returned,3
O05197,C1810,P1089,12-03-2024,6,1389.15,42.37,0.3,Second Class,Debit Card,Not Returned,2
O05198,C2225,P1014,30-10-2022,6,2935.25,375.57,0.3,Same Day,Net Banking,Returned,4
O05199,C0175,P1061,12-04-2024,10,5249.34,1294.27,0.15,Second Class,UPI,Returned,8
O06513,C1319,P1044,12-01-2022,1,56.09,-35.82,0.1,Second Class,Debit Card,Returned,9
O05201,C0861,P1002,10-12-2023,5,3010.69,1134.76,0.05,Same Day,Credit Card,Returned,6
O05457,C0346,P1137,06-03-2024,5,365,-35.77,0.2,First Class,Debit Card,Not Returned,2
O01990,C0591,P1145,05-06-2024,6,63.18,-35.61,0.5,Second Class,UPI,Returned,5
O05204,C0772,P1053,06-12-2023,7,540.01,54.01,0.2,Standard Class,Debit Card,Returned,7
O05205,C1508,P1115,26-10-2022,9,505.52,24.05,0.1,Same Day,Cash on Delivery,Not Returned,9
O05206,C0324,P1016,02-09-2022,10,4311.2,1543.45,0.2,Second Class,Credit Card,Returned,5
O05207,C0759,P1143,12-09-2023,5,2386.02,253.8,0.05,First Class,Net Banking,Not Returned,6
O05208,C1930,P1179,22-06-2022,1,84.71,2.54,0.1,First Class,UPI,Not Returned,4
O00428,C2082,P1148,18-03-2023,5,1095.48,-35.43,0.1,Standard Class,Credit Card,Not Returned,2
O05210,C2264,P1061,17-01-2022,4,2346.77,755.82,0.05,Standard Class,Credit Card,Returned,7
O05211,C1309,P1011,22-11-2023,7,1533.84,274.93,0,Same Day,Cash on Delivery,Returned,3
O05212,C1179,P1049,05-10-2023,9,5737.98,1334.34,0.3,Second Class,Debit Card,Returned,1
O05213,C0128,P1031,13-02-2024,8,3495.74,1216.89,0.1,Same Day,Cash on Delivery,Not Returned,7
O05214,C1847,P1112,19-11-2022,8,469.68,148.05,0.05,Standard Class,UPI,Not Returned,12
O05215,C2385,P1173,18-03-2024,1,653.69,141.1,0,Same Day,Debit Card,Returned,7
O06774,C2368,P1139,08-09-2022,1,117.94,-35.14,0.5,Same Day,Net Banking,Returned,11
O05217,C0247,P1019,27-04-2023,8,5600.48,2114.47,0,Same Day,Credit Card,Returned,2
O05218,C0596,P1070,16-06-2024,7,2440.43,710.84,0.1,First Class,Cash on Delivery,Returned,12
O05219,C0009,P1010,17-09-2022,10,4897.97,826.11,0,Second Class,Net Banking,Returned,6
O05220,C2447,P1057,08-12-2022,7,4822.16,1611.65,0.2,Second Class,UPI,Not Returned,9
O06629,C2347,P1013,06-01-2024,1,62.53,-35.13,0.05,Standard Class,UPI,Returned,4
O05350,C1867,P1179,08-04-2024,4,263.54,-34.9,0.3,Same Day,UPI,Not Returned,12
O05223,C0265,P1150,18-03-2023,3,1729.51,334.39,0.2,First Class,Debit Card,Returned,11
O05224,C2280,P1121,07-05-2023,2,826.69,286.14,0.2,First Class,Credit Card,Not Returned,11
O05225,C0990,P1054,19-10-2022,2,864.46,379.55,0.05,Standard Class,Cash on Delivery,Returned,3
O05226,C0389,P1157,02-01-2024,5,3718.1,1737.05,0,Second Class,Credit Card,Not Returned,4
O05227,C0538,P1087,09-02-2022,1,515.76,74.36,0,Same Day,Cash on Delivery,Not Returned,8
O05228,C0240,P1141,18-04-2023,4,1458.84,137.3,0.15,First Class,UPI,Returned,9
O00981,C1796,P1171,16-06-2023,4,88.03,-34.75,0.2,Same Day,Cash on Delivery,Returned,11
O05230,C1505,P1087,12-12-2023,7,3249.29,378.3,0.1,First Class,Debit Card,Not Returned,3
O05940,C0074,P1011,19-03-2023,1,153.38,-34.64,0.3,Same Day,Credit Card,Not Returned,11
O04762,C1071,P1137,20-04-2023,1,63.87,-34.56,0.3,Second Class,Net Banking,Returned,2
O02941,C0148,P1023,31-03-2023,3,192.77,-34.36,0.2,Second Class,Credit Card,Returned,4
O05234,C2489,P1037,08-06-2024,3,1374.24,344.42,0.05,Second Class,UPI,Returned,12
O05235,C1026,P1026,28-01-2024,6,1149.16,270.8,0.3,Standard Class,Cash on Delivery,Returned,11
O05236,C1848,P1085,07-08-2023,1,604.78,109.69,0.2,Standard Class,Credit Card,Returned,11
O05237,C2036,P1095,11-04-2024,10,2341.76,127.19,0.2,Second Class,Cash on Delivery,Not Returned,11
O05238,C0009,P1108,03-05-2022,9,3106.59,555.3,0.3,Same Day,Credit Card,Returned,6
O05239,C1796,P1015,07-01-2023,9,4487.8,808.14,0.3,Same Day,Cash on Delivery,Returned,8
O05240,C0280,P1161,22-02-2022,7,4318.1,1439.87,0.2,Second Class,Debit Card,Not Returned,5
O05241,C0767,P1158,13-01-2024,9,2809.48,921.13,0.1,Second Class,Cash on Delivery,Returned,8
O05242,C0372,P1095,26-03-2024,6,1580.69,231.1,0.1,Standard Class,UPI,Not Returned,8
O02448,C1922,P1191,26-09-2022,3,497.87,-34.29,0.3,First Class,Cash on Delivery,Returned,8
O00490,C0462,P1024,01-06-2022,9,2892.96,-34.24,0.3,Same Day,UPI,Returned,10
O05245,C1025,P1065,11-04-2023,5,833.04,13.76,0.1,Same Day,Credit Card,Returned,5
O05246,C0706,P1045,03-06-2023,6,445.58,38.18,0.3,Same Day,Net Banking,Returned,12
O05247,C0246,P1120,03-02-2023,5,1575.54,463.74,0.1,First Class,Net Banking,Returned,1
O05249,C1478,P1107,24-05-2024,7,6024.12,2642.04,0.1,First Class,UPI,Not Returned,5
O05250,C0464,P1028,23-01-2024,4,560.46,179.18,0.15,Same Day,UPI,Returned,8
O05251,C0048,P1131,20-11-2022,5,1067.85,87.72,0.1,Same Day,Cash on Delivery,Returned,11
O05252,C2251,P1085,03-05-2023,1,604.78,105.24,0.2,Same Day,Debit Card,Returned,8
O05253,C1228,P1151,08-04-2024,,4899.46,1523.79,0.1,Same Day,UPI,Not Returned,6
O02810,C2431,P1023,03-02-2022,3,192.77,-34.23,0.2,Standard Class,Cash on Delivery,Returned,5
O03035,C1051,P1006,15-06-2023,4,105.91,-34.16,0.1,Standard Class,Credit Card,Returned,4
O05256,C1089,P1025,26-04-2024,3,628.88,9.46,0.15,Second Class,Net Banking,Returned,3
O05257,C0006,P1006,21-12-2023,4,117.68,18.61,0,Same Day,Net Banking,Not Returned,7
O05258,C2016,P1090,25-10-2022,3,1879.62,756.14,0,Same Day,Cash on Delivery,Returned,8
O05259,C0801,P1107,07-11-2022,3,2438.34,985.86,0.15,Same Day,Net Banking,Not Returned,2
O05260,C1213,P1120,07-12-2023,9,3151.08,1170.33,0,Standard Class,Credit Card,Returned,10
O05261,C0024,P1094,06-07-2023,5,620.76,92.13,0.2,Second Class,Cash on Delivery,Not Returned,7
O05262,C1908,P1072,17-04-2022,4,1009.8,115.34,0.1,Second Class,Debit Card,Not Returned,8
O03164,C0947,P1062,23-01-2022,6,68.69,-34.15,0,Second Class,Credit Card,Not Returned,6
O05264,C0812,P1046,07-05-2022,8,3770.88,539.37,0.2,Standard Class,Credit Card,Returned,4
O05265,C0645,P1110,02-12-2023,7,4675.39,1254.63,0.15,Second Class,Credit Card,Not Returned,4
O00652,C1546,P1052,19-06-2023,1,118,-34.04,0.5,First Class,Debit Card,Returned,10
O05267,C1646,P1016,04-06-2022,4,1832.26,724.11,0.15,Same Day,Credit Card,Returned,9
O01430,C0314,P1087,11-12-2022,1,412.61,-33.84,0.2,Same Day,Net Banking,Not Returned,7
O01581,C0929,P1126,14-03-2022,5,241.11,-33.75,0.3,Same Day,Debit Card,Returned,11
O02315,C1499,P1024,12-04-2024,5,1607.2,-33.75,0.3,Same Day,Credit Card,Not Returned,7
O03771,C0077,P1081,16-09-2023,1,116.98,-33.74,0.5,First Class,Cash on Delivery,Not Returned,9
O05272,C0264,P1133,14-08-2023,8,3448.93,925.45,0.3,Standard Class,UPI,Returned,4
O05273,C1772,P1093,04-06-2023,7,3804.93,761.77,0.05,Same Day,Debit Card,Not Returned,8
O03915,C1203,P1141,22-07-2022,1,300.35,-33.7,0.3,First Class,UPI,Not Returned,4
O05275,C1521,P1086,25-01-2024,5,1527.36,297.12,0.3,Standard Class,Debit Card,Not Returned,5
O05276,C1025,P1015,30-01-2022,8,5128.92,1871.86,0.1,Second Class,Net Banking,Returned,5
O02730,C0489,P1184,19-03-2023,7,73.26,-33.65,0.5,Second Class,Credit Card,Not Returned,4
O00674,C0494,P1152,21-01-2024,2,180.54,-33.57,0.1,Second Class,Cash on Delivery,Returned,8
O05279,C2125,P1054,28-08-2022,9,2866.37,730.46,0.3,Second Class,UPI,Not Returned,3
O04232,C0504,P1080,02-09-2023,1,37.35,-33.45,0.5,First Class,Credit Card,Returned,7
O05281,C0839,P1059,25-08-2022,5,1622.06,45.72,0.15,Second Class,Net Banking,Returned,1
O05282,C2141,P1061,23-09-2023,7,3458.39,698.78,0.2,Second Class,Cash on Delivery,Not Returned,6
O05283,C1283,P1039,24-08-2023,,1108.8,245.31,0,Second Class,Credit Card,Not Returned,5
O05284,C0036,P1178,06-10-2023,10,6448.8,1617.5,0,Same Day,UPI,Not Returned,2
O05285,C0556,P1098,02-01-2022,10,3043.42,223.48,0.05,Standard Class,UPI,Returned,3
O05286,C2471,P1168,18-11-2023,3,589.52,222.48,0.1,Standard Class,UPI,Returned,4
O05287,C2291,P1176,11-06-2022,3,1613.3,158.1,0.05,Second Class,Cash on Delivery,Not Returned,9
O05288,C0639,P1064,22-05-2023,2,1465.9,535.61,0.1,Standard Class,Net Banking,Returned,1
O05289,C2291,P1090,18-08-2023,,1002.46,225.93,0.2,Same Day,Cash on Delivery,Not Returned,11
O05086,C0684,P1013,01-11-2023,7,368.59,-33.4,0.2,Second Class,Cash on Delivery,Not Returned,8
O05291,C0730,P1057,25-04-2023,2,1377.76,419.76,0.2,Second Class,UPI,Returned,10
O05292,C1019,P1090,01-04-2024,2,1253.08,497.93,0,Standard Class,UPI,Not Returned,2
O05293,C1662,P1085,13-04-2024,1,680.37,176.63,0.1,First Class,Net Banking,Returned,11
O03211,C0266,P1184,08-04-2022,2,35.58,-33.38,0.15,Same Day,Credit Card,Not Returned,9
O05295,C0802,P1159,16-10-2023,8,1261.98,554.34,0.05,Same Day,Debit Card,Not Returned,12
O05296,C0930,P1159,20-02-2024,8,1062.72,339.63,0.2,Same Day,Cash on Delivery,Not Returned,5
O05297,C2458,P1011,23-12-2022,1,219.12,27.13,0,Second Class,Debit Card,Not Returned,1
O05298,C1222,P1045,10-02-2023,8,594.1,70.37,0.3,Same Day,UPI,Returned,1
O03213,C1773,P1184,07-12-2022,2,35.58,-33.22,0.15,Second Class,Credit Card,Returned,2
O05300,C0047,P1070,13-04-2022,5,1743.16,492.84,0.1,First Class,Cash on Delivery,Returned,10
O05301,C2120,P1164,07-12-2022,1,643.35,234.66,0.15,Standard Class,Debit Card,Not Returned,1
O00812,C1904,P1067,01-03-2023,1,55.93,-33.2,0.3,Same Day,UPI,Not Returned,12
O05303,C1171,P1148,07-09-2022,9,2190.96,195.72,0,First Class,Credit Card,Returned,10
O05304,C1419,P1105,02-06-2023,3,644.38,192.47,0.15,Second Class,UPI,Not Returned,12
O05305,C0114,P1042,14-02-2023,3,800.67,149.62,0,First Class,UPI,Not Returned,9
O05306,C1430,P1131,23-09-2023,6,1210.23,42.77,0.15,Second Class,Cash on Delivery,Not Returned,1
O05307,C0746,P1079,16-11-2023,5,717.17,64.51,0.1,Second Class,UPI,Not Returned,5
O05308,C0261,P1137,10-09-2023,6,492.75,20.78,0.1,Same Day,Cash on Delivery,Not Returned,10
O05309,C0897,P1039,08-07-2022,5,831.6,86.73,0.1,Same Day,Debit Card,Returned,8
O04725,C1435,P1171,14-07-2022,7,154.06,-33.19,0.2,First Class,Cash on Delivery,Returned,8
O05311,C0508,P1078,29-12-2023,9,1803.25,186.98,0.3,Second Class,Cash on Delivery,Returned,1
O05312,C0571,P1133,17-02-2024,6,2586.7,685.74,0.3,First Class,Net Banking,Returned,4
O05313,C1804,P1141,21-01-2023,2,858.14,192.05,0,Same Day,Credit Card,Returned,1
O01500,C0085,P1171,26-08-2023,5,123.8,-33.18,0.1,Same Day,UPI,Not Returned,5
O03603,C2115,P1137,04-03-2022,2,127.75,-33.13,0.3,Same Day,Debit Card,Not Returned,8
O05316,C0107,P1191,19-07-2022,10,2252.26,600.7,0.05,Same Day,Net Banking,Not Returned,12
O05317,C0409,P1061,06-04-2024,2,864.6,58.85,0.3,Same Day,Debit Card,Not Returned,7
O05318,C0766,P1018,07-09-2022,5,3449.25,1344.31,0,Standard Class,UPI,Not Returned,10
O05319,C1695,P1106,06-09-2023,7,2052.33,390.99,0.15,Same Day,Credit Card,Returned,5
O05320,C0895,P1122,26-06-2022,5,912.28,337.79,0.05,Second Class,Net Banking,Not Returned,8
O05321,C1497,P1185,27-05-2023,8,2679.77,471.01,0.3,Standard Class,UPI,Returned,8
O05322,C0749,P1159,02-03-2024,9,1270.28,472.21,0.15,Standard Class,Credit Card,Not Returned,9
O05323,C2374,P1132,06-04-2024,2,1233.2,360.86,0.15,Standard Class,Net Banking,Returned,9
O05324,C1861,P1158,18-03-2024,5,1474.11,409.94,0.15,First Class,Net Banking,Not Returned,5
O00014,C0581,P1171,24-04-2022,1,24.76,-33.06,0.1,Second Class,Credit Card,Not Returned,9
O05326,C1217,P1078,29-09-2023,3,815.76,261.31,0.05,First Class,Net Banking,Not Returned,8
O01968,C2166,P1009,01-01-2023,8,3237.55,-33.01,0.1,Second Class,Net Banking,Returned,7
O05328,C1087,P1106,18-03-2022,6,1448.71,25.93,0.3,Same Day,UPI,Not Returned,5
O05329,C0703,P1147,23-04-2022,1,566.03,180.73,0.05,First Class,Cash on Delivery,Not Returned,6
O05330,C1745,P1060,26-09-2022,8,4622.47,1536.43,0.05,Second Class,Net Banking,Returned,5
O05331,C2236,P1130,16-08-2023,9,5262.08,1279.21,0.3,Standard Class,Cash on Delivery,Returned,4
O05332,C1072,P1085,18-05-2023,9,4762.61,507.76,0.3,Same Day,Net Banking,Not Returned,1
O05333,C2036,P1185,25-10-2023,6,2727.62,1042.47,0.05,Second Class,Cash on Delivery,Not Returned,1
O05334,C1194,P1031,07-07-2022,7,2718.91,715.42,0.2,Standard Class,UPI,Returned,4
O00514,C0853,P1166,08-02-2022,1,379.12,-32.96,0.2,Standard Class,Credit Card,Not Returned,2
O05336,C1070,P1161,18-03-2022,5,3855.45,1772.12,0,Standard Class,Net Banking,Returned,6
O05337,C0638,P1096,11-08-2023,5,1022.72,339.94,0.2,Standard Class,Debit Card,Returned,9
O05338,C0672,P1075,31-10-2023,9,7545.96,3048.23,0,Same Day,Debit Card,Not Returned,12
O05339,C0765,P1051,28-08-2023,1,517.47,154.93,0.05,Second Class,Net Banking,Returned,6
O06510,C0551,P1056,04-12-2022,6,1544.98,-32.94,0.2,Second Class,Debit Card,Not Returned,7
O05341,C1707,P1114,07-09-2023,1,171.2,52.44,0,Same Day,Cash on Delivery,Returned,5
O05342,C1107,P1136,11-03-2023,6,2737.14,692.97,0.3,Standard Class,Net Banking,Returned,8
O05343,C1072,P1136,19-06-2024,10,5213.6,1838.41,0.2,First Class,Net Banking,Returned,7
O02031,C1041,P1044,24-11-2022,8,423.78,-32.93,0.15,First Class,Credit Card,Not Returned,7
O05345,C0040,P1072,15-03-2023,4,1122,202.86,0,Standard Class,Credit Card,Not Returned,4
O01407,C2257,P1020,12-12-2023,1,364.87,-32.83,0.1,Standard Class,UPI,Returned,5
O05347,C1638,P1002,03-01-2022,4,1774.72,262.17,0.3,Same Day,UPI,Returned,5
O05348,C1482,P1185,06-12-2023,6,2440.5,778.53,0.15,Standard Class,Net Banking,Not Returned,11
O00562,C0383,P1117,10-04-2023,3,363.1,-32.74,0.2,First Class,UPI,Not Returned,2
O06474,C1094,P1162,03-01-2024,1,39.05,-32.73,0,First Class,Net Banking,Not Returned,3
O05353,C1690,P1081,13-02-2022,9,2105.64,982.52,0,Second Class,UPI,Not Returned,3
O05354,C0867,P1033,18-01-2024,9,869.27,,0.3,First Class,UPI,Returned,11
O06559,C0750,P1137,02-08-2023,7,511,-32.66,0.2,Same Day,UPI,Not Returned,11
O05356,C1981,P1108,18-07-2022,6,2366.93,647.63,0.2,Same Day,Net Banking,Not Returned,9
O05357,C0010,P1008,27-01-2022,3,461.78,93.37,0,Same Day,Net Banking,Not Returned,7
O04182,C0388,P1079,25-12-2023,3,382.49,-32.58,0.2,Standard Class,UPI,Not Returned,7
O05360,C2042,P1051,11-07-2023,10,4902.39,1446.49,0.1,First Class,Cash on Delivery,Returned,1
O00987,C0116,P1005,20-04-2022,1,91.06,-32.39,0.5,Standard Class,Credit Card,Not Returned,6
O06793,C0523,P1162,01-04-2023,3,58.58,-32.34,0.5,First Class,Cash on Delivery,Not Returned,5
O00966,C0062,P1005,12-11-2023,1,91.06,-32.3,0.5,Second Class,Cash on Delivery,Returned,2
O03781,C0983,P1044,14-07-2022,1,62.32,-32.21,0,Same Day,UPI,Returned,7
O05365,C2488,P1122,22-07-2023,8,1075.54,159.88,0.3,First Class,Credit Card,Returned,6
O05366,C1421,P1179,18-08-2023,9,804.73,189.15,0.05,Second Class,UPI,Returned,2
O01673,C0736,P1148,25-11-2022,2,438.19,-32.19,0.1,Same Day,Credit Card,Not Returned,9
O05368,C0948,P1017,06-03-2022,7,1966.54,560.19,0.1,First Class,UPI,Returned,6
O05369,C2111,P1120,13-05-2022,7,2083.21,561.54,0.15,Standard Class,Credit Card,Not Returned,12
O05370,C1063,P1147,12-12-2022,8,3813.25,789.5,0.2,Same Day,Credit Card,Not Returned,1
O05371,C0431,P1162,24-04-2022,4,148.39,15.85,0.05,Standard Class,Debit Card,Not Returned,8
O05372,C1220,P1066,28-05-2024,10,6875.36,2425.11,0.2,First Class,UPI,Not Returned,9
O03246,C2027,P1171,15-03-2024,2,27.51,-32.16,0.5,Standard Class,UPI,Returned,5
O05374,C0834,P1147,30-08-2023,8,4766.56,1774.72,0,Standard Class,Debit Card,Not Returned,12
O05375,C1292,P1016,16-03-2024,4,2047.82,910.24,0.05,Same Day,Debit Card,Returned,2
O05376,C1494,P1092,04-02-2023,7,1937.21,465.77,0.05,Standard Class,Cash on Delivery,Not Returned,2
O05377,C0727,P1092,29-03-2023,2,524.36,74.66,0.1,First Class,Cash on Delivery,Returned,9
O04966,C2445,P1104,16-03-2023,8,1555.24,-31.96,0.5,Standard Class,Credit Card,Returned,4
O05379,C2488,P1139,03-01-2024,3,566.11,120.39,0.2,Second Class,Net Banking,Returned,11
O05380,C1135,P1161,23-07-2023,9,6592.82,2907.32,0.05,Second Class,Debit Card,Not Returned,1
O02584,C2388,P1074,26-01-2022,6,629.45,-31.88,0.3,Standard Class,Debit Card,Not Returned,9
O05382,C2441,P1112,17-11-2023,8,420.24,69.49,0.15,Same Day,Cash on Delivery,Returned,5
O01565,C0937,P1001,03-12-2023,1,160.07,-31.86,0.15,Second Class,Net Banking,Not Returned,7
O03442,C2044,P1171,13-07-2022,8,154.06,-31.83,0.3,Second Class,Debit Card,Not Returned,12
O05386,C0382,P1048,04-06-2023,6,4004.06,965.94,0.15,Second Class,Cash on Delivery,Not Returned,2
O05387,C1945,P1176,17-11-2022,3,1698.21,246.99,0,Standard Class,Net Banking,Returned,5
O03366,C0077,P1044,31-08-2023,7,392.62,-31.78,0.1,Second Class,UPI,Returned,2
O05389,C0012,P1007,08-05-2024,8,3552.12,883.6,0.15,Same Day,Debit Card,Not Returned,6
O04809,C1910,P1025,21-01-2024,1,197.3,-31.72,0.2,First Class,Cash on Delivery,Not Returned,4
O05391,C0165,P1109,19-06-2024,10,1056.24,149.02,0.1,Second Class,Debit Card,Not Returned,9
O05392,C0115,P1189,06-04-2022,5,1068.3,234.94,0.3,First Class,Net Banking,Returned,12
O05393,C2387,P1099,12-05-2024,2,1295.78,259.11,0.3,Standard Class,Debit Card,Returned,9
O05394,C0846,P1178,30-07-2022,7,4288.45,901.36,0.05,First Class,Net Banking,Returned,6
O04350,C1032,P1159,29-04-2023,1,83.02,-31.7,0.5,First Class,Cash on Delivery,Returned,9
O00875,C2080,P1077,14-03-2024,1,72.18,-31.57,0.2,Same Day,Net Banking,Returned,4
O05397,C1712,P1059,27-08-2023,5,1622.06,36.96,0.15,Second Class,Credit Card,Not Returned,9
O05398,C2408,P1094,10-03-2023,4,527.65,65.51,0.15,Same Day,UPI,Returned,3
O05399,C0980,P1085,15-01-2023,7,3704.25,419.64,0.3,Second Class,Net Banking,Not Returned,10
O05400,C1671,P1132,23-02-2022,3,2067.42,789.35,0.05,Standard Class,Debit Card,Not Returned,7
O05401,C1232,P1043,30-08-2023,4,3109.6,1102.81,0,Standard Class,Credit Card,Returned,10
O05402,C0150,P1089,04-12-2022,7,1620.68,69.4,0.3,Second Class,Net Banking,Returned,8
O05403,C0843,P1095,20-06-2023,5,1244.06,131.84,0.15,Standard Class,Cash on Delivery,Not Returned,9
O05404,C0527,P1032,05-08-2023,2,1065.01,204.26,0.3,Second Class,Credit Card,Returned,12
O05405,C1660,P1060,06-03-2024,8,4379.18,1291.36,0.1,First Class,Debit Card,Returned,6
O05406,C0825,P1078,16-07-2022,5,1216.48,318.65,0.15,Standard Class,Net Banking,Returned,3
O05407,C1181,P1163,01-05-2022,5,1339.12,442.64,0.2,Same Day,Cash on Delivery,Not Returned,9
O05408,C0913,P1067,31-12-2022,,679.15,132.14,0.15,First Class,Debit Card,Not Returned,8
O05409,C0474,P1106,01-06-2024,10,3104.37,763.58,0.1,Same Day,Cash on Delivery,Not Returned,4
O05410,C1808,P1120,08-10-2022,8,2660.91,921.04,0.05,Second Class,Net Banking,Not Returned,2
O01080,C1699,P1103,13-05-2022,2,404.7,-31.44,0.15,Second Class,Debit Card,Not Returned,4
O05412,C0948,P1069,16-11-2022,9,3793.23,310.28,0.1,First Class,Credit Card,Not Returned,1
O05413,C2081,P1100,20-03-2022,7,4593.7,1183.33,0.3,Same Day,Cash on Delivery,Returned,7
O05414,C2057,P1035,10-05-2022,4,751.16,275.53,0.15,Second Class,UPI,Returned,5
O06525,C2006,P1004,08-12-2022,2,439.61,-31.42,0.1,Standard Class,Cash on Delivery,Returned,11
O05416,C1981,P1061,19-02-2024,5,2470.28,507.06,0.2,Second Class,Net Banking,Returned,7
O05417,C1727,P1182,10-02-2022,2,643.52,211.46,0,First Class,Credit Card,Not Returned,3
O05418,C1072,P1102,04-02-2024,9,2884.14,626.74,0,Same Day,Debit Card,Returned,2
O05419,C1616,P1051,25-10-2022,2,980.48,254.21,0.1,Second Class,Cash on Delivery,Returned,9
O05420,C0332,P1034,19-03-2024,9,1886.81,383.32,0.05,Standard Class,Cash on Delivery,Not Returned,9
O02838,C0884,P1103,10-10-2022,6,1214.11,-31.4,0.15,First Class,Credit Card,Not Returned,5
O05422,C0623,P1191,22-12-2022,8,1706.98,378.37,0.1,Same Day,Debit Card,Not Returned,2
O04218,C1565,P1006,24-06-2023,5,117.68,-31.4,0.2,Second Class,Net Banking,Returned,12
O06146,C2090,P1129,30-07-2022,3,407.24,-31.29,0.5,Standard Class,UPI,Not Returned,3
O05425,C1599,P1085,01-07-2022,9,4762.61,511.99,0.3,Second Class,Net Banking,Not Returned,10
O01785,C2063,P1165,27-12-2023,1,382.05,-31.2,0.3,First Class,Net Banking,Not Returned,12
O05427,C2222,P1068,29-03-2023,9,705.24,273.54,0,Same Day,Cash on Delivery,Returned,7
O05428,C0903,P1146,11-05-2022,4,1463.26,145.6,0.15,Second Class,Net Banking,Returned,1
O05429,C1049,P1149,17-10-2023,2,124.33,21.6,0.3,Same Day,Credit Card,Returned,2
O05430,C2056,P1046,28-09-2022,3,1679.22,475.93,0.05,Same Day,Debit Card,Returned,2
O05431,C0007,P1130,01-04-2024,1,835.25,387.2,0,First Class,UPI,Returned,10
O05432,C2279,P1102,06-10-2023,10,3204.6,716.99,0,First Class,UPI,Returned,12
O01240,C1040,P1163,18-02-2024,2,334.78,-31.14,0.5,Same Day,Net Banking,Not Returned,8
O05434,C1774,P1099,12-04-2023,2,1758.56,713.52,0.05,Same Day,Net Banking,Returned,4
O05435,C0863,P1083,10-09-2022,10,2155.2,857.49,0,Second Class,Net Banking,Returned,10
O05436,C0973,P1011,24-04-2022,2,438.24,67.39,0,Standard Class,Net Banking,Not Returned,7
O05437,C1060,P1142,23-07-2023,2,955.02,425.79,0,Standard Class,Credit Card,Not Returned,6
O03197,C0504,P1092,13-06-2024,7,1427.42,-31.12,0.3,Standard Class,Net Banking,Not Returned,4
O05439,C0718,P1026,12-11-2022,4,766.11,,0.3,Standard Class,Net Banking,Returned,6
O05440,C1386,P1016,22-01-2023,7,3583.68,1628.09,0.05,First Class,Cash on Delivery,Not Returned,9
O05441,C0855,P1128,16-01-2023,9,533.7,111.08,0,Same Day,Debit Card,Not Returned,7
O05442,C0674,P1109,18-04-2023,7,780.44,130.1,0.05,Standard Class,Debit Card,Returned,1
O05443,C0479,P1070,22-12-2023,4,1549.48,551.65,0,Standard Class,Debit Card,Not Returned,9
O04705,C2342,P1144,30-12-2022,1,234.78,-31.01,0.2,Same Day,UPI,Not Returned,3
O05445,C1893,P1112,02-01-2024,9,500.58,142.45,0.1,Standard Class,Debit Card,Not Returned,5
O04913,C1237,P1188,25-08-2022,3,984.33,-31.01,0.3,Same Day,Cash on Delivery,Not Returned,7
O05447,C2314,P1185,02-01-2024,10,3349.71,582.81,0.3,First Class,UPI,Not Returned,6
O05448,C1760,P1139,21-05-2024,3,566.11,97.42,0.2,Standard Class,Credit Card,Not Returned,9
O05449,C1465,P1136,25-10-2023,10,5213.6,1814.63,0.2,Second Class,UPI,Returned,4
O05450,C2432,P1080,31-03-2024,8,478.14,94.8,0.2,Second Class,Cash on Delivery,Returned,1
O05451,C1136,P1011,07-04-2023,10,2191.2,377.48,0,Standard Class,Cash on Delivery,Returned,7
O05452,C2317,P1063,23-08-2023,3,79.44,0.92,0.3,Standard Class,Debit Card,Returned,7
O04943,C2406,P1149,20-08-2022,5,222.02,-30.98,0.5,Standard Class,Debit Card,Not Returned,8
O05455,C1225,P1036,20-05-2022,2,1033.28,129.29,0.15,Standard Class,Cash on Delivery,Returned,6
O01191,C0617,P1098,13-06-2022,2,576.65,-30.91,0.1,First Class,Debit Card,Returned,1
O05804,C0152,P1184,04-04-2024,2,35.58,-30.89,0.15,Same Day,Net Banking,Not Returned,12
O05458,C0476,P1037,12-08-2022,6,2459.17,451.09,0.15,Standard Class,UPI,Not Returned,5
O05459,C1056,P1118,07-06-2023,9,4246.2,215.07,0.2,Standard Class,Credit Card,Returned,6
O05460,C0928,P1180,27-06-2022,3,1293.59,145.48,0.15,Same Day,Cash on Delivery,Not Returned,12
O05461,C2365,P1071,17-04-2022,8,1898.64,744.03,0.1,Same Day,Credit Card,Not Returned,1
O05462,C1257,P1043,23-04-2023,1,660.79,118.77,0.15,First Class,Cash on Delivery,Returned,11
O05463,C1637,P1186,21-04-2022,4,2545.52,1017.81,0,Same Day,Cash on Delivery,Returned,2
O05464,C1843,P1109,14-03-2022,4,422.5,36.04,0.1,Same Day,Net Banking,Returned,8
O05465,C0174,P1093,04-06-2023,7,3604.67,551.31,0.1,Same Day,Net Banking,Returned,7
O00854,C0477,P1003,16-12-2022,5,2239.24,-30.87,0.15,Same Day,Cash on Delivery,Not Returned,7
O05467,C0740,P1189,18-11-2023,4,976.74,311.21,0.2,First Class,UPI,Returned,5
O05468,C1576,P1108,04-03-2022,5,2219,793.03,0.1,First Class,Cash on Delivery,Returned,1
O05469,C2157,P1019,16-05-2023,9,5355.46,1439.94,0.15,Same Day,Cash on Delivery,Returned,4
O05470,C1521,P1043,18-02-2024,9,6996.6,2478.24,0,Second Class,Cash on Delivery,Not Returned,6
O05471,C0411,P1155,19-04-2022,5,2758.28,480.91,0.05,Same Day,Credit Card,Returned,5
O05472,C0714,P1016,18-09-2023,10,4580.65,1829.81,0.15,Same Day,UPI,Returned,4
O05473,C1118,P1122,01-07-2023,2,384.12,126.83,0,Standard Class,Debit Card,Not Returned,2
O05474,C2192,P1047,10-12-2022,,507.61,97.7,0.05,First Class,Net Banking,Not Returned,7
O05516,C0760,P1071,27-11-2022,1,131.85,-30.86,0.5,Same Day,Cash on Delivery,Returned,2
O05476,C0302,P1144,18-07-2022,5,1173.92,38.81,0.2,Standard Class,Credit Card,Not Returned,10
O05477,C0711,P1070,19-03-2023,9,2440.43,211.15,0.3,Second Class,UPI,Returned,2
O05478,C0058,P1005,23-01-2023,10,1821.2,633.76,0,Standard Class,Credit Card,Returned,10
O05480,C1757,P1118,16-06-2023,4,2241.05,432.78,0.05,Second Class,Net Banking,Returned,7
O02239,C1008,P1188,07-05-2024,2,656.22,-30.83,0.3,Second Class,Net Banking,Returned,11
O02629,C1904,P1044,26-01-2024,1,43.62,-30.74,0.3,Standard Class,UPI,Not Returned,3
O05483,C2488,P1163,30-01-2023,8,2678.24,1269.21,0,First Class,Credit Card,Returned,10
O05484,C1336,P1086,27-06-2022,7,2901.99,1163.42,0,First Class,Debit Card,Not Returned,8
O05485,C1597,P1036,28-03-2023,2,1154.84,268.77,0.05,Standard Class,Net Banking,Returned,5
O05486,C0294,P1094,07-09-2023,3,442.29,99.85,0.05,Second Class,Credit Card,Returned,10
O05803,C1538,P1137,04-04-2023,9,657,-30.6,0.2,First Class,UPI,Returned,11
O05488,C0958,P1075,30-10-2022,3,2263.79,747.15,0.1,Standard Class,Credit Card,Not Returned,7
O05489,C2054,P1020,09-03-2023,8,3243.28,364.76,0,Same Day,Credit Card,Returned,1
O05490,C0430,P1040,05-01-2022,7,2533.58,510.67,0.05,Second Class,Credit Card,Not Returned,2
O05491,C1525,P1116,18-12-2022,7,3424.68,1294.89,0.05,Standard Class,UPI,Not Returned,6
O04910,C2333,P1006,18-04-2023,3,79.43,-30.53,0.1,Same Day,Debit Card,Returned,6
O05493,C1287,P1096,29-04-2023,2,460.22,186.19,0.1,Second Class,Credit Card,Not Returned,10
O06377,C1447,P1036,07-02-2023,1,425.47,-30.51,0.3,Second Class,Net Banking,Returned,8
O05495,C1364,P1012,16-09-2022,1,672.05,152.8,0,First Class,Credit Card,Returned,4
O05496,C0384,P1166,15-01-2024,8,3222.52,49.17,0.15,First Class,Debit Card,Returned,5
O05497,C1060,P1187,11-06-2022,8,1665.84,114.48,0.05,Second Class,Credit Card,Returned,5
O05498,C2174,P1099,15-02-2022,4,3517.13,1485.06,0.05,Second Class,Net Banking,Not Returned,7
O05499,C0010,P1015,29-12-2022,2,1211,365.75,0.15,Same Day,Credit Card,Returned,10
O02847,C2499,P1162,02-09-2023,1,33.19,-30.37,0.15,Standard Class,Credit Card,Returned,9
O01010,C0901,P1130,18-06-2022,1,417.62,-30.33,0,Same Day,Cash on Delivery,Not Returned,7
O03733,C1891,P1162,01-08-2022,8,156.2,-30.33,0.5,Standard Class,Net Banking,Not Returned,1
O05503,C2040,P1122,30-04-2024,8,1306.01,396.28,0.15,First Class,Debit Card,Not Returned,12
O05504,C0987,P1117,07-09-2023,5,718.63,52.05,0.05,Second Class,Credit Card,Returned,4
O05505,C0326,P1111,12-05-2023,5,1955.32,562.33,0.2,Second Class,Net Banking,Not Returned,2
O05506,C0084,P1073,20-03-2022,4,1541.95,431.09,0.2,Second Class,Net Banking,Not Returned,6
O06731,C0706,P1133,03-11-2022,7,2155.58,-30.23,0.5,Same Day,Cash on Delivery,Returned,2
O03562,C0909,P1171,05-05-2023,7,163.68,-30.21,0.15,Second Class,UPI,Not Returned,8
O05509,C1951,P1058,20-02-2024,1,261.71,91.21,0,Second Class,Debit Card,Returned,2
O05510,C1021,P1081,09-11-2023,4,795.46,293.07,0.15,Standard Class,UPI,Not Returned,4
O05511,C2141,P1164,08-10-2023,9,6471.32,2800.17,0.05,Same Day,Cash on Delivery,Not Returned,7
O05512,C1822,P1132,17-01-2022,4,2901.64,1188.73,0,Same Day,Credit Card,Not Returned,6
O05513,C0775,P1168,13-08-2023,7,1222.7,342.16,0.2,Standard Class,UPI,Returned,3
O05514,C0821,P1083,28-10-2023,10,1724.16,439.23,0.2,Second Class,Credit Card,Not Returned,6
O05515,C2090,P1088,02-02-2023,4,325.13,62.33,0.05,Second Class,UPI,Returned,4
O02868,C2351,P1062,27-04-2023,7,80.14,-30.11,0.2,Second Class,Cash on Delivery,Not Returned,7
O05517,C1196,P1113,30-11-2023,9,3662.9,1333.19,0.15,Same Day,Debit Card,Not Returned,7
O05518,C0818,P1189,16-07-2022,6,1465.1,437.81,0.2,Second Class,Net Banking,Returned,1
O05520,C0508,P1090,01-05-2022,5,2506.16,644.23,0.2,Second Class,UPI,Returned,10
O05521,C0219,P1046,24-01-2024,1,530.28,87.86,0.1,Same Day,UPI,Not Returned,1
O05522,C0809,P1183,29-09-2023,2,468.58,164.09,0,Second Class,Cash on Delivery,Returned,2
O00578,C0618,P1103,21-02-2023,5,1011.75,-29.99,0.15,Second Class,Net Banking,Returned,8
O06233,C1141,P1184,23-01-2022,1,17.79,-29.82,0.15,Standard Class,Credit Card,Returned,3
O05525,C1014,P1074,21-02-2022,4,599.48,116.51,0,First Class,Credit Card,Returned,4
O05526,C0646,P1165,02-09-2022,7,3438.48,549.13,0.1,Second Class,Debit Card,Returned,8
O04877,C0470,P1086,03-04-2022,1,218.2,-29.78,0.5,Same Day,Cash on Delivery,Not Returned,11
O05528,C2236,P1046,23-05-2023,5,2356.8,351.2,0.2,Second Class,Net Banking,Returned,2
O05529,C1018,P1136,09-06-2023,7,4561.9,2191.85,0,Standard Class,Net Banking,Returned,8
O05530,C2037,P1064,05-11-2023,3,2321.01,956.47,0.05,Second Class,Cash on Delivery,Returned,8
O05531,C0175,P1116,17-03-2024,1,514.99,171.41,0,First Class,Net Banking,Returned,3
O05532,C2290,P1057,24-05-2024,4,3272.18,1407.93,0.05,Second Class,Debit Card,Returned,11
O05533,C1618,P1126,19-02-2024,3,196.34,17.6,0.05,First Class,Credit Card,Returned,1
O05534,C0327,P1125,13-03-2024,6,1494.45,462.86,0.15,Same Day,UPI,Returned,6
O05535,C2059,P1113,06-11-2022,2,813.98,284.57,0.15,Second Class,Cash on Delivery,Returned,4
O05536,C1413,P1164,25-09-2022,2,1286.7,448.29,0,Same Day,Cash on Delivery,Not Returned,5
O05537,C2110,P1036,04-10-2023,9,4923.26,958.49,0.1,Same Day,UPI,Returned,5
O04390,C0868,P1074,06-12-2022,2,209.82,-29.75,0,Same Day,Net Banking,Not Returned,6
O05539,C1555,P1079,20-03-2023,7,892.47,21.06,0.2,Second Class,Net Banking,Not Returned,12
O05540,C1415,P1177,10-02-2024,5,2601.34,141.19,0.15,First Class,Net Banking,Not Returned,4
O05541,C1685,P1047,16-11-2023,5,267.16,20,0.1,Same Day,Cash on Delivery,Returned,6
O03179,C1712,P1138,23-03-2024,2,139.71,-29.74,0.3,First Class,Credit Card,Returned,4
O05543,C0255,P1110,17-11-2022,6,4478.95,1522.96,0.05,Same Day,Credit Card,Not Returned,8
O05544,C1866,P1057,14-02-2022,8,5511.04,1823.74,0.2,Standard Class,Debit Card,Returned,4
O06162,C1963,P1115,16-09-2022,8,399.42,-29.74,0.2,Standard Class,Net Banking,Not Returned,1
O05546,C2433,P1090,05-03-2022,,2004.93,506.48,0.2,Same Day,Credit Card,Not Returned,2
O05547,C2188,P1191,24-07-2022,9,2133.72,672.48,0,Standard Class,Net Banking,Not Returned,8
O05548,C1282,P1029,20-03-2023,7,817.99,150.73,0.1,Same Day,Debit Card,Returned,7
O05549,C0226,P1082,15-02-2023,6,3011.04,412.77,0,Same Day,UPI,Not Returned,3
O06948,C1853,P1047,05-01-2024,1,50.46,-29.73,0.15,Same Day,Credit Card,Not Returned,5
O05551,C1353,P1121,21-12-2022,10,4133.44,1451.49,0.2,Same Day,Net Banking,Returned,11
O05552,C1647,P1149,30-04-2022,4,284.19,52.9,0.2,Second Class,Credit Card,Not Returned,1
O05553,C0337,P1062,21-05-2023,7,95.16,17.94,0.05,Same Day,UPI,Not Returned,4
O05554,C1067,P1063,06-03-2023,8,287.51,85.67,0.05,Same Day,Net Banking,Returned,8
O05555,C0026,P1024,29-01-2023,10,4592,1360.01,0,Second Class,UPI,Not Returned,10
O05556,C0723,P1146,28-12-2023,4,1549.33,243.5,0.1,Standard Class,Credit Card,Not Returned,10
O05557,C0822,P1031,27-06-2022,9,4151.2,1581.27,0.05,First Class,UPI,Not Returned,12
O04033,C1420,P1004,13-05-2024,2,415.19,-29.48,0.15,Same Day,Net Banking,Not Returned,8
O05559,C0588,P1058,28-12-2023,1,209.37,19.1,0.2,Second Class,UPI,Returned,4
O05560,C1851,P1107,27-11-2022,4,3251.11,1320.72,0.15,Second Class,Credit Card,Not Returned,5
O05561,C0612,P1096,13-03-2024,5,1150.56,446.86,0.1,Standard Class,Debit Card,Returned,11
O05562,C1422,P1146,02-12-2022,9,3292.33,362.8,0.15,Standard Class,Net Banking,Not Returned,10
O05487,C2084,P1011,15-12-2022,2,350.59,-29.47,0.2,Standard Class,Cash on Delivery,Not Returned,9
O05564,C1063,P1024,14-12-2023,1,390.32,62.45,0.15,Same Day,UPI,Not Returned,8
O05565,C0533,P1149,16-09-2023,1,75.49,1.65,0.15,Standard Class,Credit Card,Returned,11
O05566,C0207,P1162,02-04-2023,10,273.35,26.56,0.3,Same Day,UPI,Not Returned,12
O05567,C0284,P1104,26-03-2022,9,2974.4,1178.28,0.15,Second Class,Debit Card,Not Returned,10
O05568,C2412,P1001,16-01-2023,6,1129.92,250.03,0,Standard Class,Credit Card,Not Returned,2
O05569,C1967,P1155,12-04-2024,5,2758.28,459.61,0.05,Same Day,Cash on Delivery,Not Returned,2
O05542,C0899,P1145,19-06-2023,3,44.23,-29.34,0.3,Standard Class,Debit Card,Not Returned,12
O05571,C0160,P1041,03-02-2024,9,5090.76,2380.87,0,Second Class,Cash on Delivery,Returned,8
O05572,C0430,P1029,18-05-2022,2,233.71,42.97,0.1,First Class,UPI,Returned,7
O05573,C2188,P1173,26-02-2024,3,1666.91,182.21,0.15,First Class,Net Banking,Returned,8
O05574,C0788,P1140,13-06-2022,9,4176.54,884.49,0,Second Class,Cash on Delivery,Not Returned,3
O05575,C0164,P1113,12-08-2022,3,1364.61,548.82,0.05,Standard Class,UPI,Not Returned,5
O01898,C1422,P1171,07-08-2022,8,176.06,-29.32,0.2,First Class,Cash on Delivery,Not Returned,8
O05577,C1866,P1005,25-04-2024,7,892.39,65.88,0.3,Second Class,Cash on Delivery,Not Returned,6
O00167,C1383,P1001,02-05-2023,2,301.31,-29.26,0.2,First Class,Net Banking,Not Returned,4
O05579,C2283,P1155,24-03-2022,8,4180.97,546.47,0.1,Second Class,Net Banking,Returned,1
O05580,C1728,P1078,03-05-2024,1,228.98,40.81,0.2,Same Day,Cash on Delivery,Returned,3
O05581,C0412,P1010,27-02-2022,10,6647.24,2557.12,0.05,Standard Class,Net Banking,Returned,8
O05582,C0729,P1008,18-04-2022,4,731.16,212.88,0.05,Standard Class,Net Banking,Not Returned,3
O05584,C2180,P1014,24-01-2022,6,3983.56,1414.36,0.05,Same Day,UPI,Not Returned,3
O05585,C1909,P1045,23-11-2023,8,721.41,192.28,0.15,Standard Class,Net Banking,Returned,2
O05586,C1310,P1070,24-04-2022,9,2963.38,745.8,0.15,Standard Class,Cash on Delivery,Not Returned,10
O05587,C0487,P1012,22-02-2022,3,1612.92,129,0.2,Second Class,Credit Card,Not Returned,7
O05588,C1861,P1079,07-10-2023,9,1147.46,16.55,0.2,First Class,Net Banking,Returned,12
O05589,C0979,P1120,17-05-2024,1,350.12,92.31,0,Same Day,Cash on Delivery,Not Returned,7
O05590,C0005,P1023,01-04-2024,6,433.73,41.71,0.1,Same Day,Credit Card,Returned,4
O05591,C0359,P1031,14-07-2023,5,2427.6,978.66,0,Second Class,Net Banking,Returned,8
O05592,C0663,P1140,28-03-2024,3,1252.96,125.42,0.1,Second Class,UPI,Returned,2
O05593,C0145,P1177,17-02-2022,6,3672.48,724.66,0,Second Class,Debit Card,Not Returned,2
O02616,C1824,P1063,19-11-2022,1,18.92,-29.06,0.5,First Class,Debit Card,Returned,1
O03830,C1943,P1080,04-01-2023,1,59.77,-29.05,0.2,Same Day,Cash on Delivery,Returned,5
O05596,C0718,P1063,01-06-2024,4,136.19,20.37,0.1,Second Class,UPI,Returned,4
O05597,C0167,P1074,22-04-2023,8,1139.01,247.94,0.05,Standard Class,Cash on Delivery,Returned,6
O05599,C2256,P1132,11-12-2023,3,1849.8,586.31,0.15,First Class,Debit Card,Not Returned,6
O05600,C0396,P1063,14-02-2022,4,151.32,65.39,0,Same Day,Debit Card,Returned,8
O05601,C0537,P1135,07-10-2022,6,2866.15,356.8,0.15,Second Class,Cash on Delivery,Returned,11
O05602,C1137,P1048,16-09-2023,7,4946.19,1445.37,0.1,Standard Class,Debit Card,Not Returned,7
O03746,C0127,P1177,30-11-2022,3,1468.99,-29.03,0.2,Same Day,UPI,Not Returned,10
O05604,C0775,P1103,24-05-2024,3,642.76,16.92,0.1,Standard Class,Credit Card,Returned,12
O05605,C1730,P1075,27-03-2023,10,7545.96,2556,0.1,Standard Class,Credit Card,Returned,10
O05606,C2236,P1074,14-05-2022,5,749.35,187.66,0,Standard Class,UPI,Not Returned,8
O00618,C1457,P1006,17-05-2022,3,79.43,-28.91,0.1,Same Day,Cash on Delivery,Not Returned,9
O03557,C2424,P1079,26-10-2022,1,111.56,-28.87,0.3,First Class,Debit Card,Not Returned,6
O01310,C2466,P1126,22-02-2024,6,289.34,-28.82,0.3,Same Day,Debit Card,Returned,4
O05610,C1067,P1002,03-02-2023,8,4563.58,1558.06,0,Second Class,UPI,Not Returned,9
O05611,C0907,P1046,19-12-2023,3,1767.6,539.08,0,Standard Class,Net Banking,Not Returned,7
O05612,C2465,P1127,11-09-2022,5,4734.47,2209.29,0.05,First Class,Cash on Delivery,Not Returned,4
O05613,C0625,P1020,09-08-2022,2,810.82,91.5,0,Same Day,Debit Card,Not Returned,7
O05614,C0747,P1040,03-05-2022,5,1714.46,239.12,0.1,Same Day,UPI,Returned,7
O05615,C2397,P1119,30-08-2022,9,4269.87,1543.21,0.05,First Class,Net Banking,Returned,9
O05616,C1482,P1078,19-11-2023,5,1216.48,302.45,0.15,Standard Class,UPI,Not Returned,10
O05617,C1932,P1077,11-03-2024,10,721.84,2.19,0.2,First Class,Cash on Delivery,Returned,6
O00783,C1702,P1062,24-07-2022,2,28.62,-28.63,0,Standard Class,UPI,Not Returned,11
O02034,C1201,P1054,10-03-2024,2,454.98,-28.47,0.5,Second Class,Cash on Delivery,Returned,9
O05620,C1080,P1017,08-04-2022,7,2075.8,673.52,0.05,Same Day,Cash on Delivery,Returned,2
O05621,C1807,P1030,23-08-2022,2,1575.86,579.93,0.05,Same Day,Net Banking,Returned,10
O05622,C0292,P1070,18-03-2023,8,2479.17,488.03,0.2,Same Day,Net Banking,Not Returned,2
O05623,C1911,P1124,13-07-2023,5,2323.05,602.89,0,Standard Class,Net Banking,Returned,3
O00068,C1110,P1184,14-05-2023,1,19.88,-28.41,0.05,Same Day,Net Banking,Not Returned,10
O05625,C1192,P1083,16-03-2023,8,1637.95,615.07,0.05,First Class,Credit Card,Not Returned,8
O05626,C0015,P1127,24-04-2024,9,7624.98,3093.75,0,First Class,UPI,Returned,1
O05627,C0418,P1185,22-01-2023,7,3349.71,1422.13,0,First Class,Debit Card,Not Returned,8
O05628,C2332,P1086,23-06-2023,2,610.95,91.66,0.3,Same Day,Cash on Delivery,Returned,12
O02608,C0297,P1177,12-01-2024,3,1468.99,-28.41,0.2,Second Class,Net Banking,Returned,1
O05630,C1765,P1047,30-09-2022,9,454.18,38.24,0.15,Same Day,UPI,Returned,10
O05631,C0606,P1114,30-12-2023,2,239.68,54.32,0.3,Second Class,Cash on Delivery,Returned,8
O05578,C1186,P1013,12-11-2023,2,125.06,-28.37,0.05,First Class,Credit Card,Returned,1
O05634,C2239,P1042,14-04-2023,5,1334.45,256,0,Same Day,Net Banking,Not Returned,5
O05635,C2338,P1151,15-12-2023,8,4355.07,966.35,0.2,Standard Class,Credit Card,Returned,12
O01751,C0164,P1145,26-03-2022,1,21.06,-27.63,0,Same Day,Credit Card,Not Returned,2
O06347,C0735,P1162,04-10-2022,7,136.67,-27.6,0.5,First Class,Credit Card,Not Returned,1
O05638,C0135,P1182,31-08-2023,7,1576.62,165.13,0,Same Day,Credit Card,Returned,7
O05639,C0933,P1049,23-01-2022,3,2595.75,1111.89,0.05,Second Class,Net Banking,Returned,3
O05640,C1674,P1063,03-02-2023,8,242.11,68.46,0.2,Second Class,Net Banking,Not Returned,10
O05729,C2379,P1024,02-03-2022,5,1607.2,-27.36,0.3,First Class,UPI,Returned,1
O05643,C0765,P1010,11-10-2023,3,1889.22,637.02,0.1,First Class,UPI,Not Returned,6
O05644,C2048,P1099,15-08-2023,8,6293.81,2279.97,0.15,First Class,Cash on Delivery,Returned,10
O05645,C2081,P1175,10-10-2022,7,4893.02,1445.22,0.1,First Class,Debit Card,Not Returned,2
O05646,C1115,P1087,14-05-2024,10,5157.6,1063.84,0,Same Day,Debit Card,Not Returned,8
O05647,C0209,P1031,20-01-2023,10,3884.16,1043,0.2,Standard Class,Net Banking,Returned,5
O05648,C0813,P1085,05-07-2023,9,4762.61,508.86,0.3,Same Day,UPI,Not Returned,7
O05649,C1032,P1019,24-04-2024,10,6650.57,2293.61,0.05,Same Day,Cash on Delivery,Not Returned,6
O05650,C0335,P1124,24-06-2022,8,3345.19,582.76,0.1,First Class,Debit Card,Not Returned,8
O05651,C0742,P1135,31-10-2022,2,899.18,56,0.2,Standard Class,Cash on Delivery,Not Returned,3
O01747,C2448,P1177,17-05-2024,2,979.33,-27.35,0.2,Standard Class,Credit Card,Returned,5
O05653,C1301,P1040,15-01-2024,4,1523.96,351.88,0,First Class,Credit Card,Not Returned,4
O05654,C1608,P1105,03-05-2022,3,530.67,61.63,0.3,Standard Class,Net Banking,Not Returned,7
O03615,C1235,P1148,26-01-2024,7,1533.67,-27.18,0.1,First Class,Net Banking,Not Returned,4
O05657,C2318,P1164,09-12-2023,3,1930.04,671.5,0.15,Standard Class,Debit Card,Not Returned,3
O05041,C2366,P1009,10-11-2022,7,2832.86,-26.92,0.1,Same Day,Credit Card,Not Returned,10
O05659,C0904,P1035,16-06-2024,7,1546.51,732.76,0,First Class,Net Banking,Not Returned,2
O05660,C1842,P1089,24-02-2024,4,1124.55,242.81,0.15,First Class,Cash on Delivery,Not Returned,4
O05661,C0419,P1051,29-06-2022,7,3241.02,805.05,0.15,Same Day,Debit Card,Returned,7
O04406,C1007,P1138,03-07-2022,1,79.83,-26.86,0.2,Standard Class,Cash on Delivery,Returned,10
O05663,C0190,P1096,09-07-2023,10,1789.76,459.2,0.3,Same Day,Credit Card,Returned,10
O05664,C2408,P1032,06-02-2024,6,3195.02,616.77,0.3,Standard Class,UPI,Returned,4
O05665,C1548,P1138,21-05-2024,8,718.49,185.65,0.1,Same Day,Cash on Delivery,Not Returned,1
O05666,C1306,P1121,23-04-2023,1,361.68,58.28,0.3,First Class,Net Banking,Returned,12
O05667,C2500,P1029,24-05-2023,4,415.49,19.44,0.2,Standard Class,Debit Card,Not Returned,8
O05859,C2234,P1003,27-07-2023,9,4030.63,-26.74,0.15,Same Day,Net Banking,Returned,8
O05670,C1040,P1011,08-01-2023,2,438.24,69.32,0,Second Class,UPI,Returned,5
O05671,C2251,P1100,05-03-2023,7,5578.07,2137.78,0.15,Same Day,UPI,Not Returned,5
O05672,C1267,P1139,30-09-2023,2,471.76,157,0,Same Day,Net Banking,Returned,3
O02045,C1526,P1003,09-04-2022,10,4478.48,-26.73,0.15,Second Class,Debit Card,Returned,9
O05674,C0271,P1123,20-03-2022,10,1848.8,554.44,0,Same Day,UPI,Not Returned,9
O05675,C0394,P1058,26-10-2023,4,732.79,92.96,0.3,Same Day,Debit Card,Not Returned,6
O02316,C2318,P1013,13-05-2022,3,187.59,-26.69,0.05,Standard Class,UPI,Not Returned,6
O05677,C1737,P1175,30-10-2023,4,2640.68,630.57,0.15,Standard Class,Debit Card,Returned,6
O05678,C0992,P1172,28-10-2023,7,2021.29,784.75,0.1,Second Class,Credit Card,Returned,6
O05679,C0827,P1124,18-02-2023,5,2323.05,588.6,0,Second Class,Net Banking,Returned,6
O04502,C0581,P1047,30-03-2022,1,53.43,-26.6,0.1,Same Day,Net Banking,Returned,2
O05681,C1893,P1181,12-01-2023,2,814.42,174.02,0.15,Same Day,Debit Card,Returned,2
O05294,C1016,P1141,15-07-2023,1,300.35,-26.58,0.3,First Class,Credit Card,Returned,10
O05683,C2010,P1127,10-02-2022,1,797.38,266.7,0.2,Second Class,UPI,Returned,4
O05684,C0778,P1106,09-07-2023,10,2759.44,405.66,0.2,Standard Class,Credit Card,Returned,1
O04132,C2296,P1006,16-03-2023,7,164.75,-26.57,0.2,Same Day,Net Banking,Returned,4
O05686,C1616,P1183,02-08-2022,3,667.73,241.78,0.05,Standard Class,Credit Card,Returned,10
O05687,C0463,P1141,26-01-2024,2,772.33,113.85,0.1,Standard Class,Credit Card,Returned,8
O05688,C2022,P1059,20-03-2023,5,1908.3,345.88,0,Second Class,Net Banking,Returned,10
O05689,C0046,P1088,06-11-2022,3,179.68,1.76,0.3,Second Class,Cash on Delivery,Not Returned,9
O05690,C0188,P1102,20-10-2022,4,1217.75,192.22,0.05,Standard Class,Net Banking,Not Returned,1
O05691,C1384,P1168,06-12-2023,5,764.19,163.7,0.3,Second Class,Net Banking,Not Returned,1
O05692,C0063,P1071,12-01-2023,2,448.29,157.01,0.15,Same Day,Debit Card,Not Returned,1
O05693,C0386,P1121,05-12-2023,1,516.68,231.22,0,Second Class,Credit Card,Not Returned,5
O05694,C1851,P1090,29-03-2023,10,5952.13,2264.66,0.05,First Class,UPI,Returned,9
O05695,C0416,P1050,11-03-2023,10,259.63,84.62,0.05,Second Class,Credit Card,Not Returned,4
O05696,C1061,P1154,05-03-2024,8,5100.27,1865.42,0.15,First Class,Cash on Delivery,Not Returned,4
O05697,C1411,P1056,21-10-2022,6,1931.22,381.58,0,Second Class,Cash on Delivery,Not Returned,6
O05698,C1980,P1190,09-08-2023,6,2385.5,181.91,0.2,Standard Class,Credit Card,Not Returned,8
O03887,C0320,P1126,01-01-2024,1,62,-26.54,0.1,First Class,Credit Card,Not Returned,10
O01162,C1761,P1112,27-08-2023,4,173.04,-26.45,0.3,Second Class,Credit Card,Not Returned,5
O05701,C2173,P1173,04-04-2022,8,4445.09,563.58,0.15,Standard Class,Credit Card,Returned,4
O05702,C1808,P1054,06-04-2024,2,864.46,375.15,0,Same Day,Debit Card,Not Returned,2
O05703,C1312,P1072,26-10-2022,1,252.45,18.6,0.1,Standard Class,UPI,Not Returned,7
O05704,C2266,P1073,03-11-2023,7,3035.72,1087.54,0.1,Same Day,Credit Card,Returned,4
O05705,C2108,P1139,30-01-2023,4,754.82,132.11,0.2,First Class,Net Banking,Not Returned,12
O01693,C0134,P1020,14-01-2022,2,689.2,-26.41,0.15,Same Day,Cash on Delivery,Returned,11
O05707,C0305,P1167,09-11-2023,10,8190.6,3793.61,0,Second Class,Net Banking,Returned,6
O05708,C1068,P1120,10-02-2022,3,997.84,305.09,0.05,Second Class,Debit Card,Returned,8
O05710,C0546,P1183,25-11-2022,3,492.01,68.52,0.3,First Class,Cash on Delivery,Not Returned,9
O05711,C1984,P1140,26-12-2022,8,3526.86,616.53,0.05,Same Day,Net Banking,Returned,11
O06082,C2454,P1101,06-06-2022,6,2554.51,-26.21,0.2,Standard Class,Credit Card,Returned,1
O05713,C1125,P1188,28-12-2023,7,2788.94,395.94,0.15,First Class,UPI,Returned,3
O05714,C0862,P1141,30-05-2022,4,1544.65,234.79,0.1,Same Day,UPI,Returned,5
O05715,C2041,P1079,25-05-2022,1,135.46,0.87,0.15,First Class,Cash on Delivery,Not Returned,8
O05716,C1880,P1167,07-08-2023,8,4586.74,1069.66,0.3,Standard Class,Cash on Delivery,Returned,10
O05717,C1185,P1085,05-09-2023,4,2872.69,993.2,0.05,Same Day,Debit Card,Not Returned,3
O01622,C0814,P1152,11-01-2024,8,641.92,-26.09,0.2,Same Day,Net Banking,Not Returned,12
O06778,C1525,P1024,26-03-2022,3,964.32,-26.09,0.3,First Class,UPI,Not Returned,11
O01732,C2024,P1088,01-05-2023,1,72.73,-26.06,0.15,Standard Class,UPI,Not Returned,9
O05721,C1316,P1107,25-12-2023,7,6358.8,2998.38,0.05,Same Day,Net Banking,Not Returned,4
O05722,C2446,P1147,03-12-2023,7,4170.74,1540.2,0,Standard Class,Net Banking,Not Returned,1
O06678,C0820,P1082,04-11-2023,1,426.56,-26.04,0.15,Second Class,Debit Card,Not Returned,3
O05724,C1674,P1186,27-02-2024,4,2545.52,1019.94,0,Standard Class,Net Banking,Not Returned,7
O00334,C2243,P1162,12-02-2022,1,27.33,-26.03,0,First Class,Net Banking,Not Returned,6
O05726,C1093,P1176,21-09-2022,8,3849.28,44.2,0.15,Second Class,Credit Card,Returned,7
O05727,C2118,P1164,02-10-2023,3,1930.04,714.19,0.15,First Class,Net Banking,Returned,4
O05728,C2120,P1189,22-11-2023,4,1159.87,475.66,0.05,Second Class,Net Banking,Returned,11
O06578,C1302,P1176,11-10-2023,1,452.86,-25.99,0,Same Day,UPI,Returned,5
O05730,C0731,P1052,31-05-2022,8,1699.2,553.56,0,Second Class,UPI,Not Returned,8
O03102,C0272,P1006,19-10-2023,1,23.54,-25.98,0.2,Same Day,Net Banking,Returned,7
O02092,C2075,P1035,27-12-2023,1,110.46,-25.97,0.5,First Class,Credit Card,Returned,7
O05733,C2198,P1149,17-09-2023,6,373,50.53,0.3,Second Class,Credit Card,Returned,11
O05734,C0346,P1078,22-02-2022,7,2003.61,731.82,0,First Class,Net Banking,Returned,11
O05735,C1061,P1134,23-01-2022,2,731.64,52.6,0,Standard Class,Debit Card,Returned,3
O02155,C0867,P1191,18-07-2023,1,165.96,-25.95,0.3,Second Class,Cash on Delivery,Not Returned,3
O05737,C1701,P1186,09-11-2023,5,2863.71,979.36,0.1,Same Day,Net Banking,Returned,7
O02076,C0071,P1137,10-06-2023,2,146,-25.47,0.2,Second Class,Debit Card,Not Returned,2
O05739,C0282,P1141,04-05-2022,3,1287.21,288.86,0,First Class,Credit Card,Returned,1
O05740,C1504,P1032,22-05-2024,7,3727.53,756.12,0.3,First Class,Debit Card,Not Returned,9
O05741,C0039,P1075,10-08-2023,3,2515.32,1016.34,0,First Class,UPI,Not Returned,2
O05742,C1623,P1116,07-12-2022,10,4634.91,1577.57,0.1,Same Day,Cash on Delivery,Returned,3
O05743,C0716,P1010,09-05-2024,4,2658.9,1000.62,0.05,First Class,Credit Card,Not Returned,3
O05744,C1580,P1157,24-05-2023,6,3123.2,729.8,0.3,Standard Class,Credit Card,Returned,6
O03455,C0094,P1128,16-06-2023,9,426.96,-25.33,0.2,Standard Class,Net Banking,Returned,5
O05746,C0773,P1158,24-07-2023,2,589.64,162.27,0.15,Standard Class,UPI,Returned,2
O00020,C1441,P1141,19-08-2022,1,343.26,-25.23,0.2,Same Day,Cash on Delivery,Returned,7
O05748,C2256,P1179,01-09-2023,5,400.01,40.7,0.15,Second Class,UPI,Not Returned,4
O05749,C0620,P1158,08-11-2022,10,3295.08,1167.58,0.05,First Class,Net Banking,Not Returned,8
O05335,C1352,P1144,26-08-2023,1,234.78,-25.18,0.2,Standard Class,Debit Card,Returned,5
O03088,C0697,P1022,05-02-2023,2,122.17,-25.16,0.05,Second Class,UPI,Returned,7
O05752,C0678,P1069,20-07-2022,3,1194.16,24.28,0.15,Second Class,Debit Card,Returned,2
O05753,C1784,P1052,25-02-2024,6,1345.2,492.6,0.05,Same Day,Credit Card,Returned,12
O01327,C1860,P1117,16-02-2022,1,136.16,-25.15,0.1,Standard Class,Debit Card,Not Returned,9
O05755,C1650,P1130,02-02-2023,1,793.49,342.23,0.05,First Class,Cash on Delivery,Not Returned,1
O05756,C1362,P1177,24-10-2022,8,4651.81,727.13,0.05,First Class,Net Banking,Returned,5
O05757,C1299,P1070,15-02-2024,7,2169.27,420.44,0.2,First Class,Cash on Delivery,Not Returned,1
O05438,C2143,P1117,05-11-2022,4,514.39,-25.14,0.15,First Class,Credit Card,Returned,11
O05759,C2267,P1099,08-04-2024,8,6293.81,2252.13,0.15,First Class,Credit Card,Not Returned,9
O05760,C1716,P1151,23-02-2022,9,4287.02,476.48,0.3,Second Class,Cash on Delivery,Returned,1
O06538,C0958,P1006,22-03-2024,3,88.26,-24.99,0,Standard Class,Net Banking,Not Returned,3
O06261,C0430,P1149,06-04-2024,1,71.05,-24.94,0.2,Second Class,Credit Card,Not Returned,11
O05763,C1583,P1099,26-02-2024,1,786.73,253.03,0.15,Same Day,UPI,Not Returned,8
O05764,C0083,P1151,08-03-2022,5,3062.16,961.8,0.1,Second Class,Net Banking,Not Returned,11
O05765,C1358,P1156,31-03-2023,6,851.74,22,0.1,Standard Class,UPI,Returned,1
O06619,C2210,P1115,24-01-2022,2,112.34,-24.92,0.1,First Class,Net Banking,Returned,6
O05767,C1087,P1154,02-09-2023,5,3562.69,1528.97,0.05,Standard Class,Net Banking,Not Returned,10
O05768,C1855,P1073,01-11-2023,4,1831.07,713.19,0.05,Second Class,Credit Card,Returned,9
O05769,C2406,P1116,28-04-2023,10,5149.9,2124.84,0,Standard Class,Cash on Delivery,Not Returned,9
O06511,C2279,P1033,06-09-2023,1,124.18,-24.89,0.1,Standard Class,UPI,Returned,12
O06649,C0158,P1091,25-01-2023,2,994.6,-24.84,0.15,Standard Class,Debit Card,Returned,5
O05772,C2246,P1138,15-09-2022,9,763.39,161.1,0.15,Standard Class,Cash on Delivery,Not Returned,4
O05773,C1040,P1140,01-12-2022,3,1322.57,199.39,0.05,Second Class,Credit Card,Returned,5
O05774,C2080,P1161,29-05-2024,5,3855.45,1783.67,0,Second Class,Cash on Delivery,Returned,4
O05775,C0057,P1035,18-06-2023,4,839.53,360.95,0.05,Standard Class,Debit Card,Returned,10
O05776,C2355,P1107,14-12-2022,10,7649.68,2826.68,0.2,Standard Class,Debit Card,Not Returned,2
O05777,C1439,P1089,08-10-2022,6,1786.05,457.28,0.1,Second Class,UPI,Returned,7
O05778,C2292,P1114,09-02-2022,4,582.08,215.33,0.15,Standard Class,Debit Card,Returned,10
O05779,C1297,P1185,07-10-2023,3,1148.47,308.83,0.2,Same Day,Cash on Delivery,Returned,9
O05780,C1894,P1057,14-03-2024,1,774.99,277.71,0,Same Day,UPI,Not Returned,10
O05781,C0260,P1189,26-01-2024,2,488.37,115.4,0.2,Same Day,Credit Card,Returned,1
O05782,C0642,P1153,15-05-2023,9,2767.14,1279.76,0,Second Class,Debit Card,Not Returned,8
O05785,C0854,P1039,30-01-2024,2,314.16,4.5,0.15,Second Class,Net Banking,Returned,11
O05786,C2074,P1112,12-06-2024,1,55.62,3.63,0.1,Second Class,Credit Card,Returned,11
O05787,C0459,P1088,28-04-2023,9,770.04,212.94,0,First Class,Net Banking,Not Returned,2
O05788,C2429,P1133,08-05-2024,4,1970.82,696.96,0.2,First Class,Credit Card,Returned,10
O05789,C2240,P1033,11-08-2023,7,917.57,42.7,0.05,Second Class,Net Banking,Returned,6
O02284,C1247,P1117,28-11-2023,3,385.79,-24.8,0.15,First Class,UPI,Not Returned,5
O05791,C2025,P1130,06-03-2022,8,6682,3126.93,0,Standard Class,Net Banking,Returned,1
O02949,C1071,P1179,19-12-2022,5,329.42,-24.73,0.3,Second Class,Credit Card,Not Returned,10
O05794,C1690,P1039,06-08-2023,1,166.32,0.93,0.1,Second Class,Credit Card,Not Returned,12
O05795,C0484,P1092,26-11-2023,10,2913.1,830.34,0,First Class,Credit Card,Returned,3
O05796,C0318,P1120,06-02-2024,1,350.12,110.64,0,First Class,Credit Card,Returned,11
O05797,C2219,P1003,13-10-2022,5,2502.68,255.16,0.05,First Class,Cash on Delivery,Not Returned,1
O05798,C1869,P1051,22-05-2022,2,1034.95,323.71,0.05,Standard Class,UPI,Not Returned,12
O05799,C0590,P1183,30-03-2023,9,1476.03,220.68,0.3,First Class,Debit Card,Not Returned,5
O05800,C0014,P1029,26-08-2023,4,519.36,153.2,0,Same Day,Debit Card,Returned,11
O05801,C0080,P1188,20-12-2023,6,2390.52,367.51,0.15,Second Class,UPI,Returned,8
O04691,C1002,P1062,19-07-2023,1,14.31,-24.65,0,Same Day,Cash on Delivery,Not Returned,3
O03812,C1588,P1126,04-11-2022,7,337.56,-24.62,0.3,Standard Class,UPI,Not Returned,4
O03208,C2199,P1001,25-03-2024,1,169.49,-24.53,0.1,First Class,Cash on Delivery,Not Returned,9
O05805,C0170,P1157,26-01-2024,1,520.53,,0.3,Standard Class,Cash on Delivery,Returned,12
O05806,C1280,P1052,19-11-2023,10,2006,560.78,0.15,First Class,UPI,Not Returned,1
O01466,C2005,P1062,19-05-2022,5,67.97,-24.36,0.05,Standard Class,Net Banking,Returned,7
O05808,C0706,P1125,18-01-2022,3,703.27,168.82,0.2,Same Day,Credit Card,Not Returned,4
O05809,C1394,P1172,22-02-2024,3,914.39,392.35,0.05,Same Day,Net Banking,Returned,11
O05810,C2240,P1179,04-06-2023,6,536.48,115.74,0.05,Second Class,Cash on Delivery,Not Returned,6
O05811,C2432,P1109,18-03-2024,8,844.99,139.11,0.1,First Class,UPI,Returned,10
O05812,C1846,P1066,08-10-2022,1,730.51,256.49,0.15,Standard Class,Credit Card,Returned,3
O03163,C1638,P1062,16-11-2023,6,77.27,-24.28,0.1,Same Day,Credit Card,Not Returned,2
O05814,C1568,P1110,01-02-2022,3,1650.14,157.96,0.3,Standard Class,UPI,Not Returned,2
O01022,C2109,P1035,27-04-2023,5,552.33,-24.14,0.5,Same Day,Cash on Delivery,Returned,3
O05816,C0030,P1162,12-11-2023,4,124.96,13.68,0.2,Second Class,UPI,Not Returned,9
O05817,C1319,P1099,25-05-2024,6,3887.35,839.94,0.3,Standard Class,Debit Card,Returned,7
O05818,C1177,P1008,30-01-2024,10,1924.1,719.14,0,Standard Class,Cash on Delivery,Not Returned,10
O05819,C1293,P1073,20-06-2023,2,770.98,172.94,0.2,First Class,Debit Card,Returned,12
O05820,C2105,P1152,23-07-2022,8,401.2,,0.5,Standard Class,Credit Card,Returned,4
O05173,C0378,P1022,14-03-2023,1,51.44,-24.11,0.2,Same Day,UPI,Returned,11
O05822,C1050,P1002,09-01-2024,9,4563.58,1210.27,0.2,Same Day,Debit Card,Returned,4
O05823,C1093,P1182,19-03-2022,7,1576.62,165.64,0.3,Second Class,UPI,Returned,2
O05824,C1647,P1114,28-12-2022,1,171.2,54.66,0,Same Day,UPI,Returned,9
O04546,C1248,P1080,15-11-2022,3,156.89,-24.04,0.3,Same Day,Debit Card,Returned,1
O05826,C0924,P1159,29-08-2022,3,398.52,119.68,0.2,First Class,Net Banking,Not Returned,3
O03549,C2388,P1004,14-09-2023,6,1318.84,-24.01,0.1,Same Day,Net Banking,Not Returned,3
O05828,C1934,P1138,14-01-2023,2,159.66,10.17,0.2,Same Day,Debit Card,Returned,3
O05829,C1389,P1075,23-08-2023,5,3982.59,1456.7,0.05,Second Class,Net Banking,Returned,7
O05830,C1850,P1056,29-07-2023,4,1158.73,121.11,0.1,First Class,Debit Card,Not Returned,1
O05831,C2191,P1126,10-04-2023,2,110.22,3.97,0.2,First Class,Net Banking,Not Returned,12
O05832,C1499,P1098,19-07-2022,9,2883.24,325.77,0,Standard Class,UPI,Not Returned,2
O05833,C0463,P1067,27-12-2022,8,511.36,89.6,0.2,Second Class,Credit Card,Returned,5
O05835,C0682,P1186,09-12-2023,8,4581.94,1564.96,0.1,Same Day,Net Banking,Returned,4
O05836,C0663,P1026,30-01-2023,7,1340.69,318.55,0.3,Standard Class,Credit Card,Returned,5
O05837,C0674,P1096,03-03-2024,6,1227.26,405.59,0.2,Standard Class,Debit Card,Not Returned,1
O02778,C1553,P1047,19-06-2022,1,50.46,-23.99,0.15,First Class,Credit Card,Not Returned,9
O05839,C1703,P1052,25-03-2024,6,1203.6,338.71,0.15,Standard Class,Credit Card,Not Returned,3
O05840,C2176,P1071,01-03-2024,5,922.95,193.85,0.3,Second Class,Cash on Delivery,Returned,10
O01671,C1485,P1033,03-04-2023,9,1117.64,-23.88,0.1,Same Day,Net Banking,Not Returned,6
O05842,C0180,P1189,22-08-2022,2,549.41,175.65,0.1,Same Day,Cash on Delivery,Not Returned,2
O06110,C2335,P1149,23-11-2022,2,88.81,-23.76,0.5,Second Class,UPI,Returned,1
O05844,C0393,P1052,30-08-2022,9,1911.6,632.07,0.1,Same Day,Net Banking,Returned,2
O05845,C0400,P1146,17-10-2022,6,2324,361.94,0.1,First Class,UPI,Returned,9
O05846,C0856,P1189,01-01-2023,2,610.46,240.55,0,Same Day,Net Banking,Not Returned,8
O05847,C0019,P1141,14-04-2022,9,3282.39,358.8,0.15,Second Class,Credit Card,Returned,8
O05848,C1261,P1044,04-04-2024,4,236.82,8.09,0.05,Second Class,UPI,Returned,8
O05849,C1407,P1166,12-01-2023,8,3222.52,42.46,0.15,First Class,UPI,Returned,8
O05850,C1449,P1124,06-08-2023,6,2369.51,,0.15,Second Class,Debit Card,Returned,6
O05851,C1024,P1086,25-09-2023,2,829.14,340.88,0.05,Same Day,Net Banking,Returned,1
O05852,C0625,P1066,15-07-2023,5,3652.53,1430.51,0.15,Standard Class,Cash on Delivery,Not Returned,1
O05853,C0353,P1035,04-05-2022,4,795.35,332.34,0.1,Second Class,UPI,Returned,6
O05854,C2437,P1068,22-11-2023,4,282.1,67.6,0.1,Standard Class,Debit Card,Not Returned,1
O05855,C1373,P1126,16-03-2024,9,496.01,62.71,0.2,Same Day,Credit Card,Not Returned,2
O05856,C0493,P1071,16-10-2022,10,2373.3,957.67,0.1,Second Class,Credit Card,Returned,9
O05857,C1339,P1070,02-03-2023,4,1239.58,248.5,0.2,Second Class,Credit Card,Not Returned,7
O02438,C0665,P1171,19-06-2023,2,46.77,-23.75,0.15,Standard Class,Net Banking,Not Returned,2
O00956,C2207,P1050,15-11-2023,2,38.26,-23.73,0.3,Second Class,Credit Card,Returned,4
O05860,C1708,P1110,07-01-2023,10,5500.46,611.1,0.3,First Class,Cash on Delivery,Not Returned,7
O05861,C1881,P1143,26-01-2023,6,2863.22,305.35,0.05,Same Day,Cash on Delivery,Not Returned,12
O05863,C1289,P1070,30-05-2022,2,542.32,51.32,0.3,First Class,Net Banking,Returned,12
O05864,C0891,P1173,21-01-2023,9,5589.05,1214.44,0.05,Second Class,Net Banking,Not Returned,1
O01142,C0069,P1107,18-06-2022,7,3346.74,-23.73,0.5,Second Class,UPI,Returned,9
O05866,C1261,P1163,26-12-2023,2,669.56,291.2,0,Same Day,UPI,Not Returned,11
O05867,C0720,P1159,05-07-2022,10,1328.4,455.41,0.2,Second Class,Net Banking,Not Returned,11
O06248,C1020,P1128,09-10-2022,1,59.3,-23.64,0,Second Class,Debit Card,Returned,8
O00975,C1355,P1039,26-05-2023,3,443.52,-23.53,0.2,Second Class,Cash on Delivery,Returned,7
O05870,C1881,P1179,06-09-2022,10,894.14,228.23,0.05,First Class,Cash on Delivery,Not Returned,4
O05871,C1912,P1151,09-07-2022,6,3674.59,1136.25,0.1,Second Class,Debit Card,Returned,10
O01188,C0391,P1171,20-02-2023,3,70.15,-23.5,0.15,Same Day,Credit Card,Returned,12
O05160,C1862,P1179,09-07-2022,1,80,-23.5,0,First Class,Cash on Delivery,Returned,4
O05874,C0148,P1121,09-03-2024,7,3616.76,1720.55,0,Second Class,Net Banking,Returned,3
O05875,C1245,P1167,15-07-2023,4,2620.99,856.76,0.2,Same Day,Debit Card,Returned,12
O05876,C1156,P1182,27-06-2023,6,1834.03,625.68,0.05,Same Day,Net Banking,Returned,4
O05877,C1658,P1158,17-02-2024,3,988.52,317.14,0.05,Standard Class,Credit Card,Returned,4
O05878,C2365,P1110,21-08-2022,5,3339.56,897.16,0.15,Second Class,Cash on Delivery,Not Returned,9
O02807,C0433,P1067,09-02-2024,2,111.86,-23.26,0.3,Second Class,Credit Card,Not Returned,5
O05880,C1167,P1068,16-03-2024,2,125.38,18.68,0.2,Standard Class,Credit Card,Returned,1
O05881,C0228,P1162,11-03-2024,7,232.35,30.5,0.15,Same Day,Cash on Delivery,Returned,7
O05882,C2080,P1123,08-03-2022,1,157.15,9.58,0.15,Second Class,Net Banking,Not Returned,3
O05883,C0990,P1124,21-03-2023,4,1672.6,272.87,0.1,First Class,Credit Card,Not Returned,7
O05884,C0199,P1154,26-12-2023,9,5400.29,1763.36,0.2,Second Class,UPI,Returned,12
O05885,C0877,P1070,29-07-2022,9,2789.06,567.47,0.2,Second Class,Net Banking,Not Returned,4
O05886,C0510,P1175,30-01-2022,5,3689.18,1199.79,0.05,First Class,Credit Card,Not Returned,8
O05887,C0626,P1034,30-06-2022,6,1125.47,117.19,0.15,Standard Class,Debit Card,Returned,11
O05890,C1175,P1126,04-03-2023,,458.12,114.03,0.05,Second Class,Debit Card,Not Returned,2
O00942,C1272,P1152,04-03-2022,1,85.26,-23.17,0.15,Second Class,Net Banking,Returned,5
O05892,C1165,P1155,19-08-2023,10,5806.9,1269.11,0,Same Day,Debit Card,Returned,10
O05893,C2234,P1016,23-04-2024,9,4365.09,1886.29,0.1,Standard Class,Credit Card,Returned,11
O05894,C0267,P1085,27-08-2023,9,4762.61,517.09,0.3,First Class,UPI,Not Returned,3
O02689,C0001,P1006,04-03-2024,5,102.97,-23.15,0.3,First Class,Cash on Delivery,Not Returned,5
O05896,C1141,P1077,10-11-2023,2,162.41,10.16,0.1,Standard Class,UPI,Returned,10
O05897,C0892,P1036,15-06-2022,9,4376.23,415.09,0.2,Second Class,Debit Card,Returned,5
O05898,C2308,P1186,24-08-2023,7,3786.46,1136.98,0.15,Standard Class,Net Banking,Returned,7
O05899,C1031,P1101,04-06-2022,2,1011.16,149.14,0.05,Standard Class,Net Banking,Returned,7
O05900,C0292,P1046,03-05-2023,7,3505.74,686.39,0.15,Second Class,Cash on Delivery,Not Returned,5
O05901,C2303,P1040,17-04-2023,5,1619.21,185.78,0.15,First Class,Net Banking,Returned,11
O05902,C1037,P1090,29-10-2022,2,1065.12,290.53,0.15,Standard Class,Debit Card,Returned,7
O05903,C1869,P1127,15-03-2022,2,1794.11,775.56,0.1,Second Class,UPI,Returned,3
O03898,C0859,P1156,14-08-2023,2,283.91,-23.12,0.1,Standard Class,Cash on Delivery,Returned,8
O05905,C1898,P1020,11-05-2022,1,405.41,3.57,0,First Class,UPI,Not Returned,5
O01252,C1713,P1088,13-08-2023,1,68.45,-23.07,0.2,First Class,Cash on Delivery,Not Returned,11
O05907,C1260,P1096,09-05-2023,3,613.63,171.94,0.2,Standard Class,UPI,Not Returned,7
O02042,C0303,P1084,04-03-2024,6,672.82,-22.85,0.2,First Class,Net Banking,Not Returned,9
O05909,C0162,P1100,29-09-2023,5,3281.21,827.34,0.3,First Class,Cash on Delivery,Returned,4
O05910,C0668,P1165,11-07-2022,5,2456.05,379.26,0.1,Standard Class,Net Banking,Not Returned,7
O01083,C2074,P1179,18-05-2022,1,75.3,-22.74,0.2,Second Class,Debit Card,Not Returned,12
O05912,C2016,P1028,04-12-2022,9,1483.56,612.56,0,Second Class,UPI,Not Returned,12
O05913,C1301,P1136,26-05-2023,5,2769.72,1080.98,0.15,Standard Class,Net Banking,Returned,10
O03750,C1205,P1109,19-02-2022,1,105.62,-22.65,0.1,Second Class,Debit Card,Returned,12
O05915,C1887,P1150,22-08-2023,8,4900.28,1244.86,0.15,First Class,Cash on Delivery,Returned,11
O02997,C1679,P1037,18-11-2022,2,675.07,-22.6,0.3,Second Class,UPI,Not Returned,11
O05917,C1874,P1144,03-12-2023,8,2347.84,586.04,0,Standard Class,Cash on Delivery,Not Returned,11
O05918,C1792,P1141,15-12-2023,5,1930.82,293.9,0.1,Same Day,Net Banking,Not Returned,2
O05919,C2490,P1191,26-05-2022,9,1920.35,456.76,0.1,Second Class,Debit Card,Returned,10
O01160,C1298,P1050,05-06-2023,2,54.66,-22.55,0,Same Day,Net Banking,Returned,1
O05921,C0915,P1059,14-04-2024,9,2919.7,126.54,0.15,Same Day,Cash on Delivery,Returned,8
O05922,C2333,P1047,17-10-2023,5,237.48,1.41,0.2,Standard Class,Cash on Delivery,Returned,6
O04186,C1861,P1044,11-11-2022,3,177.61,-22.43,0.05,First Class,Credit Card,Returned,1
O05092,C0171,P1062,14-11-2023,1,13.59,-22.25,0.05,Standard Class,Cash on Delivery,Returned,1
O05925,C1515,P1176,10-02-2024,10,4811.6,85.93,0.15,Second Class,Net Banking,Returned,2
O00453,C0066,P1115,07-03-2024,3,159.15,-22.15,0.15,Second Class,Net Banking,Not Returned,11
O05927,C2447,P1061,27-06-2023,5,2470.28,465.67,0.2,Same Day,Cash on Delivery,Returned,1
O05928,C2449,P1005,16-06-2023,5,865.07,267.07,0.05,Same Day,Net Banking,Not Returned,11
O05563,C0327,P1145,18-09-2023,2,35.8,-22.1,0,Standard Class,Credit Card,Not Returned,8
O05930,C1623,P1042,24-03-2022,8,1921.61,248.38,0.1,First Class,Cash on Delivery,Returned,12
O05931,C1303,P1114,21-04-2022,10,1198.4,305.36,0.3,First Class,Cash on Delivery,Not Returned,6
O05932,C1477,P1063,10-05-2023,4,105.92,10.59,0.3,First Class,Debit Card,Not Returned,9
O02635,C2258,P1050,08-04-2022,2,43.73,-21.99,0.2,Standard Class,Debit Card,Not Returned,9
O05934,C0455,P1021,27-02-2022,9,1489.77,364.3,0,Second Class,Credit Card,Not Returned,8
O05935,C1163,P1009,19-07-2023,9,3844.59,163.94,0.05,Same Day,Net Banking,Returned,4
O03050,C0997,P1123,21-10-2022,7,905.91,-21.94,0.3,Standard Class,Debit Card,Returned,10
O00645,C2381,P1033,03-09-2022,8,993.46,-21.92,0.1,First Class,UPI,Returned,4
O05938,C1976,P1024,19-11-2023,7,3053.68,774.92,0.05,Same Day,UPI,Not Returned,11
O05939,C0880,P1127,13-05-2023,10,8472.2,3452.34,0.15,First Class,UPI,Not Returned,8
O06836,C0029,P1159,23-10-2023,2,166.05,-21.91,0.5,Same Day,Credit Card,Returned,5
O05941,C0876,P1165,31-03-2022,4,2074,406.45,0.05,Standard Class,Debit Card,Returned,12
O04526,C0294,P1006,19-02-2023,10,235.36,-21.86,0.2,Second Class,Debit Card,Not Returned,1
O00081,C1116,P1137,05-02-2023,2,164.25,-21.8,0.1,Second Class,Cash on Delivery,Not Returned,11
O05944,C2230,P1150,10-03-2024,4,2882.52,1051.21,0,Standard Class,Cash on Delivery,Not Returned,2
O05945,C0927,P1045,08-06-2022,3,286.44,48.65,0.1,Second Class,Debit Card,Not Returned,4
O05111,C0834,P1171,20-01-2024,8,198.07,-21.63,0.1,Same Day,Credit Card,Not Returned,12
O05947,C0108,P1186,06-01-2023,6,3054.62,794.46,0.2,Standard Class,Debit Card,Returned,7
O05948,C0883,P1040,03-06-2023,1,323.84,19.05,0.15,First Class,Credit Card,Returned,8
O05949,C0082,P1007,03-08-2023,8,3970.01,1309.01,0.05,First Class,Net Banking,Not Returned,2
O05950,C1232,P1113,18-03-2022,9,3878.36,1553.51,0.1,Same Day,Net Banking,Not Returned,8
O05951,C1721,P1017,14-01-2022,5,1092.52,109.88,0.3,Same Day,Net Banking,Not Returned,4
O05952,C1200,P1019,31-03-2023,6,3360.29,744.94,0.2,Standard Class,Cash on Delivery,Not Returned,11
O05953,C2354,P1018,08-06-2022,8,4690.98,1338.56,0.15,First Class,Net Banking,Returned,9
O05954,C2460,P1108,14-03-2024,1,468.45,137.42,0.05,Second Class,Net Banking,Returned,1
O05957,C1979,P1013,08-11-2022,7,391.63,-21.5,0.15,Standard Class,Net Banking,Returned,12
O05956,C1385,P1076,10-04-2023,8,1970.02,132.8,0.3,Same Day,Cash on Delivery,Returned,7
O01613,C1867,P1050,01-07-2023,1,27.33,-21.35,0,Same Day,Debit Card,Not Returned,5
O05958,C1974,P1147,06-10-2022,7,3336.59,676.23,0.2,Second Class,Credit Card,Not Returned,2
O04713,C1064,P1029,30-07-2023,10,908.88,-21.35,0.3,Standard Class,UPI,Not Returned,9
O05960,C1502,P1097,20-07-2023,3,1022.21,313.66,0.2,Standard Class,Debit Card,Not Returned,7
O05873,C1598,P1047,02-10-2023,4,189.98,-21.24,0.2,Second Class,Credit Card,Not Returned,1
O05962,C1508,P1081,31-03-2022,7,1392.06,501.28,0.15,Standard Class,Debit Card,Not Returned,1
O06654,C1918,P1006,06-11-2023,4,117.68,-21.21,0,First Class,Debit Card,Not Returned,1
O05067,C2176,P1035,17-03-2022,3,331.4,-21.18,0.5,First Class,Cash on Delivery,Returned,3
O02140,C1776,P1128,30-01-2023,6,284.64,-21.07,0.2,Same Day,UPI,Not Returned,4
O05966,C0938,P1116,31-03-2023,10,4377.42,1339.87,0.15,Second Class,Net Banking,Not Returned,10
O05967,C0455,P1049,12-07-2023,10,9107.9,4231.24,0,First Class,Credit Card,Returned,9
O05968,C0630,P1132,19-02-2024,4,2756.56,1040.23,0.05,Same Day,UPI,Not Returned,2
O05969,C1211,P1111,29-07-2023,2,684.36,103.71,0.3,Second Class,Credit Card,Returned,5
O05970,C0747,P1158,21-01-2023,9,2497.32,607.34,0.2,Same Day,Net Banking,Not Returned,12
O05971,C0478,P1168,19-01-2022,4,698.69,179.05,0.2,First Class,Cash on Delivery,Returned,8
O05972,C1514,P1025,29-04-2024,8,1775.66,212.86,0.1,Standard Class,UPI,Returned,5
O05973,C0765,P1084,19-11-2022,7,834.01,8.17,0.15,Standard Class,UPI,Returned,6
O03963,C0715,P1071,04-11-2022,1,131.85,-21.04,0.5,Second Class,Cash on Delivery,Not Returned,9
O05975,C2286,P1123,02-12-2022,8,1257.18,233.43,0.15,First Class,Debit Card,Returned,12
O05976,C1269,P1143,01-11-2022,9,4068.79,228.32,0.1,First Class,Net Banking,Not Returned,4
O06442,C0072,P1000,15-04-2024,3,979.91,-20.95,0.1,Second Class,Net Banking,Not Returned,1
O05978,C0389,P1040,18-09-2023,3,1085.82,182.18,0.05,Same Day,Cash on Delivery,Not Returned,11
O05979,C0292,P1057,27-01-2022,6,5166.6,2401.38,0,Same Day,Debit Card,Returned,2
O05980,C0963,P1160,08-01-2023,6,5148.18,2530.52,0,Standard Class,Net Banking,Not Returned,11
O04086,C0359,P1182,25-07-2023,1,225.23,-20.75,0.3,First Class,Credit Card,Returned,1
O05982,C0067,P1157,21-01-2024,1,594.9,161.88,0.2,Same Day,Credit Card,Returned,8
O05983,C1111,P1160,24-05-2024,9,7336.16,3393.19,0.05,Same Day,Cash on Delivery,Not Returned,3
O05985,C0032,P1012,04-10-2022,7,3763.48,403.38,0.2,Standard Class,UPI,Returned,6
O05986,C0618,P1172,12-05-2023,9,2454.43,872.34,0,First Class,Debit Card,Not Returned,1
O04484,C2339,P1063,20-05-2022,6,113.49,-20.62,0.5,Standard Class,Net Banking,Not Returned,3
O05988,C1076,P1080,11-11-2023,4,283.9,83.75,0.05,Second Class,Credit Card,Returned,11
O05989,C1598,P1114,23-07-2022,2,325.28,115.53,0.05,Second Class,Credit Card,Returned,4
O05990,C2049,P1104,19-05-2022,7,1905.17,526.98,0.3,First Class,Net Banking,Not Returned,5
O05991,C0177,P1132,13-01-2022,8,4062.3,669.89,0.3,Same Day,Cash on Delivery,Returned,12
O05992,C1892,P1115,25-01-2023,9,477.44,10.33,0.15,First Class,Credit Card,Returned,6
O05993,C1129,P1028,12-04-2023,8,1054.98,285.73,0.2,Standard Class,Credit Card,Returned,12
O04789,C0235,P1145,09-05-2024,7,73.71,-20.57,0.5,Same Day,Net Banking,Not Returned,2
O05995,C0396,P1036,16-03-2024,6,3646.86,964.91,0,Same Day,Cash on Delivery,Not Returned,6
O05996,C1748,P1096,27-02-2023,8,1431.81,324.56,0.3,Second Class,Debit Card,Returned,7
O05997,C2277,P1020,30-08-2022,1,385.14,5.08,0.05,Same Day,Credit Card,Not Returned,1
O06000,C1187,P1034,09-10-2022,10,1986.12,307,0.1,Standard Class,Net Banking,Returned,4
O06001,C0915,P1121,31-08-2023,1,490.85,212.45,0.05,Standard Class,Credit Card,Not Returned,12
O06002,C0578,P1090,29-02-2024,4,2380.85,901.1,0.05,Standard Class,Debit Card,Returned,10
O06003,C0031,P1174,30-01-2022,6,2414.49,463.44,0.15,Same Day,Credit Card,Returned,3
O05444,C1720,P1162,02-06-2024,1,39.05,-20.55,0,Same Day,Cash on Delivery,Returned,1
O06005,C0359,P1159,15-04-2024,7,813.65,201.25,0.3,First Class,Credit Card,Not Returned,4
O06006,C2438,P1011,27-12-2022,1,197.21,5.23,0.1,Standard Class,Cash on Delivery,Not Returned,7
O05346,C0932,P1115,01-04-2022,4,224.68,-20.46,0.1,First Class,Cash on Delivery,Returned,2
O03512,C2025,P1102,18-02-2022,1,256.37,-20.42,0.2,Standard Class,Credit Card,Not Returned,5
O06010,C1726,P1073,16-04-2022,4,1349.21,205.77,0.3,First Class,UPI,Not Returned,7
O06011,C0847,P1142,06-11-2023,4,1528.03,525.15,0.2,Standard Class,Debit Card,Returned,7
O06012,C2361,P1121,18-12-2023,5,2066.72,690.89,0.2,Same Day,Debit Card,Not Returned,1
O06013,C2074,P1085,04-05-2022,4,1511.94,,0.5,First Class,Credit Card,Returned,11
O03002,C0257,P1134,14-12-2023,9,2963.14,-20.41,0.1,Second Class,Net Banking,Returned,1
O03092,C1267,P1035,07-03-2024,3,331.4,-20.39,0.5,First Class,Credit Card,Not Returned,9
O06016,C1502,P1191,09-01-2023,6,1280.23,287.41,0.1,Second Class,Debit Card,Not Returned,2
O06017,C1323,P1002,07-12-2023,8,4817.11,1824.39,0.05,Standard Class,Debit Card,Not Returned,5
O06018,C0942,P1004,19-11-2022,7,1709.61,167.19,0,First Class,Net Banking,Returned,7
O06019,C1988,P1184,29-01-2024,8,150.7,58.85,0.1,Same Day,UPI,Returned,12
O05570,C1077,P1166,17-03-2022,4,1611.26,-20.2,0.15,First Class,Net Banking,Returned,6
O01454,C0347,P1133,14-04-2022,6,1847.64,-20.11,0.5,First Class,Credit Card,Not Returned,2
O06022,C1586,P1152,30-04-2024,10,902.7,54.57,0.1,Second Class,Credit Card,Not Returned,1
O00520,C1266,P1062,11-06-2022,6,85.86,-20.08,0,First Class,Net Banking,Returned,9
O06024,C2411,P1034,31-03-2023,2,353.09,0.42,0.2,Same Day,Net Banking,Not Returned,7
O06025,C1517,P1161,22-08-2023,8,5243.41,1948.3,0.15,Same Day,Cash on Delivery,Not Returned,6
O02700,C0426,P1133,15-05-2022,7,2155.58,-20.01,0.5,First Class,Credit Card,Not Returned,5
O06961,C0636,P1104,18-07-2022,10,1944.05,-19.97,0.5,Same Day,Cash on Delivery,Returned,9
O06029,C0160,P1029,18-02-2022,10,1233.48,309.83,0.05,Second Class,Cash on Delivery,Returned,12
O06030,C1784,P1040,25-08-2023,1,323.84,19.93,0.15,First Class,UPI,Returned,3
O06031,C2187,P1045,21-01-2024,5,477.4,126.75,0.1,Standard Class,Debit Card,Returned,2
O06032,C2010,P1088,20-05-2024,6,410.69,54.02,0.2,Standard Class,Debit Card,Returned,5
O06033,C2162,P1027,20-12-2022,4,1727.55,370.38,0.2,Second Class,UPI,Not Returned,2
O06034,C1165,P1025,05-03-2024,1,234.29,26.6,0.05,Second Class,Cash on Delivery,Returned,5
O06035,C1812,P1162,10-09-2022,10,351.45,118.09,0.1,Standard Class,Net Banking,Returned,8
O05618,C0579,P1156,19-04-2022,3,402.21,-19.92,0.15,Standard Class,Net Banking,Returned,7
O06037,C0011,P1090,15-05-2022,1,595.21,187.82,0.05,Same Day,Cash on Delivery,Returned,12
O00772,C0242,P1171,30-07-2023,9,198.07,-19.77,0.2,Second Class,UPI,Returned,8
O06777,C1800,P1134,13-09-2022,7,2304.67,-19.75,0.1,First Class,Net Banking,Returned,2
O06040,C0357,P1083,04-04-2022,10,1939.68,659.65,0.1,Same Day,UPI,Not Returned,9
O03459,C0657,P1047,17-12-2023,4,189.98,-19.68,0.2,Same Day,Debit Card,Not Returned,9
O01468,C0840,P1022,09-09-2022,7,360.08,-19.67,0.2,Second Class,UPI,Not Returned,1
O05758,C0520,P1022,18-01-2024,2,115.74,-19.66,0.1,Same Day,UPI,Not Returned,6
O06045,C0871,P1164,03-02-2024,3,1589.45,333.24,0.3,Second Class,Cash on Delivery,Returned,5
O06047,C1084,P1162,23-09-2023,6,164.01,26.04,0.3,Standard Class,Cash on Delivery,Returned,1
O06048,C0694,P1164,13-05-2024,6,3860.09,1416.68,0.15,Second Class,Net Banking,Returned,1
O02707,C1466,P1001,15-06-2022,3,451.97,-19.64,0.2,First Class,Credit Card,Returned,8
O06050,C0225,P1072,18-03-2022,5,1262.25,157.5,0.1,First Class,Cash on Delivery,Returned,12
O04285,C1761,P1084,18-10-2023,2,252.31,-19.59,0.1,Standard Class,Credit Card,Not Returned,5
O06052,C1618,P1168,01-08-2023,8,1397.38,413.43,0.2,Standard Class,UPI,Not Returned,4
O06053,C0453,P1102,03-09-2023,2,640.92,125.82,0,Same Day,UPI,Not Returned,1
O06054,C1459,P1037,24-04-2023,5,1928.76,248.66,0.2,Second Class,Credit Card,Returned,2
O06055,C2122,P1164,17-02-2022,1,605.5,189.22,0.2,Second Class,UPI,Not Returned,9
O06056,C1551,P1020,08-06-2023,6,2432.46,270.19,0,Second Class,Net Banking,Not Returned,7
O06057,C1258,P1004,08-03-2023,10,2442.3,,0,Second Class,Cash on Delivery,Returned,3
O01852,C0425,P1001,08-05-2022,2,301.31,-19.51,0.2,Same Day,Debit Card,Returned,12
O06059,C0725,P1076,12-02-2024,1,316.61,59.39,0.1,Same Day,Credit Card,Returned,7
O06060,C2321,P1142,29-02-2024,10,4058.84,1543.84,0.15,Same Day,Cash on Delivery,Not Returned,2
O05274,C1856,P1063,26-11-2022,5,94.57,-19.48,0.5,Second Class,Debit Card,Returned,6
O06062,C0641,P1083,09-12-2022,7,1433.21,536.02,0.05,First Class,Cash on Delivery,Returned,7
O02061,C1721,P1101,13-04-2022,7,2980.26,-19.3,0.2,First Class,Net Banking,Returned,3
O06064,C1543,P1042,02-11-2022,9,2402.01,509.09,0,Standard Class,Debit Card,Returned,2
O06065,C1849,P1007,05-01-2023,6,3134.22,1158.11,0,First Class,Cash on Delivery,Not Returned,3
O06066,C1866,P1008,10-10-2022,6,1039.01,308,0.1,First Class,Credit Card,Not Returned,7
O06067,C1468,P1161,02-02-2024,1,771.09,323.98,0,Standard Class,Net Banking,Not Returned,12
O05202,C0496,P1115,31-01-2022,5,249.64,-19.27,0.2,Same Day,Credit Card,Not Returned,3
O06049,C1776,P1134,01-03-2023,6,1975.43,-19.23,0.1,First Class,UPI,Not Returned,5
O06071,C1402,P1014,28-08-2022,8,3913.67,492.53,0.3,Second Class,Credit Card,Not Returned,10
O06072,C1787,P1108,30-12-2023,6,2810.73,1085.46,0.05,Second Class,UPI,Returned,7
O06073,C1832,P1058,22-03-2024,3,628.1,137.2,0.2,Second Class,Debit Card,Returned,2
O06074,C2031,P1005,17-10-2023,4,692.06,185.57,0.05,First Class,UPI,Not Returned,9
O03067,C1573,P1044,21-04-2022,8,448.7,-19.08,0.1,Same Day,Net Banking,Returned,11
O06077,C2248,P1074,19-01-2023,7,996.64,197.48,0.05,Second Class,Debit Card,Returned,10
O06656,C0473,P1009,18-01-2023,6,2428.16,-18.87,0.1,First Class,Net Banking,Returned,11
O06079,C2231,P1090,14-03-2024,8,4009.86,1041.78,0.2,Standard Class,UPI,Not Returned,11
O06080,C0609,P1173,25-07-2022,3,1666.91,169.3,0.15,First Class,Debit Card,Not Returned,9
O03086,C1746,P1062,14-06-2023,1,12.88,-18.62,0.1,Second Class,Cash on Delivery,Not Returned,10
O02255,C0202,P1001,10-11-2023,2,301.31,-18.58,0.2,Standard Class,Net Banking,Not Returned,1
O06083,C2394,P1179,09-09-2022,4,320.01,28.34,0.15,Second Class,Credit Card,Not Returned,1
O06084,C0629,P1015,25-03-2024,2,1211,382.52,0.15,Standard Class,Net Banking,Returned,10
O06085,C0330,P1129,28-09-2023,4,1031.66,444.38,0.05,Second Class,UPI,Not Returned,7
O06086,C0455,P1169,18-04-2022,6,1748.52,306.03,0.1,Second Class,UPI,Not Returned,2
O06089,C2316,P1099,04-12-2023,6,4442.69,1436.29,0.2,Second Class,Credit Card,Returned,7
O02317,C1758,P1062,24-12-2023,4,51.52,-18.48,0.1,Second Class,Credit Card,Returned,9
O06091,C1311,P1005,25-11-2022,6,928.81,193.28,0.15,Second Class,UPI,Returned,3
O06092,C0124,P1055,12-06-2022,6,2818.51,155.83,0.2,Same Day,UPI,Returned,7
O02670,C0747,P1162,04-04-2024,2,70.29,-18.45,0.1,First Class,Credit Card,Not Returned,12
O06094,C0922,P1172,17-11-2023,5,1604.2,707.81,0,Standard Class,Credit Card,Not Returned,11
O06095,C0442,P1066,13-09-2023,5,4082.24,1850.8,0.05,Same Day,Debit Card,Not Returned,6
O06096,C1332,P1183,25-01-2022,10,2108.61,714.2,0.1,Same Day,Cash on Delivery,Not Returned,9
O06097,C0760,P1170,29-12-2022,7,3650.99,827.74,0,Second Class,UPI,Returned,1
O00961,C1372,P1006,20-01-2023,1,27.95,-18.31,0.05,Second Class,UPI,Returned,12
O06099,C2332,P1104,25-04-2023,2,738.74,331.08,0.05,Second Class,Credit Card,Returned,7
O06100,C1487,P1030,03-08-2022,7,5805.8,2292.77,0,First Class,UPI,Returned,6
O06101,C1362,P1153,19-06-2024,6,1844.76,862.56,0,First Class,Credit Card,Not Returned,5
O06102,C2355,P1011,17-01-2022,10,1862.52,55.96,0.15,First Class,Debit Card,Not Returned,3
O06103,C1930,P1087,23-05-2024,8,3713.47,456.22,0.1,Same Day,Debit Card,Not Returned,2
O06104,C0882,P1104,27-11-2022,10,2721.67,758.98,0.3,Same Day,Cash on Delivery,Returned,10
O06105,C2326,P1176,22-09-2023,3,1528.39,110.18,0.1,Standard Class,Cash on Delivery,Not Returned,1
O06458,C0322,P1009,21-07-2023,5,2023.47,-18.3,0.1,First Class,Cash on Delivery,Returned,11
O06107,C1452,P1159,21-04-2023,2,298.89,105.8,0.1,Same Day,Credit Card,Not Returned,10
O00476,C1498,P1067,26-05-2024,4,223.72,-18.28,0.3,Standard Class,Credit Card,Not Returned,7
O06109,C1082,P1160,27-03-2024,9,6177.82,2243.9,0.2,Same Day,Net Banking,Not Returned,11
O04510,C1811,P1101,22-06-2023,,2128.76,-17.82,0.2,First Class,Net Banking,Returned,10
O06111,C1640,P1067,07-08-2022,4,159.8,,0.5,Second Class,Credit Card,Returned,3
O06112,C1313,P1079,17-05-2022,10,1593.7,326.96,0,Second Class,Cash on Delivery,Not Returned,4
O06113,C0288,P1078,17-06-2024,9,2318.46,723.87,0.1,Standard Class,Credit Card,Not Returned,2
O06114,C1615,P1008,02-08-2022,5,769.64,172.25,0.2,Same Day,UPI,Not Returned,12
O06115,C1990,P1053,23-02-2022,8,732.87,177.69,0.05,Same Day,Net Banking,Not Returned,11
O06116,C1918,P1030,14-03-2023,3,2363.79,851.55,0.05,Standard Class,Net Banking,Returned,9
O06117,C2077,P1168,20-03-2024,1,207.42,81.88,0.05,First Class,Credit Card,Not Returned,4
O06118,C2208,P1099,29-10-2022,5,4627.8,2091.61,0,Same Day,Cash on Delivery,Returned,3
O06433,C2148,P1115,29-02-2024,2,118.58,-17.81,0.05,Standard Class,UPI,Returned,2
O01078,C2081,P1184,27-05-2023,2,39.77,-17.79,0.05,Second Class,Credit Card,Returned,4
O06121,C1387,P1055,04-12-2022,6,2994.67,332.31,0.15,Second Class,UPI,Not Returned,8
O06122,C0821,P1158,21-04-2022,5,1213.97,151.75,0.3,Same Day,Debit Card,Returned,5
O06123,C0492,P1138,06-07-2023,9,898.11,321.36,0,Second Class,Cash on Delivery,Not Returned,6
O06124,C0852,P1105,21-11-2022,9,2046.87,752.28,0.1,Same Day,UPI,Not Returned,11
O06125,C0567,P1021,12-02-2022,10,1655.3,424.71,0,Standard Class,Debit Card,Not Returned,7
O06126,C0243,P1010,05-08-2022,5,3148.7,1106.86,0.1,Second Class,Net Banking,Not Returned,2
O06015,C1614,P1029,03-12-2023,6,545.33,-17.62,0.3,First Class,Net Banking,Returned,7
O06128,C1783,P1007,26-04-2024,6,3134.22,1155.45,0,Second Class,Credit Card,Returned,8
O06129,C1303,P1151,18-09-2022,7,4763.36,1809.91,0,Same Day,Debit Card,Returned,3
O06130,C0127,P1005,04-06-2023,4,728.48,229.74,0,Same Day,Debit Card,Not Returned,1
O06131,C1780,P1023,30-01-2022,4,289.15,4.75,0.1,Standard Class,Debit Card,Not Returned,5
O06132,C2095,P1032,04-03-2024,4,2586.45,882.92,0.15,Standard Class,Cash on Delivery,Not Returned,4
O01074,C1061,P1148,15-10-2023,9,1971.86,-17.58,0.1,Standard Class,Credit Card,Returned,5
O06134,C0549,P1136,15-05-2023,10,6191.15,2817.42,0.05,Same Day,Cash on Delivery,Returned,8
O06135,C1063,P1129,21-02-2022,5,1289.58,555.24,0.05,Standard Class,UPI,Returned,9
O06136,C0085,P1042,14-04-2022,2,533.78,76.85,0,Same Day,Credit Card,Not Returned,5
O06137,C1187,P1025,01-05-2022,9,2219.58,475.26,0,Second Class,Cash on Delivery,Not Returned,1
O06138,C1377,P1139,08-05-2022,2,401,78.55,0.15,Standard Class,Net Banking,Not Returned,2
O06139,C0402,P1072,23-05-2023,10,2384.25,176.3,0.15,Same Day,Net Banking,Returned,7
O06140,C0524,P1017,17-07-2023,5,1248.6,250.98,0.2,First Class,Debit Card,Not Returned,11
O06141,C2099,P1047,07-10-2022,3,160.3,16.55,0.1,First Class,Credit Card,Not Returned,9
O06142,C0213,P1063,03-03-2023,5,170.24,62.75,0.1,Same Day,Credit Card,Returned,6
O06143,C2311,P1172,04-10-2022,6,1828.79,784.47,0.05,Second Class,UPI,Returned,3
O06144,C1746,P1169,21-07-2023,7,1813.28,116.57,0.2,First Class,Debit Card,Not Returned,7
O04167,C0796,P1179,31-03-2023,6,395.3,-17.53,0.3,Same Day,Net Banking,Returned,3
O06147,C1169,P1165,08-02-2023,6,3274.74,790.28,0,Same Day,UPI,Returned,2
O06974,C1819,P1005,27-12-2023,1,127.48,-17.49,0.3,Second Class,Debit Card,Not Returned,5
O06149,C1529,P1157,24-06-2022,5,3160.38,1188.82,0.15,Same Day,Credit Card,Returned,12
O06150,C0994,P1086,08-04-2022,3,1309.17,578.24,0,First Class,Credit Card,Not Returned,5
O06151,C1912,P1035,06-01-2024,9,1988.37,955.35,0,First Class,Debit Card,Not Returned,4
O06152,C0033,P1106,02-11-2023,9,2949.15,803.93,0.05,Standard Class,Net Banking,Returned,6
O06153,C0114,P1177,18-07-2022,6,3305.23,367.63,0.1,First Class,Net Banking,Not Returned,2
O06154,C0853,P1144,22-03-2024,1,264.13,33.27,0.1,Second Class,Credit Card,Returned,6
O06155,C1261,P1029,20-03-2023,8,1038.72,293.01,0,First Class,Cash on Delivery,Not Returned,1
O04552,C2109,P1024,10-08-2023,5,1607.2,-17.45,0.3,First Class,Cash on Delivery,Not Returned,9
O04638,C0585,P1162,27-02-2024,6,164.01,-17.45,0.3,Same Day,Cash on Delivery,Returned,5
O06158,C1112,P1012,13-04-2022,9,5141.18,797.84,0.15,First Class,Net Banking,Not Returned,3
O06159,C0146,P1079,28-04-2022,5,717.17,91.11,0.1,Standard Class,UPI,Returned,9
O03108,C0393,P1143,16-11-2023,6,2561.83,-17.38,0.15,Standard Class,UPI,Returned,6
O06161,C1241,P1012,12-12-2023,3,2016.15,530.76,0,Second Class,Cash on Delivery,Returned,12
O04610,C0770,P1013,25-03-2023,1,52.66,-17.33,0.2,Standard Class,Net Banking,Returned,11
O00840,C1120,P1143,03-07-2023,10,4269.72,-17.24,0.15,Same Day,Credit Card,Not Returned,5
O06164,C1906,P1118,17-09-2023,4,1887.2,62.73,0.2,Standard Class,Debit Card,Returned,7
O06165,C1536,P1146,26-01-2023,5,1829.07,204.85,0.15,Second Class,UPI,Returned,10
O06166,C0350,P1057,11-07-2022,3,2195.81,797.9,0.15,First Class,Net Banking,Not Returned,1
O06168,C1135,P1149,28-04-2023,5,444.05,176.15,0,First Class,Cash on Delivery,Returned,6
O06169,C0781,P1163,17-09-2022,6,1606.94,554.93,0.2,Standard Class,UPI,Returned,3
O01058,C1683,P1184,21-10-2023,8,117.21,-17.16,0.3,Second Class,Debit Card,Not Returned,4
O06171,C1719,P1002,08-10-2023,7,4214.97,1582.99,0.05,Standard Class,Credit Card,Returned,5
O06439,C1881,P1037,18-04-2022,1,337.53,-17.11,0.3,Same Day,UPI,Not Returned,8
O06173,C0082,P1012,08-03-2022,6,3830.68,909.21,0.05,Second Class,Credit Card,Returned,8
O02105,C1470,P1053,12-02-2023,1,91.61,-17.1,0.05,Second Class,Credit Card,Returned,10
O06175,C2278,P1008,29-11-2022,6,1154.46,433.49,0,Second Class,Debit Card,Not Returned,11
O06176,C1983,P1085,21-08-2022,1,529.18,38.82,0.3,First Class,Debit Card,Returned,1
O06177,C2329,P1180,13-09-2023,7,3551.03,949.63,0,Standard Class,Net Banking,Not Returned,10
O06178,C0565,P1191,07-01-2022,4,853.49,167.71,0.1,Second Class,UPI,Not Returned,6
O06179,C1983,P1087,27-07-2023,2,1031.52,204.39,0,Standard Class,UPI,Returned,3
O06180,C0044,P1069,04-01-2022,1,444.88,47.28,0.05,First Class,Debit Card,Returned,2
O06181,C2191,P1064,16-05-2023,3,2198.85,843.6,0.1,First Class,Credit Card,Not Returned,9
O06157,C0117,P1131,02-02-2024,3,605.12,-17.03,0.15,First Class,Net Banking,Not Returned,1
O06183,C1648,P1023,06-04-2024,4,289.15,44.39,0.1,Same Day,Credit Card,Returned,10
O06184,C2050,P1131,02-08-2023,6,1352.61,192.77,0.05,Same Day,UPI,Not Returned,3
O05004,C0545,P1127,20-01-2023,8,3986.92,-17,0.5,First Class,Credit Card,Returned,9
O03326,C1524,P1159,18-02-2022,1,116.24,-16.97,0.3,First Class,Net Banking,Not Returned,5
O03770,C2232,P1191,22-03-2022,7,1161.69,-16.93,0.3,Same Day,Net Banking,Not Returned,12
O06188,C0640,P1109,21-05-2023,8,751.1,53.33,0.2,Standard Class,Credit Card,Not Returned,12
O06189,C0083,P1070,06-09-2023,10,3292.64,818.79,0.15,Same Day,Cash on Delivery,Not Returned,2
O06190,C2128,P1104,28-04-2023,8,2488.38,873.4,0.2,Same Day,Cash on Delivery,Returned,10
O02086,C2307,P1162,11-01-2022,1,19.52,-16.77,0.5,First Class,Net Banking,Returned,7
O06192,C1088,P1112,09-04-2022,2,123.6,28.98,0,Standard Class,Credit Card,Returned,4
O06193,C1957,P1054,23-07-2022,2,864.46,371.26,0.05,First Class,Credit Card,Not Returned,10
O04892,C1683,P1035,31-05-2022,,220.93,-16.7,0.5,Second Class,Credit Card,Not Returned,11
O01717,C0986,P1133,08-02-2022,3,923.82,-16.49,0.5,Second Class,Credit Card,Returned,6
O06196,C1511,P1158,21-01-2022,2,554.96,90.81,0.2,Standard Class,UPI,Not Returned,11
O06197,C1568,P1133,14-08-2023,9,5265.77,2470.14,0.05,First Class,Debit Card,Returned,9
O01363,C0234,P1050,24-06-2022,3,65.59,-16.39,0.2,Same Day,UPI,Not Returned,8
O06199,C2476,P1058,30-01-2024,10,2355.39,745.55,0.1,Second Class,Debit Card,Returned,2
O06200,C0999,P1034,08-09-2023,6,1257.88,227.96,0.05,Second Class,Credit Card,Returned,6
O00415,C2247,P1171,05-05-2024,3,74.28,-16.24,0.1,Second Class,UPI,Returned,2
O06202,C0098,P1168,28-08-2022,2,349.34,72.03,0.2,Same Day,Credit Card,Returned,9
O00850,C0237,P1177,16-03-2022,8,3917.31,-16.23,0.2,First Class,Credit Card,Not Returned,7
O06205,C0015,P1056,01-02-2024,2,547.18,25.03,0.15,Standard Class,Credit Card,Returned,11
O06206,C1789,P1177,22-03-2023,,3856.1,419.49,0.1,Standard Class,Debit Card,Returned,4
O06207,C0919,P1179,13-01-2022,9,804.73,220.22,0.05,Second Class,Debit Card,Returned,7
O06208,C1140,P1014,11-03-2023,5,3144.92,996.94,0.1,Same Day,Net Banking,Not Returned,9
O06209,C0337,P1130,19-09-2023,1,584.67,125.14,0.3,First Class,Debit Card,Not Returned,6
O06210,C2034,P1005,13-05-2023,2,327.82,67.72,0.1,Second Class,Cash on Delivery,Returned,5
O06211,C0973,P1130,04-07-2023,10,5846.75,1419.85,0.3,Standard Class,Net Banking,Not Returned,11
O06455,C1942,P1171,23-03-2024,2,46.77,-16.23,0.15,Standard Class,Credit Card,Not Returned,2
O06213,C2210,P1053,03-12-2022,1,96.43,26.6,0,Standard Class,Credit Card,Not Returned,5
O05367,C0965,P1047,08-05-2023,1,53.43,-16.16,0.1,Same Day,UPI,Not Returned,2
O06215,C1144,P1085,21-08-2023,9,5783.17,1537.2,0.15,First Class,Cash on Delivery,Not Returned,4
O04642,C1791,P1131,13-03-2022,8,1518.72,-16.15,0.2,Second Class,Net Banking,Returned,6
O06217,C0520,P1154,12-03-2022,8,4800.26,1581.6,0.2,Standard Class,Debit Card,Not Returned,5
O06218,C0981,P1089,25-09-2022,8,2381.4,633.14,0.1,First Class,Cash on Delivery,Returned,12
O06219,C2260,P1075,07-04-2024,1,796.52,257.78,0.05,Standard Class,Net Banking,Not Returned,12
O06220,C1786,P1005,14-06-2024,2,309.6,46.64,0.15,First Class,UPI,Returned,6
O06221,C0521,P1188,02-07-2022,6,2390.52,362.32,0.15,Standard Class,UPI,Not Returned,6
O06222,C2016,P1008,15-01-2024,5,913.95,301.15,0.05,Standard Class,Credit Card,Not Returned,3
O06223,C1993,P1179,01-11-2023,4,338.83,56.49,0.1,First Class,Debit Card,Not Returned,12
O06224,C1005,P1032,25-12-2022,8,5781.47,2372.74,0.05,First Class,Cash on Delivery,Not Returned,8
O06225,C0940,P1141,28-04-2023,8,3432.56,849.23,0,Second Class,UPI,Returned,12
O06226,C0819,P1126,06-08-2022,8,551.12,176.66,0,Second Class,UPI,Not Returned,10
O06227,C1691,P1161,05-05-2023,5,2698.82,618.57,0.3,First Class,Net Banking,Not Returned,11
O06228,C0001,P1026,04-03-2022,6,1641.66,774.92,0,Second Class,UPI,Not Returned,2
O06229,C1337,P1001,17-02-2024,6,1129.92,234.97,0,Standard Class,Cash on Delivery,Not Returned,5
O04154,C1349,P1094,11-04-2022,3,325.9,-16.14,0.3,Second Class,UPI,Not Returned,2
O04750,C0033,P1177,03-05-2024,8,3917.31,-16.1,0.2,Standard Class,UPI,Not Returned,10
O06232,C0293,P1127,18-05-2024,10,9468.94,4433.18,0.05,Same Day,UPI,Not Returned,2
O06090,C1121,P1053,15-10-2022,1,67.5,-16.03,0.3,Same Day,Net Banking,Returned,12
O06234,C0416,P1116,30-12-2022,4,1441.97,223.51,0.3,First Class,Debit Card,Returned,7
O06235,C0943,P1040,21-05-2022,6,1943.05,225.94,0.15,Standard Class,Net Banking,Returned,9
O06236,C0117,P1142,27-01-2023,3,1289.28,522,0.1,Same Day,Credit Card,Not Returned,12
O06503,C0385,P1074,27-12-2023,1,104.91,-15.79,0.3,Same Day,Cash on Delivery,Not Returned,2
O06238,C1861,P1060,05-01-2022,4,1946.3,367.8,0.2,Standard Class,UPI,Returned,7
O06239,C1034,P1012,16-12-2022,6,3830.68,920.39,0.05,First Class,Credit Card,Returned,1
O06240,C0202,P1128,01-11-2023,10,563.35,74.22,0.05,First Class,UPI,Returned,6
O02282,C1447,P1162,26-06-2022,2,78.1,-15.74,0,Same Day,Debit Card,Not Returned,11
O04973,C0899,P1103,04-08-2023,1,238.06,-15.72,0,Second Class,Credit Card,Returned,5
O06243,C2078,P1138,25-06-2023,10,848.22,209.67,0.15,Second Class,Net Banking,Not Returned,10
O06244,C0643,P1099,04-02-2022,10,8792.82,3753.89,0.05,Second Class,Debit Card,Not Returned,5
O04612,C1075,P1117,06-04-2022,9,1157.37,-15.6,0.15,Second Class,Credit Card,Not Returned,4
O05802,C2294,P1062,16-07-2022,10,114.48,-15.59,0.2,Same Day,Debit Card,Returned,7
O01658,C0393,P1006,03-08-2022,3,70.61,-15.48,0.2,Standard Class,Net Banking,Returned,6
O06249,C1293,P1033,24-09-2023,7,965.86,75.33,0,Second Class,Cash on Delivery,Not Returned,5
O06250,C0229,P1043,01-02-2022,1,699.66,174.91,0.1,Same Day,Net Banking,Not Returned,8
O06251,C1648,P1055,17-12-2023,9,4492,525.98,0,Second Class,Credit Card,Not Returned,10
O06252,C1013,P1095,05-11-2023,5,1463.6,360.4,0,Standard Class,Debit Card,Returned,10
O02792,C1349,P1156,06-02-2023,5,670.35,-15.39,0.15,Standard Class,Cash on Delivery,Not Returned,4
O02050,C0841,P1098,20-03-2024,4,1153.3,-15.26,0.1,First Class,Cash on Delivery,Not Returned,1
O06255,C0736,P1102,21-02-2023,4,1153.66,116.85,0.1,Second Class,Cash on Delivery,Not Returned,5
O06256,C0203,P1019,26-04-2022,5,3500.3,1327.79,0,Standard Class,Credit Card,Returned,2
O06257,C0665,P1069,25-02-2023,10,4683,780.99,0,Second Class,Cash on Delivery,Not Returned,6
O06258,C2326,P1077,04-06-2023,2,171.44,0.26,0.05,Standard Class,Debit Card,Returned,1
O06259,C1035,P1181,30-01-2022,10,4072.1,979.12,0.15,Standard Class,Net Banking,Not Returned,4
O06260,C1065,P1097,12-12-2022,2,681.47,185.18,0.2,Second Class,Debit Card,Not Returned,11
O06303,C1313,P1039,04-04-2023,2,295.68,-15.11,0.2,Second Class,Debit Card,Returned,4
O06262,C2000,P1045,02-12-2022,4,403.14,104.91,0.05,First Class,Credit Card,Returned,12
O06263,C1889,P1140,28-11-2022,9,3341.23,80.66,0.2,Same Day,Cash on Delivery,Returned,7
O06264,C2401,P1090,20-07-2023,7,3947.2,1337.53,0.1,Same Day,Cash on Delivery,Returned,7
O06265,C0436,P1157,23-04-2022,9,6023.32,2455.79,0.1,Second Class,Net Banking,Returned,7
O02843,C0405,P1149,21-04-2023,4,177.62,-14.95,0.5,Standard Class,Cash on Delivery,Returned,5
O06267,C0273,P1049,03-10-2023,6,5464.74,2529.72,0,Same Day,UPI,Not Returned,6
O06268,C0344,P1190,19-08-2022,1,397.58,16.18,0.2,Standard Class,Debit Card,Returned,2
O06270,C0542,P1141,07-01-2024,5,1930.82,299.24,0.1,Same Day,Credit Card,Not Returned,6
O06271,C0628,P1157,27-05-2022,2,1189.79,378.18,0.2,First Class,Cash on Delivery,Returned,5
O06272,C2441,P1042,08-12-2023,8,1814.85,139.1,0.15,Same Day,Credit Card,Returned,1
O06273,C1804,P1181,29-03-2022,6,2874.42,1021.73,0,Same Day,Net Banking,Not Returned,8
O04848,C1964,P1152,12-11-2023,9,767.3,-14.8,0.15,Standard Class,Cash on Delivery,Not Returned,9
O06275,C2499,P1053,11-01-2024,8,617.15,56.36,0.2,Same Day,Net Banking,Returned,2
O06276,C2365,P1163,27-07-2022,7,2226.29,975.51,0.05,Same Day,Credit Card,Returned,9
O06277,C1358,P1116,06-11-2023,8,2883.94,440.06,0.3,Second Class,Net Banking,Returned,8
O06278,C0584,P1102,09-03-2024,6,1922.76,420.25,0,Standard Class,Net Banking,Returned,4
O06279,C2400,P1070,03-05-2023,9,2789.06,557,0.2,Standard Class,Net Banking,Not Returned,6
O06280,C0751,P1014,28-03-2022,4,2236.38,520.75,0.2,Same Day,Credit Card,Not Returned,1
O06281,C2478,P1162,07-12-2023,7,218.68,40.67,0.2,First Class,Net Banking,Not Returned,1
O05243,C2076,P1022,05-03-2024,7,360.08,-14.57,0.2,Standard Class,Debit Card,Not Returned,6
O06284,C1216,P1109,02-05-2024,4,422.5,52.1,0.1,First Class,Credit Card,Returned,10
O06285,C0461,P1008,24-05-2023,6,1039.01,304.67,0.1,Same Day,Net Banking,Not Returned,12
O06286,C1125,P1058,08-02-2023,5,1046.84,235.21,0.2,Same Day,UPI,Returned,9
O06287,C1855,P1102,28-07-2022,1,288.41,22.66,0.1,Standard Class,UPI,Returned,7
O06288,C0227,P1055,10-01-2024,8,4697.52,1143.6,0,First Class,Debit Card,Returned,1
O02851,C1519,P1109,23-03-2022,1,93.89,-14.56,0.2,Standard Class,Net Banking,Not Returned,7
O06290,C0485,P1084,02-03-2022,2,266.32,22.32,0.05,Standard Class,Cash on Delivery,Returned,9
O03684,C2494,P1013,29-12-2023,6,335.68,-14.52,0.15,Same Day,UPI,Returned,6
O03790,C2252,P1143,15-09-2022,3,1280.92,-14.49,0,Second Class,Cash on Delivery,Not Returned,6
O03312,C1782,P1171,06-12-2023,7,163.68,-14.48,0.15,Second Class,Debit Card,Returned,5
O06884,C0769,P1184,02-04-2022,3,50.23,-14.47,0.2,Standard Class,Net Banking,Not Returned,5
O06295,C1194,P1146,15-04-2022,1,408.85,38.74,0.05,Standard Class,Cash on Delivery,Not Returned,12
O06296,C2400,P1045,14-07-2022,5,450.88,106.66,0.15,Standard Class,Cash on Delivery,Not Returned,11
O06297,C1247,P1119,12-02-2024,1,424.49,115.03,0.15,First Class,UPI,Not Returned,7
O06298,C2416,P1017,18-04-2023,4,1123.74,323.74,0.1,First Class,Debit Card,Not Returned,7
O03876,C2416,P1162,26-08-2022,1,31.24,-14.41,0.2,Second Class,UPI,Not Returned,7
O02141,C2007,P1106,25-01-2022,4,965.8,-14.4,0.3,Standard Class,UPI,Returned,5
O06301,C0636,P1138,20-11-2023,2,169.64,32.55,0.15,First Class,UPI,Returned,9
O06302,C2091,P1066,16-01-2022,3,2062.61,,0.2,Second Class,Cash on Delivery,Returned,1
O04531,C0662,P1037,16-05-2022,4,1350.13,-14.37,0.3,Second Class,UPI,Not Returned,12
O06304,C2265,P1056,01-01-2022,10,3218.7,641.74,0,Same Day,Credit Card,Not Returned,1
O06305,C1250,P1089,24-11-2023,4,1190.7,301.35,0.1,Second Class,UPI,Returned,5
O06306,C2369,P1079,27-08-2023,5,677.32,28.36,0.15,Same Day,Debit Card,Returned,3
O06307,C2157,P1021,16-01-2024,6,844.2,,0.15,First Class,Debit Card,Returned,9
O00803,C1380,P1159,21-06-2023,1,116.24,-14.3,0.3,Standard Class,Debit Card,Not Returned,4
O02138,C2317,P1004,18-01-2022,3,659.42,-14.23,0.1,Standard Class,Cash on Delivery,Not Returned,12
O06310,C1497,P1170,02-02-2023,5,2216.67,176.46,0.15,First Class,Credit Card,Returned,9
O06311,C2401,P1072,25-12-2023,5,1262.25,131.23,0.1,First Class,Net Banking,Returned,5
O06312,C0230,P1002,17-03-2023,8,5070.64,2062.07,0,Same Day,UPI,Returned,9
O06313,C1349,P1089,24-09-2022,7,1852.2,306.69,0.2,First Class,Net Banking,Not Returned,2
O00405,C0565,P1034,13-12-2022,2,353.09,-14.18,0.2,Same Day,Credit Card,Not Returned,6
O06315,C1552,P1078,29-03-2022,6,1202.17,107.55,0.3,Same Day,Cash on Delivery,Returned,3
O06316,C2042,P1013,14-07-2023,10,658.2,96.06,0,First Class,Cash on Delivery,Returned,11
O06317,C1938,P1080,23-11-2023,10,709.74,233.7,0.05,Same Day,UPI,Returned,9
O06318,C1175,P1086,01-05-2024,4,1571,577.47,0.1,Same Day,UPI,Not Returned,11
O06319,C0486,P1003,23-01-2022,1,526.88,50.76,0,Standard Class,Net Banking,Not Returned,2
O06321,C1495,P1121,10-05-2023,3,1317.53,469.56,0.15,Second Class,Debit Card,Returned,11
O06322,C0068,P1103,21-06-2022,8,1714.03,36.37,0.1,Second Class,Debit Card,Returned,1
O06323,C0901,P1157,18-09-2022,2,1264.15,451.81,0.15,First Class,Net Banking,Not Returned,2
O02688,C1485,P1088,17-06-2022,2,119.78,-14.14,0.3,Second Class,Debit Card,Returned,9
O06021,C1882,P1156,05-04-2024,9,1206.63,-14.14,0,Standard Class,Debit Card,Not Returned,9
O06326,C2212,P1027,11-10-2022,3,1376.64,385.62,0.15,Same Day,Cash on Delivery,Returned,1
O06327,C0412,P1099,02-11-2022,4,2961.79,918.56,0.2,First Class,Credit Card,Returned,2
O06328,C1035,P1083,28-05-2022,8,1551.74,501.32,0.1,First Class,Net Banking,Returned,4
O00193,C1725,P1123,26-05-2022,6,776.5,-14.13,0.3,First Class,Debit Card,Not Returned,5
O06330,C1129,P1163,25-09-2023,1,284.56,66.8,0.15,Same Day,Credit Card,Not Returned,2
O06331,C2187,P1162,02-12-2022,4,156.2,58.44,0,Second Class,Debit Card,Returned,2
O06332,C0752,P1133,14-07-2023,2,1170.17,541.47,0.05,Second Class,Cash on Delivery,Returned,5
O06333,C2405,P1111,25-04-2023,6,2639.68,940.98,0.1,Second Class,Credit Card,Returned,2
O06334,C1088,P1089,03-01-2023,3,893.02,208.85,0.1,First Class,Debit Card,Returned,12
O06335,C0271,P1060,23-04-2023,10,5778.09,1928.97,0.05,Standard Class,Cash on Delivery,Not Returned,12
O00220,C2336,P1006,30-07-2023,2,47.07,-14.13,0.2,Standard Class,Cash on Delivery,Not Returned,3
O06337,C0650,P1151,21-04-2023,2,952.67,67.4,0.3,First Class,Credit Card,Not Returned,7
O00741,C0546,P1079,13-04-2022,3,382.49,-14.12,0.2,Same Day,Cash on Delivery,Not Returned,8
O06339,C0216,P1090,23-03-2024,6,3383.32,1156.37,0.1,Standard Class,Debit Card,Returned,4
O06340,C0535,P1037,31-10-2022,1,482.19,128.21,0,Second Class,Net Banking,Returned,11
O05754,C0053,P1187,11-04-2022,3,591.81,-14.11,0.1,Same Day,Net Banking,Returned,10
O06342,C2282,P1074,20-11-2022,8,959.17,53.52,0.2,First Class,Net Banking,Not Returned,6
O06343,C1907,P1141,10-01-2022,3,1222.85,221.48,0.05,Standard Class,UPI,Returned,4
O06344,C2331,P1151,21-02-2022,3,1633.15,371.05,0.2,Second Class,Debit Card,Returned,11
O06345,C2233,P1161,04-06-2022,6,3238.58,767.1,0.3,First Class,UPI,Returned,1
O06346,C2223,P1048,01-01-2022,9,5652.79,1124.85,0.2,Same Day,Debit Card,Returned,6
O03663,C1820,P1074,01-08-2023,1,134.88,-13.82,0.1,Same Day,Cash on Delivery,Returned,9
O06348,C0588,P1078,06-04-2024,7,1602.89,341.6,0.2,Same Day,Debit Card,Not Returned,3
O06349,C0717,P1104,26-09-2023,3,1049.79,430.36,0.1,Second Class,Cash on Delivery,Returned,7
O06350,C0385,P1031,06-08-2023,1,485.52,177.41,0,Standard Class,UPI,Not Returned,3
O06351,C1794,P1106,09-04-2024,10,3104.37,767.52,0.1,Same Day,Net Banking,Not Returned,4
O01490,C0131,P1162,13-03-2023,6,164.01,-13.81,0.3,First Class,Credit Card,Not Returned,2
O06353,C1962,P1167,08-01-2024,3,1720.03,389.43,0,First Class,UPI,Returned,3
O06354,C0452,P1175,29-10-2023,8,5592.02,1620.18,0.1,First Class,Credit Card,Returned,6
O06542,C1554,P1006,02-03-2023,1,20.59,-13.81,0.3,Standard Class,Net Banking,Returned,3
O06356,C1408,P1066,31-07-2022,7,5414.35,2283.84,0.1,Second Class,Cash on Delivery,Not Returned,11
O06357,C1658,P1168,29-09-2023,7,1528.38,654.13,0,Standard Class,UPI,Returned,11
O06358,C1587,P1163,15-11-2022,1,267.82,67.58,0.2,Same Day,Debit Card,Returned,1
O06359,C1371,P1066,29-06-2023,4,3437.68,1644.34,0,First Class,Credit Card,Returned,1
O06360,C0294,P1120,10-05-2022,9,2205.76,245.01,0.3,Same Day,UPI,Returned,6
O06361,C2281,P1117,05-06-2023,7,1006.08,102.95,0.05,Standard Class,Cash on Delivery,Not Returned,3
O06362,C2336,P1085,28-05-2023,8,5745.37,1985.43,0.05,Same Day,Debit Card,Not Returned,12
O06363,C0095,P1141,08-02-2024,1,343.26,1.24,0.2,Second Class,Net Banking,Returned,7
O06364,C1776,P1170,21-03-2023,1,443.33,23.36,0.15,Same Day,Net Banking,Returned,9
O01969,C1406,P1115,12-02-2022,8,399.42,-13.67,0.2,Same Day,Net Banking,Not Returned,8
O06366,C0085,P1097,06-07-2023,1,383.33,143.62,0.1,Same Day,Net Banking,Returned,12
O06367,C2263,P1191,02-01-2023,5,1185.4,332.08,0,Same Day,Credit Card,Not Returned,10
O06368,C1508,P1181,06-04-2024,7,2850.47,658.46,0.15,First Class,Debit Card,Not Returned,2
O06369,C1810,P1085,14-09-2023,5,3212.87,824.82,0.15,First Class,Credit Card,Returned,2
O06370,C2151,P1092,31-08-2022,9,2097.43,187.58,0.2,Standard Class,Debit Card,Not Returned,6
O06371,C1580,P1017,25-08-2022,5,1248.6,256.81,0.2,Standard Class,Net Banking,Not Returned,3
O06372,C1114,P1072,06-11-2023,6,1683,350.86,0,Same Day,UPI,Not Returned,11
O04659,C1446,P1107,18-08-2022,3,1434.32,-13.66,0.5,Second Class,Debit Card,Returned,2
O06374,C2336,P1033,27-04-2023,10,1310.81,71.2,0.05,Standard Class,Debit Card,Not Returned,2
O06376,C2438,P1133,23-06-2023,7,4095.6,1884.76,0.05,Same Day,Cash on Delivery,Returned,5
O00178,C2452,P1114,19-11-2023,1,119.84,-13.59,0.3,First Class,UPI,Returned,8
O06378,C0453,P1117,04-06-2024,9,1157.37,23.83,0.15,Standard Class,UPI,Returned,7
O06379,C2143,P1188,07-03-2024,1,398.42,26.75,0.15,Same Day,Net Banking,Not Returned,11
O06380,C1398,P1130,18-12-2022,,4969.74,1872.49,0.15,Standard Class,UPI,Returned,1
O06381,C0845,P1097,05-06-2022,1,425.92,,0,Standard Class,UPI,Returned,7
O06382,C2035,P1121,05-01-2022,9,3720.1,1298.06,0.2,Second Class,Credit Card,Returned,7
O06383,C2062,P1085,24-12-2022,7,5027.2,1711.72,0.05,Standard Class,Net Banking,Not Returned,3
O06385,C0870,P1058,12-06-2024,7,1648.77,507.26,0.1,Standard Class,Cash on Delivery,Returned,12
O06386,C0137,P1129,17-12-2022,8,2171.92,1041.73,0,Same Day,Net Banking,Returned,2
O06387,C2008,P1070,01-08-2023,5,1355.79,121.69,0.3,First Class,Net Banking,Returned,7
O06388,C2016,P1016,17-01-2024,10,3772.3,1029.75,0.3,Same Day,Cash on Delivery,Returned,5
O06389,C2458,P1080,31-01-2022,2,134.48,25.12,0.1,Standard Class,Debit Card,Returned,2
O06390,C1981,P1084,14-04-2023,8,1065.29,111.61,0.05,Same Day,UPI,Returned,2
O01224,C1228,P1109,15-06-2022,2,164.3,-13.43,0.3,Standard Class,Net Banking,Not Returned,7
O06392,C2116,P1138,13-09-2022,5,474,141.11,0.05,First Class,Credit Card,Returned,12
O06393,C1197,P1173,23-08-2023,7,4118.25,698.73,0.1,Standard Class,Cash on Delivery,Returned,12
O06394,C2177,P1025,13-09-2023,10,1972.96,39.8,0.2,First Class,Debit Card,Not Returned,4
O06395,C2417,P1005,15-12-2023,1,145.7,12.98,0.2,Standard Class,Cash on Delivery,Returned,4
O03338,C0643,P1001,18-07-2023,2,301.31,-13.36,0.2,Standard Class,Credit Card,Returned,1
O06397,C1893,P1077,22-09-2022,10,857.18,142.71,0,First Class,Debit Card,Not Returned,4
O06398,C1392,P1041,09-06-2022,9,4072.61,1360.77,0.2,Standard Class,Cash on Delivery,Not Returned,8
O06399,C0185,P1064,28-05-2022,5,3868.35,1616.05,0.05,Same Day,Net Banking,Returned,8
O06400,C1596,P1168,16-02-2022,10,1746.72,517.5,0.2,Second Class,Cash on Delivery,Returned,4
O06401,C0796,P1123,10-08-2022,9,1414.33,233.27,0.15,Second Class,Net Banking,Returned,9
O06402,C2108,P1026,22-10-2022,6,1149.16,267.41,0.3,First Class,Debit Card,Not Returned,6
O06403,C1353,P1046,29-06-2023,9,3711.96,103.22,0.3,Same Day,Debit Card,Not Returned,2
O06404,C1203,P1084,19-04-2023,2,252.31,9.34,0.1,Standard Class,UPI,Returned,4
O06405,C0868,P1042,07-11-2023,1,266.89,45.14,0,Second Class,Cash on Delivery,Not Returned,4
O06406,C2384,P1012,27-03-2024,3,1814.54,344.35,0.1,Second Class,Net Banking,Returned,12
O06407,C1200,P1147,07-11-2022,1,566.03,160.48,0.05,Second Class,Cash on Delivery,Returned,5
O06408,C1659,P1041,13-06-2024,7,2771.64,686.96,0.3,Standard Class,Credit Card,Not Returned,3
O02897,C0995,P1115,09-05-2023,8,399.42,-13.27,0.2,Second Class,UPI,Not Returned,4
O06410,C1182,P1048,08-04-2023,5,3140.44,634.03,0.2,Second Class,Debit Card,Returned,8
O06411,C0634,P1169,10-12-2022,3,825.69,101.25,0.15,Second Class,Cash on Delivery,Not Returned,12
O06412,C0407,P1015,24-02-2024,5,2493.22,449.71,0.3,Standard Class,Credit Card,Not Returned,1
O01376,C1044,P1088,15-01-2023,3,205.34,-13.15,0.2,First Class,Cash on Delivery,Returned,9
O06414,C2488,P1190,03-07-2022,4,1789.13,332.85,0.1,First Class,Credit Card,Not Returned,2
O06415,C0942,P1125,18-05-2024,8,2109.82,781.62,0.1,Second Class,Cash on Delivery,Not Returned,1
O06416,C1261,P1008,11-08-2022,1,182.79,56.72,0.05,Second Class,Credit Card,Returned,4
O06417,C1764,P1081,31-03-2023,10,1637.72,388.2,0.3,First Class,UPI,Returned,3
O06420,C1824,P1042,29-08-2022,10,2135.12,66,0.2,First Class,UPI,Returned,9
O04479,C2397,P1137,22-05-2022,3,260.06,-13.12,0.05,Second Class,Net Banking,Returned,3
O06423,C1142,P1070,08-04-2023,6,2091.8,628.38,0.1,First Class,Debit Card,Returned,11
O06424,C2084,P1136,03-07-2023,6,2737.14,721.38,0.3,First Class,Net Banking,Not Returned,12
O06425,C0498,P1038,26-05-2024,1,485.2,8.74,0.3,Second Class,Credit Card,Returned,11
O06551,C0029,P1171,08-06-2024,6,148.55,-13.08,0.1,First Class,Debit Card,Not Returned,10
O06427,C0335,P1012,23-04-2024,8,4301.12,444.8,0.2,Second Class,Debit Card,Returned,1
O06428,C0851,P1073,11-04-2023,2,770.98,192.68,0.2,Same Day,Net Banking,Returned,1
O06014,C2045,P1115,19-05-2022,6,299.57,-12.86,0.2,Same Day,Cash on Delivery,Returned,4
O06430,C1653,P1065,18-05-2024,9,1666.08,190.21,0,Standard Class,Net Banking,Returned,2
O06431,C0174,P1046,03-07-2023,5,2356.8,343.19,0.2,Standard Class,Debit Card,Returned,1
O06432,C1071,P1144,18-02-2023,10,2788.06,567.34,0.05,Standard Class,Debit Card,Returned,9
O03276,C0807,P1029,26-05-2022,1,110.36,-12.83,0.15,Second Class,Credit Card,Not Returned,12
O06434,C0193,P1031,11-05-2024,6,2476.15,732.17,0.15,Standard Class,UPI,Not Returned,9
O06435,C0014,P1042,14-09-2023,6,1441.21,181.42,0.1,Second Class,Cash on Delivery,Returned,3
O06436,C1623,P1156,20-10-2022,5,788.65,117.62,0,First Class,Net Banking,Returned,6
O06437,C1376,P1044,03-11-2022,10,623.2,71.47,0,Standard Class,Net Banking,Returned,12
O06438,C0715,P1076,11-04-2022,1,316.61,78.5,0.1,First Class,UPI,Returned,2
O03439,C0182,P1062,27-01-2024,5,50.08,-12.83,0.3,Same Day,Debit Card,Not Returned,3
O06440,C1872,P1126,16-03-2023,8,523.56,115.32,0.05,Same Day,Credit Card,Not Returned,10
O06441,C1898,P1163,04-01-2023,6,1908.25,823.47,0.05,Standard Class,Cash on Delivery,Returned,8
O03334,C1951,P1117,26-02-2023,1,136.16,-12.66,0.1,Standard Class,Credit Card,Not Returned,4
O06443,C0539,P1175,08-05-2022,2,1398.01,386.57,0.1,Second Class,Net Banking,Not Returned,12
O06444,C1683,P1098,03-05-2023,7,2018.27,11.21,0.1,Second Class,Net Banking,Returned,4
O03537,C1750,P1088,23-05-2024,1,68.45,-12.64,0.2,Same Day,Cash on Delivery,Returned,10
O02554,C1600,P1077,09-06-2023,1,72.18,-12.58,0.2,Same Day,Debit Card,Not Returned,5
O05107,C0878,P1115,04-07-2022,7,349.5,-12.46,0.2,First Class,UPI,Returned,10
O06448,C0673,P1075,27-05-2024,5,3772.98,1264.01,0.1,Standard Class,Debit Card,Returned,8
O06449,C1259,P1172,03-12-2022,5,1523.99,624.24,0.05,First Class,Debit Card,Returned,8
O00279,C1621,P1179,01-10-2023,3,225.89,-12.44,0.2,Second Class,Credit Card,Returned,9
O01545,C1062,P1149,22-08-2022,1,79.93,-12.41,0.1,Second Class,Credit Card,Returned,7
O06452,C1099,P1100,02-10-2022,8,6374.93,2447.38,0.15,Second Class,UPI,Returned,11
O06453,C2239,P1045,25-08-2022,10,1007.86,344.47,0.05,First Class,Net Banking,Returned,3
O06454,C0314,P1167,10-03-2022,7,4013.39,924.54,0.3,First Class,Net Banking,Not Returned,4
O03776,C0230,P1087,28-03-2024,1,438.4,-12.41,0.15,Same Day,Cash on Delivery,Not Returned,1
O03365,C1875,P1005,19-03-2022,1,145.7,-12.4,0.2,Standard Class,UPI,Returned,7
O06457,C0583,P1083,21-04-2022,2,344.83,71.47,0.2,Second Class,UPI,Not Returned,7
O04505,C1121,P1022,10-03-2023,4,218.62,-12.22,0.15,Same Day,Debit Card,Returned,12
O06459,C0423,P1023,22-10-2023,9,614.45,59.76,0.15,Standard Class,Cash on Delivery,Returned,11
O06460,C1016,P1068,13-05-2022,10,783.6,305.94,0,Second Class,UPI,Returned,12
O06461,C2371,P1135,22-01-2023,7,3933.93,1017.82,0,Second Class,UPI,Returned,1
O06462,C0644,P1012,02-03-2022,10,5376.4,544,0.2,Second Class,Credit Card,Not Returned,3
O06463,C1756,P1008,25-01-2024,9,1385.35,287.28,0.2,Same Day,Net Banking,Returned,10
O06464,C0081,P1010,20-03-2023,7,4408.17,1562.04,0,Same Day,Net Banking,Returned,4
O06120,C0250,P1184,30-01-2022,2,35.58,-12.22,0.15,Same Day,UPI,Not Returned,10
O06466,C2084,P1072,28-07-2022,10,2805,600.62,0,Second Class,Cash on Delivery,Returned,11
O06467,C2134,P1174,23-01-2023,8,3408.7,779.01,0.1,Second Class,Credit Card,Returned,12
O06468,C1528,P1060,06-12-2023,5,2584.94,632.18,0.15,Standard Class,Net Banking,Not Returned,9
O06469,C1274,P1187,08-06-2024,9,1874.07,160.32,0.05,Same Day,Credit Card,Returned,8
O00588,C2190,P1044,06-01-2022,3,177.61,-12.21,0.05,First Class,UPI,Returned,10
O06473,C0300,P1048,30-09-2022,4,2198.31,176.87,0.3,Second Class,UPI,Returned,10
O03786,C1894,P1080,26-08-2023,1,74.71,-12.21,0,First Class,Cash on Delivery,Not Returned,3
O06475,C0344,P1121,02-12-2023,4,1446.7,364.39,0.3,First Class,Net Banking,Not Returned,11
O06476,C1153,P1092,20-01-2022,1,276.74,53.64,0.05,Standard Class,Debit Card,Returned,8
O06477,C2323,P1020,30-03-2024,7,2554.08,60.7,0.1,First Class,Net Banking,Returned,12
O06478,C0096,P1002,27-08-2022,10,4436.81,704.46,0.3,Standard Class,Cash on Delivery,Not Returned,12
O06479,C2155,P1112,21-01-2023,6,259.56,4.67,0.3,Same Day,UPI,Returned,4
O06480,C0332,P1172,23-03-2023,7,2133.59,887.9,0.05,Same Day,UPI,Not Returned,2
O06481,C1531,P1164,09-06-2024,10,6055.04,1981.13,0.2,Same Day,UPI,Not Returned,7
O06482,C2193,P1038,01-10-2022,10,5545.12,915.51,0.2,Same Day,Credit Card,Not Returned,3
O05209,C1772,P1079,04-01-2024,2,270.93,-12.2,0.15,Same Day,UPI,Returned,1
O06484,C0096,P1057,26-03-2023,8,4822.16,1156.79,0.3,Same Day,Net Banking,Returned,5
O06485,C0518,P1085,30-06-2023,4,2570.3,679.26,0.15,First Class,Cash on Delivery,Returned,9
O06486,C1587,P1018,08-12-2023,9,4346.06,,0.3,Second Class,Cash on Delivery,Returned,7
O06487,C0828,P1101,13-09-2022,1,505.58,40.89,0.05,Standard Class,UPI,Returned,3
O06488,C1862,P1094,18-05-2022,1,155.19,36.92,0,Second Class,Cash on Delivery,Returned,8
O03930,C1811,P1114,02-04-2022,3,256.8,-11.99,0.5,Standard Class,Net Banking,Not Returned,9
O02111,C1550,P1098,09-10-2023,2,576.65,-11.77,0.1,Second Class,Cash on Delivery,Not Returned,2
O01412,C0311,P1033,25-01-2023,2,262.16,-11.62,0.05,Same Day,Net Banking,Returned,3
O06492,C2301,P1094,26-01-2022,8,869.06,18.92,0.3,Second Class,Net Banking,Not Returned,10
O04802,C1693,P1023,28-05-2023,6,385.54,-11.38,0.2,Standard Class,Net Banking,Returned,10
O06494,C2011,P1101,19-06-2022,10,5055.8,771.63,0.05,First Class,Credit Card,Returned,12
O06495,C0133,P1018,31-03-2023,8,4966.92,1616.41,0.1,Standard Class,Cash on Delivery,Not Returned,7
O06496,C0135,P1122,10-01-2022,5,912.28,350.41,0.05,Second Class,UPI,Returned,5
O06497,C0837,P1111,29-06-2023,9,4179.5,1659.14,0.05,First Class,Debit Card,Not Returned,8
O06498,C1968,P1142,30-01-2024,4,1719.04,686.3,0.1,Same Day,Net Banking,Returned,7
O02725,C1417,P1080,27-11-2023,1,63.5,-11.31,0.15,First Class,Cash on Delivery,Not Returned,8
O06500,C0880,P1064,29-05-2022,5,3257.56,1036.25,0.2,Standard Class,Debit Card,Returned,7
O06501,C1673,P1123,01-03-2024,8,1405.09,361.08,0.05,Standard Class,Credit Card,Returned,11
O03516,C0017,P1117,27-02-2023,2,257.19,-11.19,0.15,Same Day,Cash on Delivery,Returned,4
O00285,C0005,P1115,27-12-2022,2,112.34,-11.16,0.1,Same Day,Net Banking,Not Returned,7
O06505,C2134,P1088,18-11-2023,3,256.68,76.74,0,Standard Class,UPI,Returned,9
O06506,C0442,P1148,04-01-2022,3,730.32,31.83,0,Standard Class,Debit Card,Returned,5
O06507,C1310,P1030,12-05-2024,2,1409.98,392.57,0.15,Same Day,Credit Card,Not Returned,3
O06508,C1471,P1079,11-01-2023,10,1434.33,160.22,0.1,Standard Class,Debit Card,Not Returned,3
O04000,C2474,P1022,01-03-2024,3,163.96,-10.99,0.15,Standard Class,Cash on Delivery,Returned,4
O04963,C0869,P1088,06-03-2022,1,68.45,-10.98,0.2,First Class,UPI,Not Returned,4
O04306,C0803,P1140,09-04-2024,3,1113.74,-10.82,0.2,First Class,Debit Card,Not Returned,6
O06512,C0546,P1155,11-04-2022,5,2758.28,465.74,0.05,Same Day,UPI,Not Returned,8
O03741,C0745,P1145,08-02-2023,7,103.19,-10.77,0.3,Standard Class,Debit Card,Returned,3
O06514,C0224,P1164,29-06-2022,1,681.19,261.09,0.1,Standard Class,Cash on Delivery,Returned,4
O06515,C1732,P1153,17-10-2023,5,1460.44,619.36,0.05,Second Class,Cash on Delivery,Returned,6
O05942,C1904,P1029,31-10-2023,3,272.66,-10.74,0.3,First Class,UPI,Not Returned,10
O06517,C1116,P1046,26-10-2023,8,4006.56,791.84,0.15,Second Class,Net Banking,Returned,12
O01876,C2337,P1103,30-01-2022,1,226.16,-10.65,0.05,First Class,UPI,Returned,12
O06519,C1281,P1181,17-06-2024,4,1820.47,560.64,0.05,First Class,Debit Card,Not Returned,4
O03851,C0098,P1131,11-05-2024,1,213.57,-10.63,0.1,First Class,Debit Card,Not Returned,3
O06522,C1537,P1139,26-10-2022,3,566.11,112.15,0.2,First Class,Credit Card,Not Returned,9
O06523,C2408,P1068,03-11-2023,9,705.24,291.24,0,First Class,Cash on Delivery,Returned,4
O04426,C1977,P1087,20-04-2024,2,825.22,-10.63,0.2,Standard Class,UPI,Returned,9
O05363,C0931,P1170,09-09-2023,1,417.26,-10.62,0.2,First Class,Credit Card,Returned,9
O06526,C1595,P1132,25-08-2023,7,4823.98,1885.66,0.05,First Class,Net Banking,Returned,7
O06527,C2392,P1074,11-06-2023,6,809.3,144.56,0,First Class,Net Banking,Returned,2
O06529,C2234,P1023,05-01-2023,6,481.92,78.27,0,Standard Class,Credit Card,Returned,7
O06530,C2483,P1078,06-04-2022,2,515.21,145.59,0.1,Standard Class,Credit Card,Not Returned,2
O05629,C1131,P1050,03-06-2023,3,57.39,-10.58,0.3,Same Day,Cash on Delivery,Returned,7
O06532,C1132,P1084,18-03-2023,4,476.58,,0.15,Same Day,Cash on Delivery,Returned,6
O06533,C0394,P1118,19-11-2023,10,5307.75,808.3,0.1,First Class,Debit Card,Returned,6
O01071,C0022,P1145,17-04-2024,2,40.01,-10.53,0.05,Second Class,Credit Card,Returned,1
O06535,C2304,P1067,15-08-2022,7,503.37,122.03,0.1,Second Class,UPI,Returned,5
O03961,C0137,P1050,25-02-2024,4,87.46,-10.43,0.2,First Class,Credit Card,Returned,1
O06537,C0636,P1143,22-07-2022,2,904.18,23.34,0.1,First Class,Debit Card,Returned,11
O06041,C1080,P1047,31-10-2023,7,290.91,-10.24,0.3,Same Day,Cash on Delivery,Not Returned,5
O06540,C2105,P1113,15-11-2022,5,2274.35,971.52,0.05,Standard Class,UPI,Returned,2
O01572,C2004,P1001,26-04-2024,1,178.9,-10.18,0.05,Standard Class,Debit Card,Not Returned,8
O06106,C0737,P1184,02-03-2024,1,17.79,-10.16,0,Standard Class,Credit Card,Returned,4
O06544,C1882,P1049,18-10-2023,4,3096.69,1116.14,0.15,Standard Class,Credit Card,Returned,7
O06545,C2444,P1099,11-02-2023,7,5831.03,2289.8,0.1,Standard Class,Credit Card,Not Returned,6
O06546,C1049,P1067,06-04-2023,6,407.49,54.43,0.15,Second Class,Credit Card,Not Returned,5
O06093,C2204,P1126,18-09-2022,3,144.67,-10.08,0.3,Second Class,Net Banking,Returned,4
O06548,C1728,P1119,19-10-2022,4,1598.08,343.62,0.2,Standard Class,UPI,Returned,3
O06549,C0247,P1189,14-05-2024,9,2472.36,986.36,0.1,Second Class,Credit Card,Returned,11
O06550,C0371,P1099,26-05-2022,7,4535.24,1008.71,0.3,Same Day,Cash on Delivery,Returned,6
O00891,C0886,P1006,29-03-2024,7,164.75,-9.96,0.2,Second Class,UPI,Returned,3
O06552,C1168,P1042,07-04-2023,5,1267.73,231.6,0.05,Second Class,UPI,Not Returned,11
O06553,C2277,P1180,29-05-2022,7,2840.82,263.54,0.2,Standard Class,UPI,Returned,3
O06554,C2388,P1182,01-04-2022,7,1801.86,380.17,0.2,First Class,Debit Card,Returned,1
O06555,C0148,P1169,19-04-2024,6,1845.66,387,0.05,Standard Class,Credit Card,Not Returned,6
O06556,C1685,P1177,17-06-2024,4,2325.9,,0.05,Standard Class,UPI,Returned,7
O00863,C1245,P1140,11-05-2022,2,742.5,-9.85,0.2,Standard Class,UPI,Returned,6
O06558,C0913,P1068,18-04-2024,6,423.14,121.42,0.1,Standard Class,Debit Card,Not Returned,8
O01660,C0557,P1179,06-10-2023,1,84.71,-9.71,0.1,Second Class,Cash on Delivery,Not Returned,5
O06560,C1448,P1189,14-03-2023,3,915.69,398.08,0,First Class,Cash on Delivery,Returned,6
O06561,C2322,P1047,26-03-2024,4,237.48,56.16,0,First Class,UPI,Not Returned,4
O06563,C2290,P1029,11-08-2022,4,415.49,7.55,0.2,Second Class,Credit Card,Returned,9
O01846,C0028,P1152,20-04-2024,1,80.24,-9.69,0.2,Standard Class,Debit Card,Returned,3
O04873,C0508,P1050,02-03-2022,1,24.6,-9.68,0.1,Same Day,Cash on Delivery,Returned,7
O03804,C1008,P1047,02-09-2022,2,112.8,-9.44,0.05,Standard Class,UPI,Not Returned,6
O06567,C2168,P1086,23-06-2023,4,1571,559.12,0.1,Same Day,Debit Card,Not Returned,6
O04880,C2139,P1152,17-10-2022,2,180.54,-9.31,0.1,First Class,UPI,Not Returned,2
O06569,C1624,P1135,01-03-2022,10,5619.9,1475.96,0,First Class,Cash on Delivery,Not Returned,11
O06570,C0550,P1135,16-08-2023,9,4299.22,558.85,0.15,Standard Class,Net Banking,Returned,12
O06571,C1414,P1095,03-02-2023,6,1405.06,61.78,0.2,Same Day,Cash on Delivery,Not Returned,11
O06572,C2196,P1121,18-08-2023,10,4908.46,2202.33,0.05,Second Class,Debit Card,Returned,10
O06573,C1772,P1008,13-10-2022,6,808.12,56.37,0.3,First Class,Credit Card,Returned,5
O06574,C0227,P1078,11-01-2024,3,858.69,313.88,0,First Class,UPI,Not Returned,1
O06575,C0398,P1075,24-04-2024,4,2850.7,825.44,0.15,Standard Class,Net Banking,Not Returned,9
O06576,C1884,P1027,11-06-2022,4,2051.47,727.91,0.05,First Class,Net Banking,Returned,10
O01998,C0334,P1013,25-09-2023,7,414.67,-9.28,0.1,Same Day,Net Banking,Returned,1
O04620,C2445,P1077,18-08-2022,1,90.23,-9.26,0,First Class,Debit Card,Returned,4
O06579,C1191,P1045,19-03-2022,3,318.27,108.19,0,Standard Class,Net Banking,Returned,8
O01723,C0232,P1022,05-04-2022,6,327.93,-9.24,0.15,First Class,Debit Card,Returned,5
O06581,C2056,P1082,25-02-2024,7,3337.24,273.57,0.05,Same Day,Net Banking,Not Returned,1
O01233,C2008,P1123,20-04-2024,4,517.66,-9.18,0.3,Second Class,Credit Card,Not Returned,4
O06583,C0331,P1077,28-08-2023,8,721.84,152.48,0,Standard Class,Net Banking,Not Returned,1
O06584,C0930,P1051,19-06-2023,8,3486.14,688.85,0.2,Standard Class,Cash on Delivery,Not Returned,3
O06585,C2225,P1057,12-11-2022,1,688.88,188.55,0.2,Same Day,Debit Card,Returned,6
O02701,C1342,P1184,02-01-2023,3,53.37,-9.18,0.15,Same Day,Cash on Delivery,Not Returned,10
O06587,C1551,P1058,02-07-2022,3,628.1,153.11,0.2,Second Class,UPI,Not Returned,5
O06588,C2389,P1165,04-01-2023,9,4912.11,1238.61,0,Second Class,Net Banking,Returned,10
O06916,C1920,P1029,12-03-2022,2,220.73,-9.16,0.15,Standard Class,UPI,Returned,7
O04704,C2346,P1044,24-04-2024,6,355.22,-8.94,0.05,Second Class,UPI,Not Returned,7
O06592,C2287,P1178,19-04-2022,3,1547.71,64.36,0.2,Second Class,Cash on Delivery,Not Returned,2
O06593,C0350,P1142,15-05-2024,1,477.51,215.05,0,First Class,Credit Card,Returned,4
O06594,C0921,P1076,13-12-2023,5,1583.06,419.4,0.1,Second Class,Credit Card,Not Returned,11
O06595,C1281,P1016,26-11-2022,2,1077.8,510.63,0,Standard Class,Cash on Delivery,Returned,7
O00897,C1400,P1184,10-11-2023,3,50.23,-8.91,0.2,Same Day,Credit Card,Not Returned,8
O06597,C2490,P1064,11-04-2022,2,1465.9,536.37,0.1,Standard Class,Debit Card,Not Returned,1
O06598,C0534,P1129,20-09-2023,4,1031.66,424.83,0.05,Same Day,UPI,Not Returned,6
O06599,C2274,P1145,15-06-2024,4,84.24,4.37,0,Same Day,Cash on Delivery,Returned,1
O06600,C2453,P1078,30-06-2022,2,486.59,108.02,0.15,Same Day,Debit Card,Not Returned,4
O06601,C0204,P1173,24-10-2023,8,4183.62,291.67,0.2,Standard Class,Net Banking,Returned,9
O06602,C2294,P1160,24-09-2023,1,772.23,328.23,0.1,Standard Class,Credit Card,Returned,6
O03317,C1391,P1063,18-02-2023,1,18.92,-8.76,0.5,Second Class,Net Banking,Returned,4
O06564,C0704,P1179,04-09-2022,7,461.19,-8.76,0.3,First Class,Net Banking,Returned,7
O06605,C1574,P1111,24-05-2024,4,1662.02,534.14,0.15,Standard Class,UPI,Not Returned,6
O06606,C0120,P1173,17-04-2022,10,5556.37,697.6,0,Standard Class,Cash on Delivery,Returned,7
O06608,C2168,P1036,12-09-2023,3,1549.92,222.91,0.15,Standard Class,Credit Card,Not Returned,4
O06609,C2083,P1181,12-07-2023,6,2299.54,436.18,0.2,Second Class,Cash on Delivery,Returned,9
O06610,C0143,P1012,22-06-2022,6,3427.45,531.14,0.15,Same Day,UPI,Returned,12
O02826,C1987,P1050,05-11-2023,2,51.93,-8.74,0.05,First Class,Debit Card,Not Returned,8
O06612,C0927,P1072,29-03-2024,9,2145.82,142.49,0.15,Second Class,Debit Card,Not Returned,3
O06613,C0173,P1017,05-09-2023,10,2497.2,500.44,0.2,Same Day,Credit Card,Returned,10
O06614,C1262,P1102,14-02-2023,2,608.87,88.22,0.05,Standard Class,UPI,Not Returned,9
O06615,C0736,P1064,20-03-2022,5,4071.95,1829.88,0,Standard Class,Credit Card,Returned,2
O01228,C0748,P1050,06-06-2022,4,76.52,-8.73,0.3,First Class,Cash on Delivery,Not Returned,5
O06187,C0408,P1033,22-06-2022,3,393.24,-8.66,0.05,Same Day,Debit Card,Not Returned,9
O06618,C2262,P1057,21-01-2024,2,1636.09,699.9,0.05,First Class,Credit Card,Returned,5
O05747,C0746,P1003,28-08-2023,3,1343.54,-8.49,0.15,Second Class,Cash on Delivery,Not Returned,8
O06620,C0418,P1027,17-06-2022,10,4318.88,1011.78,0.2,Same Day,Net Banking,Returned,12
O02503,C1565,P1022,16-09-2022,4,231.48,-8.34,0.1,Standard Class,Debit Card,Returned,8
O03627,C1524,P1140,11-02-2022,3,1113.74,-8.08,0.2,Second Class,Net Banking,Not Returned,4
O06858,C1574,P1179,10-10-2022,3,197.65,-7.8,0.3,Second Class,Cash on Delivery,Returned,7
O06624,C1734,P1096,21-10-2023,2,511.36,218.16,0,Second Class,Credit Card,Returned,5
O06625,C1230,P1019,07-04-2023,7,4165.36,1127.12,0.15,First Class,Debit Card,Not Returned,8
O06626,C2014,P1163,16-06-2023,3,853.69,321.06,0.15,Standard Class,Credit Card,Returned,11
O06627,C1556,P1071,18-04-2023,1,210.96,33.42,0.2,Second Class,Cash on Delivery,Not Returned,7
O06628,C0408,P1081,09-06-2023,2,374.34,102.16,0.2,First Class,Credit Card,Not Returned,2
O02874,C1330,P1052,23-07-2022,1,165.2,-7.76,0.3,Second Class,UPI,Returned,10
O06630,C1889,P1025,10-09-2022,3,628.88,7.08,0.15,Same Day,Net Banking,Not Returned,8
O06631,C2409,P1170,08-05-2022,4,1877.65,240.69,0.1,Standard Class,Credit Card,Returned,2
O06632,C2006,P1033,17-12-2023,10,1379.8,141.07,0,Same Day,Cash on Delivery,Returned,5
O06633,C1466,P1144,20-12-2023,4,997.83,87.12,0.15,Same Day,Cash on Delivery,Not Returned,5
O06635,C0503,P1127,20-03-2024,3,2541.66,1004.09,0.15,Same Day,UPI,Returned,5
O06636,C1034,P1110,11-10-2022,1,550.05,23,0.3,Same Day,Credit Card,Returned,3
O06637,C0530,P1021,09-03-2022,9,1340.79,239.03,0.1,Same Day,Cash on Delivery,Returned,12
O06638,C1347,P1026,20-10-2023,6,1149.16,277.02,0.3,First Class,UPI,Not Returned,4
O06639,C2237,P1161,13-06-2022,2,1233.74,387.08,0.2,Same Day,Cash on Delivery,Returned,2
O03551,C0066,P1033,13-02-2023,1,124.18,-7.51,0.1,First Class,Cash on Delivery,Returned,12
O06324,C2005,P1013,30-10-2022,2,111.89,-7.5,0.15,Same Day,Debit Card,Not Returned,8
O06643,C1440,P1100,23-12-2023,8,7499.92,3588.96,0,Standard Class,Credit Card,Not Returned,2
O04022,C1975,P1115,25-06-2023,4,237.16,-7.48,0.05,Standard Class,UPI,Not Returned,9
O06645,C1538,P1075,25-04-2023,1,712.67,187.58,0.15,Second Class,Debit Card,Returned,3
O00160,C1813,P1011,29-08-2023,1,186.25,-7.32,0.15,First Class,UPI,Returned,10
O06647,C0023,P1186,31-08-2023,6,2672.8,420.65,0.3,Same Day,Credit Card,Returned,9
O06648,C1926,P1073,21-11-2022,6,2602.04,945.78,0.1,Standard Class,Debit Card,Not Returned,2
O06491,C1359,P1062,10-05-2023,3,40.78,-7.24,0.05,First Class,Cash on Delivery,Returned,5
O01863,C0939,P1187,07-03-2022,3,591.81,-7.11,0.1,Second Class,Cash on Delivery,Returned,7
O02556,C1884,P1145,29-10-2023,4,71.6,-7.08,0.15,First Class,Debit Card,Returned,5
O00105,C1645,P1042,14-03-2022,1,226.86,-7.02,0.15,Second Class,Debit Card,Returned,2
O06653,C2389,P1002,02-09-2022,4,2281.79,789.04,0.1,Same Day,UPI,Returned,9
O02083,C1429,P1103,27-05-2024,2,428.51,-6.93,0.1,First Class,Cash on Delivery,Not Returned,8
O01928,C1902,P1079,30-10-2022,3,382.49,-6.87,0.2,Same Day,Credit Card,Returned,3
O05203,C0188,P1101,12-04-2023,4,1703.01,-6.71,0.2,Same Day,Credit Card,Not Returned,11
O06658,C0475,P1073,04-08-2023,6,2023.81,330.98,0.3,Same Day,Net Banking,Not Returned,8
O06659,C0247,P1025,24-10-2022,2,468.58,68.54,0.05,First Class,Cash on Delivery,Not Returned,5
O06660,C0161,P1102,04-12-2023,10,2723.91,223.97,0.15,First Class,Cash on Delivery,Returned,3
O06661,C0320,P1008,14-10-2023,7,942.81,85.37,0.3,Standard Class,UPI,Not Returned,10
O06662,C2296,P1053,05-01-2024,9,607.51,13.6,0.3,Second Class,Credit Card,Returned,9
O06663,C1275,P1170,20-01-2023,6,2503.54,67.72,0.2,Same Day,UPI,Returned,7
O06664,C2312,P1110,07-04-2022,6,4714.68,1787.55,0,Second Class,Cash on Delivery,Returned,7
O06665,C2139,P1048,16-04-2024,6,3768.53,750.27,0.2,Standard Class,Debit Card,Returned,1
O06666,C0429,P1047,21-11-2022,5,237.48,2.31,0.2,Second Class,Cash on Delivery,Not Returned,2
O06667,C0675,P1068,19-10-2022,6,376.13,89.62,0.2,Same Day,UPI,Returned,10
O06669,C0172,P1104,05-11-2023,9,2449.5,682.84,0.3,Standard Class,UPI,Returned,7
O06670,C1991,P1058,09-01-2022,6,1570.26,621.19,0,Second Class,Net Banking,Not Returned,11
O06671,C1817,P1088,09-04-2024,8,650.26,146.89,0.05,Second Class,UPI,Returned,3
O06672,C2387,P1068,02-08-2022,9,564.19,140.17,0.2,Standard Class,UPI,Not Returned,3
O04844,C0869,P1033,21-08-2023,2,262.16,-6.7,0.05,Standard Class,Net Banking,Not Returned,6
O06675,C1800,P1041,28-10-2022,1,509.08,187.44,0.1,Second Class,Debit Card,Not Returned,2
O06676,C1594,P1056,24-04-2024,9,2607.15,260.51,0.1,Standard Class,Credit Card,Not Returned,2
O06677,C1948,P1139,25-06-2022,10,1887.04,440.71,0.2,Second Class,Credit Card,Returned,4
O01208,C1108,P1114,08-07-2023,1,119.84,-6.69,0.3,Standard Class,UPI,Not Returned,7
O06679,C1661,P1075,07-06-2022,3,2515.32,986.05,0,Same Day,Net Banking,Returned,1
O06216,C1146,P1003,04-04-2024,6,2687.09,-6.57,0.15,Same Day,UPI,Not Returned,12
O06681,C0466,P1118,30-12-2023,10,5307.75,815.78,0.1,Same Day,Cash on Delivery,Returned,6
O06682,C2135,P1191,25-11-2023,5,1185.4,356.07,0,Same Day,UPI,Not Returned,7
O06683,C0142,P1153,17-06-2024,5,1460.44,609.18,0.05,Standard Class,Cash on Delivery,Returned,6
O06685,C1666,P1183,15-06-2022,9,2003.18,745.95,0.05,Second Class,UPI,Returned,4
O06686,C0911,P1110,10-12-2023,6,3771.74,846.76,0.2,First Class,Debit Card,Not Returned,7
O06299,C0321,P1171,04-08-2023,3,82.53,-6.42,0,Same Day,Net Banking,Returned,8
O00263,C1092,P1077,25-03-2022,1,76.7,-6.35,0.15,Same Day,UPI,Returned,4
O06689,C1638,P1070,10-07-2023,10,3680.02,1207.32,0.05,Same Day,Credit Card,Returned,4
O06690,C0726,P1163,09-12-2022,3,1004.34,451.38,0,Same Day,Net Banking,Returned,12
O06691,C1308,P1129,19-02-2022,4,923.07,341.35,0.15,Same Day,Net Banking,Not Returned,11
O06692,C2242,P1106,25-10-2022,10,2931.9,586.82,0.15,Standard Class,Debit Card,Returned,3
O06694,C2388,P1158,16-10-2023,2,589.64,131.75,0.15,First Class,Credit Card,Not Returned,8
O06695,C1967,P1061,21-05-2024,5,2624.67,636.48,0.15,Second Class,Credit Card,Returned,8
O06697,C2141,P1137,13-01-2022,5,456.25,43.34,0,Second Class,Credit Card,Not Returned,12
O01808,C1820,P1047,05-08-2023,3,124.68,-6.23,0.3,Same Day,Net Banking,Not Returned,1
O06699,C0887,P1129,30-06-2023,1,244.34,60.53,0.1,Same Day,Credit Card,Returned,6
O04775,C0387,P1128,02-05-2024,3,142.32,-6.22,0.2,Second Class,Credit Card,Not Returned,1
O06701,C0057,P1186,21-03-2023,6,3054.62,783.45,0.2,First Class,UPI,Returned,1
O03810,C1621,P1115,13-01-2024,6,318.29,-6.19,0.15,First Class,Credit Card,Not Returned,5
O06703,C0857,P1173,02-06-2023,10,6210.06,1332.85,0.05,First Class,Net Banking,Not Returned,10
O03859,C0167,P1162,07-08-2023,3,82,-6.07,0.3,Standard Class,Debit Card,Returned,4
O06705,C1774,P1073,29-03-2024,7,2361.11,429.92,0.3,Same Day,UPI,Returned,8
O06706,C1276,P1077,06-05-2024,4,324.83,10.87,0.1,First Class,UPI,Not Returned,12
O06707,C2364,P1081,24-11-2023,5,1111.31,475.8,0.05,First Class,Net Banking,Not Returned,5
O06708,C1601,P1050,09-06-2023,10,245.97,80.96,0.1,Second Class,Credit Card,Returned,12
O06709,C1192,P1091,12-07-2023,10,5265.54,335.11,0.1,Same Day,Cash on Delivery,Returned,2
O06652,C0013,P1079,20-10-2023,8,1019.97,-6.05,0.2,Same Day,UPI,Returned,9
O06711,C0754,P1068,16-01-2023,10,626.88,177.49,0.2,Same Day,Cash on Delivery,Returned,9
O00808,C1027,P1003,11-03-2022,3,1343.54,-5.84,0.15,Standard Class,Debit Card,Not Returned,6
O06300,C0135,P1080,25-12-2023,1,52.3,-5.82,0.3,Second Class,Credit Card,Not Returned,5
O06714,C0416,P1152,10-07-2022,6,601.8,87.15,0,Second Class,Cash on Delivery,Not Returned,12
O06715,C1021,P1110,04-02-2022,3,2357.34,886.07,0,Second Class,Net Banking,Not Returned,10
O06716,C0856,P1110,07-05-2023,10,5500.46,614.33,0.3,Same Day,Cash on Delivery,Not Returned,9
O06717,C0670,P1053,31-01-2022,6,491.79,80.35,0.15,First Class,Cash on Delivery,Not Returned,6
O06718,C2414,P1057,17-06-2022,4,2411.08,549.42,0.3,Standard Class,Cash on Delivery,Not Returned,1
O06719,C0681,P1144,11-05-2024,6,1584.79,251.96,0.1,Standard Class,Cash on Delivery,Returned,6
O06720,C1271,P1006,22-07-2022,9,264.78,36.34,0,Standard Class,Debit Card,Not Returned,3
O06721,C0784,P1152,13-10-2022,7,702.1,112.75,0,First Class,Cash on Delivery,Not Returned,3
O06722,C0016,P1139,30-03-2024,8,1698.34,534.52,0.1,First Class,UPI,Not Returned,1
O06723,C1490,P1030,06-11-2022,2,1575.86,538.63,0.05,Standard Class,Debit Card,Not Returned,12
O06724,C0473,P1096,27-12-2023,1,230.11,70.21,0.1,Second Class,UPI,Returned,3
O06725,C1250,P1012,22-02-2022,1,672.05,158.78,0,Same Day,UPI,Not Returned,10
O06726,C0830,P1070,15-06-2022,7,2711.59,1000.22,0,Standard Class,Cash on Delivery,Not Returned,6
O06727,C0589,P1015,24-05-2022,3,1816.49,591.19,0.15,Same Day,UPI,Returned,6
O06728,C0437,P1147,18-08-2023,10,5660.29,1888.76,0,Same Day,UPI,Returned,1
O06729,C2091,P1130,17-11-2023,2,1670.5,780.03,0,First Class,UPI,Returned,12
O06730,C0023,P1127,25-04-2022,4,3588.23,1556.17,0.1,Second Class,Debit Card,Not Returned,8
O00301,C0472,P1143,06-11-2023,7,2988.8,-5.64,0.15,Second Class,Credit Card,Not Returned,11
O06133,C0739,P1059,14-06-2024,2,648.82,-5.6,0.15,First Class,Net Banking,Not Returned,2
O06733,C0162,P1167,24-03-2022,4,2293.37,507.13,0.3,Same Day,Net Banking,Returned,5
O06734,C0871,P1178,03-06-2023,6,3095.42,171.85,0.2,Same Day,Credit Card,Not Returned,8
O06735,C0938,P1003,16-02-2024,6,2845.15,125.98,0.1,First Class,UPI,Not Returned,9
O02201,C0829,P1022,21-11-2022,4,218.62,-5.58,0.15,Same Day,Debit Card,Returned,4
O06737,C1735,P1119,30-11-2022,3,1273.47,362.31,0.15,Standard Class,Credit Card,Not Returned,4
O06738,C0019,P1138,27-01-2024,3,299.37,63.9,0,Same Day,Cash on Delivery,Returned,11
O00275,C1693,P1123,01-10-2023,4,517.66,-5.54,0.3,Same Day,Credit Card,Not Returned,3
O06740,C1774,P1145,05-07-2023,9,170.59,53.97,0.1,Standard Class,Credit Card,Returned,3
O06741,C0426,P1079,22-06-2022,1,159.37,21.39,0,Same Day,Debit Card,Returned,2
O06742,C1540,P1043,13-06-2024,2,1321.58,277.44,0,Standard Class,Debit Card,Returned,10
O04105,C1778,P1156,19-11-2022,8,1072.56,-5.47,0.15,Same Day,Debit Card,Returned,7
O06744,C2084,P1131,04-10-2023,10,2254.35,302.45,0.05,First Class,UPI,Returned,1
O06745,C1508,P1087,26-12-2022,8,3507.17,226.68,0.15,First Class,Cash on Delivery,Returned,1
O06746,C1795,P1151,08-06-2023,7,3334.35,396.64,0.3,Second Class,Debit Card,Returned,10
O02651,C1348,P1084,24-04-2024,2,266.32,-5.41,0.05,First Class,UPI,Not Returned,4
O06748,C2382,P1138,22-04-2023,4,379.2,88.53,0.05,Standard Class,UPI,Not Returned,10
O05101,C1940,P1011,04-12-2023,3,558.76,-5.06,0.15,Standard Class,Cash on Delivery,Not Returned,5
O06750,C0623,P1103,21-05-2023,9,1928.29,23.69,0.1,First Class,Credit Card,Returned,7
O06751,C1471,P1077,16-12-2023,5,451.15,70.56,0,First Class,Debit Card,Not Returned,5
O03748,C0893,P1091,10-08-2022,8,3978.41,-4.93,0.15,Second Class,Credit Card,Not Returned,1
O06753,C0290,P1132,13-08-2022,5,3445.7,1333.65,0.05,Same Day,Net Banking,Returned,2
O06754,C2208,P1167,02-11-2023,8,4586.74,1059.71,0.3,Second Class,Net Banking,Not Returned,1
O02273,C0055,P1003,16-12-2022,2,895.7,-4.85,0.15,Standard Class,Debit Card,Not Returned,12
O06756,C0656,P1174,18-05-2023,6,2698.55,719.77,0.05,First Class,Credit Card,Returned,3
O06757,C0113,P1001,23-12-2022,2,338.98,29.31,0.1,Second Class,UPI,Not Returned,10
O06758,C1224,P1100,06-04-2022,2,1874.98,884.29,0,Same Day,Credit Card,Returned,9
O06759,C1071,P1104,16-08-2023,2,777.62,348.23,0,First Class,UPI,Returned,1
O06760,C0311,P1104,08-10-2023,4,1244.19,431.77,0.2,Standard Class,Credit Card,Not Returned,1
O06761,C2039,P1119,21-08-2022,10,4244.9,1225.49,0.15,Second Class,Net Banking,Returned,8
O05636,C1494,P1025,08-03-2024,1,209.63,-4.84,0.15,First Class,Debit Card,Returned,4
O06763,C2032,P1116,19-02-2022,1,360.49,27.87,0.3,Standard Class,Debit Card,Not Returned,7
O06764,C2325,P1179,12-08-2023,1,94.12,3.78,0,Second Class,Debit Card,Returned,1
O06765,C1677,P1159,15-11-2023,3,423.43,122.04,0.15,Same Day,Cash on Delivery,Returned,6
O03669,C0431,P1029,02-07-2023,7,636.22,-4.7,0.3,First Class,Cash on Delivery,Not Returned,3
O06767,C1114,P1009,17-03-2022,6,2697.96,247.06,0,First Class,Credit Card,Returned,7
O06768,C2250,P1007,25-02-2024,6,2193.95,208.84,0.3,Second Class,Net Banking,Not Returned,3
O06769,C1066,P1094,10-03-2024,5,620.76,96.09,0.2,First Class,Net Banking,Not Returned,11
O06770,C1332,P1065,27-03-2023,9,1499.47,36.91,0.1,Second Class,UPI,Returned,7
O06771,C0837,P1139,14-09-2023,2,448.17,113.32,0.05,Standard Class,UPI,Not Returned,1
O06772,C2103,P1183,04-08-2023,8,1874.32,771.94,0,Same Day,UPI,Returned,5
O06773,C0873,P1088,03-08-2022,7,509.08,57.59,0.15,First Class,Debit Card,Not Returned,12
O05700,C2200,P1126,04-04-2024,2,130.89,-4.66,0.05,Second Class,UPI,Not Returned,2
O05278,C0907,P1102,31-10-2022,3,769.1,-4.63,0.2,Same Day,Debit Card,Not Returned,4
O04058,C1914,P1025,24-03-2024,2,419.25,-4.62,0.15,Standard Class,UPI,Returned,1
O04669,C1908,P1184,28-03-2022,3,53.37,-4.55,0.15,Same Day,Net Banking,Returned,9
O06779,C1527,P1075,24-04-2023,3,1760.72,235.64,0.3,Same Day,Cash on Delivery,Returned,5
O01885,C1819,P1179,02-05-2022,1,75.3,-4.41,0.2,Standard Class,Net Banking,Returned,2
O04887,C1128,P1072,01-03-2024,3,673.2,-4.41,0.2,Same Day,Credit Card,Not Returned,6
O03388,C1932,P1156,15-01-2023,1,134.07,-4.33,0.15,Same Day,Credit Card,Returned,8
O06783,C1436,P1060,23-02-2023,9,5473.98,1972.32,0,Standard Class,Cash on Delivery,Returned,8
O06784,C0320,P1010,05-03-2023,3,1889.22,644.27,0.1,Second Class,UPI,Not Returned,9
O04666,C0744,P1171,27-03-2022,8,209.08,-4.33,0.05,First Class,Net Banking,Not Returned,8
O06786,C0998,P1172,11-10-2022,8,1796.7,393.89,0.3,First Class,Credit Card,Returned,4
O06787,C1486,P1106,23-06-2022,5,1638.42,437.2,0.05,Second Class,Credit Card,Not Returned,4
O06788,C2465,P1150,03-05-2022,5,2522.2,244.47,0.3,Same Day,Cash on Delivery,Not Returned,4
O06789,C0804,P1037,29-07-2023,3,1301.91,277.87,0.1,Second Class,Cash on Delivery,Not Returned,8
O06790,C0713,P1104,03-06-2023,6,1866.29,670.29,0.2,Standard Class,UPI,Not Returned,11
O06791,C1006,P1027,17-03-2022,1,431.89,86.64,0.2,First Class,Debit Card,Not Returned,10
O06792,C1286,P1184,02-12-2023,6,125.58,38.81,0,Standard Class,Net Banking,Not Returned,9
O05682,C2433,P1000,24-02-2024,2,653.27,-4.32,0.1,Same Day,Cash on Delivery,Returned,7
O06794,C1414,P1095,11-04-2024,7,1844.14,286.14,0.1,First Class,Net Banking,Not Returned,6
O06795,C0376,P1019,04-09-2023,5,2975.25,796.39,0.15,Second Class,UPI,Not Returned,1
O06796,C1872,P1181,04-03-2023,1,431.16,101.24,0.1,First Class,Credit Card,Returned,12
O06797,C1085,P1030,17-03-2024,7,4064.06,590.39,0.3,Standard Class,Debit Card,Returned,1
O06798,C0944,P1061,09-01-2024,7,3890.69,1113.04,0.1,Same Day,UPI,Not Returned,7
O06799,C1862,P1034,07-06-2023,10,2096.46,431.46,0.05,Standard Class,UPI,Not Returned,12
O06800,C0339,P1078,17-11-2022,1,228.98,44.44,0.2,Second Class,Credit Card,Not Returned,1
O06801,C1720,P1010,19-07-2022,5,2798.84,732.59,0.2,Standard Class,Credit Card,Not Returned,2
O06802,C1441,P1067,02-06-2023,10,759.05,227.62,0.05,First Class,Net Banking,Not Returned,9
O06803,C1403,P1043,05-07-2022,8,5597.28,1560.05,0.1,Same Day,Debit Card,Returned,6
O06804,C1436,P1177,17-04-2023,5,2907.38,470.37,0.05,Same Day,Cash on Delivery,Not Returned,12
O06603,C0439,P1021,31-03-2023,1,165.53,-4.18,0,First Class,Debit Card,Returned,4
O00523,C1801,P1053,24-03-2022,10,675.01,-4.15,0.3,Standard Class,UPI,Not Returned,9
O06807,C0486,P1145,03-05-2022,10,147.42,9.88,0.3,Standard Class,Cash on Delivery,Not Returned,11
O06808,C0254,P1154,18-01-2022,3,1912.6,681.6,0.15,Same Day,Credit Card,Returned,7
O06809,C1454,P1088,18-01-2023,7,509.08,58,0.15,Second Class,Net Banking,Returned,4
O06810,C1124,P1119,15-08-2022,10,4494.6,1454.22,0.1,First Class,Debit Card,Not Returned,1
O06811,C0299,P1058,02-08-2023,8,1884.31,625.09,0.1,Second Class,Cash on Delivery,Not Returned,8
O04942,C1107,P1166,16-01-2023,2,805.63,-4.14,0.15,First Class,Credit Card,Not Returned,9
O00349,C2039,P1106,05-06-2024,4,965.8,-4.11,0.3,Second Class,UPI,Not Returned,6
O06815,C0102,P1052,04-02-2022,1,188.8,19.39,0.2,Standard Class,Net Banking,Returned,1
O06816,C2293,P1118,07-01-2023,3,1503.86,128.81,0.15,Second Class,UPI,Not Returned,1
O06817,C0880,P1056,01-09-2023,1,321.87,26.53,0,Same Day,UPI,Not Returned,6
O00820,C1910,P1088,10-03-2023,4,239.57,-4.02,0.3,First Class,UPI,Returned,5
O06819,C1124,P1145,01-11-2022,10,189.54,58.48,0.1,Second Class,Credit Card,Returned,6
O06820,C1970,P1064,05-01-2023,3,1954.54,596.22,0.2,Standard Class,Cash on Delivery,Not Returned,5
O06821,C1259,P1014,28-07-2023,9,4402.88,538.45,0.3,Standard Class,Cash on Delivery,Not Returned,2
O06822,C1277,P1135,11-05-2023,3,1517.37,241.23,0.1,First Class,Debit Card,Not Returned,1
O06823,C0667,P1017,09-10-2022,10,2185.05,192.03,0.3,Same Day,Net Banking,Not Returned,12
O06824,C0263,P1038,09-02-2022,5,2945.84,611.45,0.15,Same Day,UPI,Returned,12
O06825,C0342,P1151,08-05-2023,1,578.41,127.63,0.15,Standard Class,Credit Card,Not Returned,9
O06826,C0108,P1001,17-05-2022,6,1073.42,177.67,0.05,First Class,Credit Card,Not Returned,12
O06827,C0009,P1182,08-05-2022,2,546.99,140.88,0.15,Second Class,UPI,Not Returned,3
O06828,C0492,P1177,29-07-2022,4,2081.07,101.55,0.15,Standard Class,UPI,Returned,2
O06829,C2276,P1008,03-11-2022,10,1731.69,519.13,0.1,First Class,UPI,Returned,4
O06830,C1600,P1012,12-01-2023,5,2856.21,436.09,0.15,First Class,UPI,Returned,3
O06831,C2496,P1146,05-04-2024,7,2410.07,134.07,0.2,First Class,Net Banking,Returned,12
O06832,C0842,P1151,07-06-2023,9,6124.32,2342.09,0,Second Class,Net Banking,Not Returned,3
O06833,C0852,P1150,10-10-2023,2,1441.26,507.39,0,Standard Class,Net Banking,Not Returned,11
O06834,C2381,P1165,29-09-2023,4,2183.16,505.41,0,Same Day,Cash on Delivery,Returned,9
O06835,C1607,P1090,14-03-2022,3,1879.62,738.37,0,Standard Class,Net Banking,Returned,3
O02774,C0515,P1062,23-04-2022,8,114.48,-3.75,0,First Class,Debit Card,Not Returned,11
O06355,C1664,P1053,08-12-2022,7,472.51,-3.72,0.3,Standard Class,Cash on Delivery,Not Returned,5
O06839,C2037,P1110,07-11-2023,5,2750.23,298.35,0.3,Standard Class,Net Banking,Returned,8
O06840,C0218,P1132,30-07-2023,8,5513.12,2158.81,0.05,Second Class,UPI,Returned,3
O04956,C0669,P1115,19-01-2023,1,62.41,-3.56,0,First Class,Cash on Delivery,Returned,3
O06842,C1110,P1125,03-04-2022,3,791.18,271.25,0.1,First Class,UPI,Not Returned,12
O06843,C1787,P1093,11-08-2022,8,4348.49,879.86,0.05,First Class,Cash on Delivery,Not Returned,1
O06844,C2144,P1108,27-06-2023,4,1676.57,497.64,0.15,Same Day,Net Banking,Not Returned,11
O06845,C1613,P1052,04-05-2022,4,944,342.36,0,Second Class,Credit Card,Returned,12
O06846,C1201,P1087,20-05-2023,4,1650.43,9.26,0.2,First Class,UPI,Not Returned,8
O06847,C0991,P1008,06-11-2023,2,346.34,67.9,0.1,Standard Class,UPI,Returned,10
O02049,C2382,P1072,09-06-2022,2,476.85,-3.5,0.15,Same Day,Net Banking,Not Returned,11
O06849,C0330,P1014,23-02-2023,8,5311.41,1898.5,0.05,First Class,Cash on Delivery,Not Returned,3
O06851,C0735,P1142,02-02-2023,7,3342.57,1578.92,0,Second Class,Credit Card,Returned,8
O06852,C1482,P1096,23-01-2024,8,1943.17,839.47,0.05,First Class,Debit Card,Returned,12
O06853,C1446,P1041,25-04-2024,3,1187.84,269.66,0.3,Standard Class,Credit Card,Not Returned,8
O06854,C1736,P1124,22-07-2023,7,2601.82,196.71,0.2,First Class,UPI,Returned,9
O06855,C1012,P1073,30-03-2022,10,4095.81,1328.53,0.15,First Class,UPI,Not Returned,11
O06856,C1548,P1183,21-05-2024,6,1335.45,494.68,0.05,First Class,Credit Card,Returned,5
O04519,C1808,P1171,21-05-2024,7,192.57,-3.35,0,First Class,Credit Card,Not Returned,7
O01640,C0021,P1123,05-02-2022,10,1294.16,-3.21,0.3,First Class,Cash on Delivery,Returned,3
O06859,C2434,P1094,27-02-2023,6,931.14,279.25,0,Standard Class,Credit Card,Not Returned,7
O06860,C1285,P1160,17-07-2022,7,6006.21,2937.63,0,Same Day,Net Banking,Not Returned,8
O06861,C1178,P1027,01-09-2023,1,458.88,106.13,0,First Class,Cash on Delivery,Not Returned,7
O06862,C0421,P1026,23-03-2022,4,930.27,360.59,0.15,Standard Class,Credit Card,Not Returned,7
O06863,C0301,P1093,01-05-2023,8,4577.36,1072.92,0,Standard Class,Credit Card,Returned,3
O06864,C1668,P1080,01-04-2022,8,597.68,204.41,0,Standard Class,UPI,Not Returned,11
O00269,C2443,P1171,21-04-2022,9,222.83,-3.02,0.1,Second Class,Cash on Delivery,Returned,11
O06866,C1173,P1045,05-06-2022,2,169.74,32.29,0.2,First Class,Net Banking,Not Returned,9
O06867,C0118,P1061,07-09-2023,9,5280.22,1739.93,0.05,First Class,Cash on Delivery,Not Returned,11
O06868,C0420,P1049,26-04-2022,9,6967.54,2557.63,0.15,First Class,Net Banking,Not Returned,5
O06869,C0893,P1061,24-03-2024,9,3890.69,338.39,0.3,Second Class,Cash on Delivery,Returned,12
O04072,C0500,P1155,22-09-2023,1,493.59,-2.92,0.15,Second Class,UPI,Not Returned,7
O06871,C1961,P1168,16-04-2024,3,589.52,211.03,0.1,First Class,Debit Card,Not Returned,1
O06872,C0466,P1041,14-07-2022,6,2715.07,897.44,0.2,Same Day,Cash on Delivery,Returned,4
O06873,C0142,P1041,20-08-2022,1,480.79,154.93,0.15,First Class,UPI,Returned,5
O06874,C1282,P1075,22-09-2023,2,1593.04,552.53,0.05,First Class,UPI,Not Returned,3
O00055,C2215,P1044,23-11-2023,3,186.96,-2.87,0,Same Day,Cash on Delivery,Not Returned,5
O06876,C0328,P1068,19-09-2023,2,148.88,22.86,0.05,Second Class,Net Banking,Not Returned,1
O01290,C0799,P1077,25-11-2023,6,433.1,-2.82,0.2,Standard Class,Cash on Delivery,Returned,2
O06878,C0750,P1019,24-03-2024,1,560.05,106.79,0.2,Standard Class,Credit Card,Returned,7
O02048,C1798,P1034,20-03-2024,1,187.58,-2.69,0.15,Second Class,Cash on Delivery,Not Returned,6
O06148,C0614,P1063,28-12-2023,2,52.96,-2.69,0.3,Second Class,Net Banking,Returned,6
O06881,C1944,P1109,29-05-2024,9,1003.43,195.54,0.05,Same Day,UPI,Returned,2
O06882,C1349,P1048,18-08-2023,6,4004.06,1000.49,0.15,Same Day,Net Banking,Not Returned,5
O06883,C2280,P1109,30-05-2022,10,1114.92,221.58,0.05,Same Day,Debit Card,Returned,4
O05129,C0059,P1145,10-08-2022,6,113.72,-2.64,0.1,Same Day,UPI,Returned,3
O06885,C0149,P1110,17-06-2024,1,667.91,135.03,0.15,Standard Class,Debit Card,Returned,12
O06886,C0546,P1076,26-08-2023,9,3007.8,972.62,0.05,Same Day,UPI,Not Returned,10
O06887,C0664,P1106,22-11-2022,10,3449.3,1094.39,0,Standard Class,Debit Card,Returned,2
O06888,C1869,P1145,11-02-2022,4,84.24,30.56,0,Standard Class,UPI,Not Returned,5
O06889,C0673,P1157,18-10-2023,4,2677.03,1068.95,0.1,First Class,Net Banking,Returned,4
O04752,C1499,P1080,22-08-2022,1,52.3,-2.62,0.3,Standard Class,Debit Card,Not Returned,2
O06891,C1513,P1118,05-06-2024,7,4128.25,962.05,0,First Class,Cash on Delivery,Returned,5
O06892,C2245,P1175,21-05-2022,1,776.67,274.43,0,Same Day,Debit Card,Returned,3
O06893,C2067,P1111,14-04-2023,9,3519.58,993.61,0.2,First Class,Net Banking,Returned,8
O06894,C2462,P1054,07-04-2023,6,2320.4,900.14,0.15,Same Day,Net Banking,Returned,4
O06895,C1654,P1176,19-03-2023,8,4302.13,518.2,0.05,First Class,Debit Card,Returned,7
O06896,C2002,P1003,19-09-2023,6,2845.15,120.11,0.1,Second Class,Net Banking,Returned,4
O06897,C1600,P1053,10-11-2022,6,578.58,177.18,0,Second Class,Credit Card,Not Returned,3
O06898,C0291,P1015,26-05-2022,3,1923.35,695.93,0.1,Standard Class,Net Banking,Returned,3
O06899,C1102,P1090,10-06-2022,,1315.73,198.25,0,Same Day,Credit Card,Returned,3
O05180,C1345,P1145,11-04-2023,5,73.71,-2.61,0.3,Second Class,Debit Card,Returned,2
O02898,C1289,P1156,05-10-2023,1,141.96,-2.6,0.1,Second Class,Credit Card,Not Returned,10
O06902,C2072,P1066,10-11-2022,10,6015.94,1570.56,0.3,Second Class,Credit Card,Returned,12
O06903,C1625,P1087,13-11-2023,3,1547.28,309.54,0,Second Class,Credit Card,Returned,2
O06904,C0297,P1058,12-02-2024,9,2002.08,558.86,0.15,Same Day,UPI,Returned,8
O06905,C2319,P1010,01-04-2022,9,5352.78,1698.42,0.15,First Class,Net Banking,Returned,5
O06906,C2178,P1010,21-06-2022,1,664.72,217.9,0.05,Standard Class,Credit Card,Returned,10
O06907,C0395,P1042,29-10-2023,6,1441.21,191.76,0.1,Second Class,Net Banking,Returned,4
O06908,C2309,P1089,07-04-2023,9,2083.72,96.67,0.3,Second Class,Credit Card,Not Returned,1
O06909,C2457,P1107,01-08-2023,7,6358.8,2984.65,0.05,Standard Class,Credit Card,Returned,12
O00127,C1151,P1038,04-06-2023,1,485.2,-2.51,0.3,Second Class,Cash on Delivery,Not Returned,6
O06911,C1308,P1099,11-06-2022,10,7867.26,2849.68,0.15,First Class,Debit Card,Not Returned,2
O06912,C0479,P1134,16-06-2023,4,1390.12,50.82,0.05,Same Day,UPI,Not Returned,3
O02581,C2111,P1020,12-07-2022,4,1459.48,-2.45,0.1,First Class,Debit Card,Not Returned,12
O06914,C1243,P1075,21-04-2023,7,4988.72,1462.63,0.15,Second Class,Credit Card,Returned,1
O06616,C1657,P1050,13-03-2024,3,73.79,-2.37,0.1,Same Day,Debit Card,Not Returned,9
O05244,C0699,P1143,22-06-2023,9,3842.75,-2.31,0.15,First Class,Cash on Delivery,Not Returned,6
O01943,C1709,P1139,09-03-2024,2,330.23,-2.25,0.3,First Class,Credit Card,Returned,1
O06352,C0960,P1126,01-02-2023,1,62,-2.25,0.1,Standard Class,Cash on Delivery,Not Returned,4
O06919,C1442,P1131,18-06-2023,9,1922.13,174.43,0.1,First Class,Net Banking,Not Returned,5
O06920,C1479,P1137,25-04-2023,4,346.75,14.36,0.05,Standard Class,Debit Card,Returned,10
O06921,C0273,P1111,18-03-2024,4,1564.26,428.92,0.2,Same Day,Credit Card,Returned,2
O06922,C1041,P1046,15-03-2023,4,2003.28,389.41,0.15,Same Day,Cash on Delivery,Not Returned,11
O06923,C1111,P1046,06-06-2022,3,1679.22,454.58,0.05,First Class,Debit Card,Returned,1
O06924,C1100,P1120,19-08-2022,2,490.17,53.04,0.3,Second Class,Debit Card,Not Returned,7
O06925,C1398,P1097,09-08-2023,4,1618.5,702.32,0.05,Second Class,Net Banking,Not Returned,1
O06926,C0282,P1130,12-06-2022,4,3173.95,1366.48,0.05,Standard Class,Net Banking,Not Returned,1
O00518,C1256,P1022,26-09-2023,8,411.52,-2.12,0.2,Same Day,UPI,Returned,3
O06928,C0296,P1038,10-03-2022,3,1455.59,74.28,0.3,First Class,Credit Card,Returned,9
O06929,C1217,P1060,07-04-2022,10,4865.76,1009.4,0.2,First Class,Net Banking,Not Returned,1
O06930,C0955,P1175,29-10-2022,10,6990.03,2045.81,0.1,First Class,Debit Card,Not Returned,10
O06931,C0384,P1184,19-07-2022,10,146.51,32.9,0.3,First Class,Net Banking,Not Returned,4
O04342,C1687,P1137,12-07-2023,4,346.75,-2,0.05,Standard Class,Credit Card,Not Returned,7
O03773,C1491,P1114,10-01-2024,1,119.84,-1.96,0.3,Same Day,Credit Card,Returned,12
O06935,C0475,P1121,21-09-2023,8,3720.1,1559.36,0.1,Standard Class,Net Banking,Returned,11
O06936,C1079,P1162,02-11-2023,7,246.02,79.44,0.1,Same Day,Debit Card,Returned,11
O02161,C0549,P1079,14-02-2022,6,764.98,-1.95,0.2,Standard Class,Debit Card,Returned,7
O06938,C0252,P1097,10-05-2023,6,1788.86,398.43,0.3,Same Day,Debit Card,Not Returned,8
O03392,C1273,P1171,21-04-2022,5,123.8,-1.67,0.1,First Class,Net Banking,Returned,9
O06940,C2397,P1179,26-12-2022,10,752.96,84.18,0.2,Second Class,Cash on Delivery,Returned,7
O06941,C1729,P1040,04-09-2022,3,1028.67,148.04,0.1,Standard Class,Credit Card,Not Returned,7
O00091,C2334,P1119,25-10-2023,1,349.58,-1.6,0.3,Same Day,Debit Card,Returned,3
O06943,C0449,P1010,10-08-2023,6,3358.61,914.76,0.2,Standard Class,Cash on Delivery,Not Returned,11
O06944,C1973,P1142,22-05-2022,7,3008.31,1240.46,0.1,Standard Class,Cash on Delivery,Not Returned,6
O05981,C1517,P1080,02-12-2023,1,67.24,-1.6,0.1,Standard Class,Credit Card,Not Returned,1
O06946,C2340,P1149,02-06-2023,10,888.1,383.2,0,Same Day,Cash on Delivery,Returned,9
O06590,C0581,P1137,25-06-2023,4,346.75,-1.52,0,Same Day,Credit Card,Returned,9
O01396,C1978,P1146,27-03-2024,1,344.3,-1.42,0.2,Standard Class,Cash on Delivery,Returned,3
O03904,C2451,P1006,12-06-2023,8,223.59,-1.33,0.05,Standard Class,Net Banking,Returned,11
O06950,C0165,P1142,04-03-2022,2,811.77,287.45,0.15,Standard Class,Cash on Delivery,Returned,10
O06951,C1361,P1103,04-04-2022,1,226.16,12.41,0.05,Same Day,Credit Card,Not Returned,5
O06952,C0071,P1183,28-01-2022,5,1171.45,448.02,0,Same Day,Credit Card,Not Returned,3
O06953,C2249,P1098,14-02-2023,5,1521.71,116.01,0.05,First Class,Cash on Delivery,Returned,9
O06955,C2474,P1098,17-09-2022,6,1729.94,31.61,0,Standard Class,Net Banking,Not Returned,10
O06956,C1814,P1048,30-04-2022,,4396.62,406.65,0.3,Standard Class,Debit Card,Not Returned,10
O06957,C0304,P1046,14-02-2022,5,2356.8,326.69,0.2,Second Class,Debit Card,Returned,3
O03118,C1682,P1045,18-11-2023,1,95.48,-1.2,0.1,Same Day,Debit Card,Returned,10
O06959,C1760,P1023,08-02-2022,7,449.79,2.88,0.2,Standard Class,Credit Card,Returned,9
O06960,C0771,P1112,22-05-2022,6,370.8,122.94,0,Same Day,Net Banking,Returned,11
O02341,C1982,P1162,29-05-2024,1,39.05,-1.15,0,Standard Class,Cash on Delivery,Returned,10
O06962,C1810,P1041,15-10-2023,10,4807.94,1837.32,0.15,Second Class,Cash on Delivery,Returned,12
O06963,C0527,P1165,04-02-2022,8,3711.37,432.37,0.15,Same Day,Cash on Delivery,Not Returned,12
O06964,C0150,P1135,21-10-2022,4,2247.96,596.55,0,Same Day,UPI,Not Returned,4
O06966,C0534,P1036,05-05-2024,3,1732.26,405.75,0.05,Same Day,Credit Card,Not Returned,7
O04006,C2376,P1184,09-09-2022,2,35.58,-1.13,0.15,Second Class,UPI,Returned,11
O04252,C1815,P1022,16-04-2022,1,61.08,-1.1,0.05,Second Class,UPI,Not Returned,10
O06969,C1602,P1005,18-03-2024,5,728.48,127.17,0.2,First Class,UPI,Returned,6
O06971,C1136,P1098,04-11-2023,4,1153.3,5.31,0.1,First Class,Debit Card,Returned,4
O06972,C2368,P1041,13-05-2024,5,1979.74,447.65,0.3,First Class,UPI,Returned,4
O03261,C0319,P1171,22-03-2023,10,233.84,-0.96,0.15,Standard Class,Cash on Delivery,Returned,10
O02054,C1559,P1037,13-04-2023,1,337.53,-0.95,0.3,First Class,Cash on Delivery,Returned,7
O06975,C2444,P1055,14-06-2024,4,2231.32,459.55,0.05,First Class,Debit Card,Returned,2
O06976,C2190,P1160,02-02-2022,5,3003.1,789.6,0.3,Standard Class,UPI,Returned,7
O06977,C2396,P1030,16-12-2023,8,5308.16,1331.39,0.2,Second Class,UPI,Returned,2
O06813,C2103,P1062,13-12-2022,9,103.03,-0.81,0.2,Second Class,Debit Card,Returned,9
O00593,C1276,P1103,23-02-2022,1,214.25,-0.76,0.1,First Class,Cash on Delivery,Returned,4
O06980,C0584,P1035,27-06-2022,1,198.84,52.94,0.1,Standard Class,Credit Card,Returned,10
O00601,C1584,P1022,12-07-2023,1,57.87,-0.62,0.1,First Class,Debit Card,Returned,10
O06982,C0180,P1085,24-10-2022,10,6047.76,1322.76,0.2,Standard Class,Credit Card,Returned,9
O06984,C2083,P1083,10-07-2023,1,193.97,34.07,0.1,Standard Class,Debit Card,Returned,4
O01027,C1477,P1155,24-05-2023,1,493.59,-0.62,0.15,Standard Class,Debit Card,Returned,7
O06986,C0552,P1151,05-09-2023,9,5818.1,2021.94,0.05,First Class,UPI,Returned,12
O06987,C1235,P1155,11-12-2023,7,3861.59,659.9,0.05,First Class,Debit Card,Returned,10
O06988,C2485,P1071,18-04-2024,10,2637,1231.72,0,Same Day,Net Banking,Returned,9
O06989,C0855,P1183,10-07-2023,,890.3,301.56,0.05,Second Class,Debit Card,Returned,1
O05676,C1853,P1109,26-07-2023,1,99.76,-0.46,0.15,Second Class,Cash on Delivery,Not Returned,12
O06991,C1534,P1058,04-04-2022,1,248.62,81.01,0.05,First Class,Cash on Delivery,Not Returned,7
O06992,C0882,P1120,19-03-2023,9,2520.86,541.05,0.2,First Class,Net Banking,Returned,8
O01975,C0338,P1171,30-03-2024,5,123.8,-0.19,0.1,Second Class,Credit Card,Returned,7
O06994,C2472,P1174,09-12-2022,1,426.09,59.04,0.1,Standard Class,Cash on Delivery,Returned,6
O06995,C2402,P1040,31-08-2023,3,1085.82,185.94,0.05,Same Day,Credit Card,Not Returned,12
O03248,C1335,P1152,16-10-2022,3,270.81,-0.18,0.1,Same Day,Net Banking,Returned,6
O00861,C1864,P1091,18-07-2023,5,2486.5,-0.16,0.15,Standard Class,Net Banking,Not Returned,10
O06998,C0287,P1070,22-12-2022,7,1898.11,177.12,0.3,First Class,Cash on Delivery,Not Returned,12
O01296,C1405,P1065,23-03-2024,1,175.86,-0.1,0.05,First Class,Net Banking,Not Returned,6
O07000,C0527,P1175,20-05-2024,10,6990.03,2073.34,0.1,Standard Class,Debit Card,Returned,10
